ISO-10303-21;
HEADER;
FILE_DESCRIPTION (( 'STEP AP214' ),
    '1' );
FILE_NAME ('686E0422250110E.STEP',
    '2023-05-01T19:46:00',
    ( '' ),
    ( '' ),
    'SwSTEP 2.0',
    'SolidWorks 2020',
    '' );
FILE_SCHEMA (( 'AUTOMOTIVE_DESIGN' ));
ENDSEC;

DATA;
#1 = ORIENTED_EDGE ( 'NONE', *, *, #3109, .F. ) ;
#2 = CARTESIAN_POINT ( 'NONE',  ( -0.2808548407539397385, 0.04527561499999999822, -0.03055453924445479183 ) ) ;
#3 = AXIS2_PLACEMENT_3D ( 'NONE', #2627, #466, #1057 ) ;
#4 = DIRECTION ( 'NONE',  ( 1.000000000000000000, 0.000000000000000000, 0.000000000000000000 ) ) ;
#5 = CARTESIAN_POINT ( 'NONE',  ( 0.2877954310000000460, 0.04133860499999999355, 1.762238766916914599E-17 ) ) ;
#6 = CARTESIAN_POINT ( 'NONE',  ( -0.06181105699999998176, -0.07223479225994784703, -0.05590554199999997476 ) ) ;
#7 = EDGE_LOOP ( 'NONE', ( #3153, #82, #2381, #6267, #4049, #5795, #1668, #2050, #477, #1430, #2790, #6289, #4191, #492, #6738, #1672, #3297, #794, #5489, #5320, #2582, #3964, #4663, #1295, #2527, #1, #2808, #2925, #5555, #1917, #2222 ) ) ;
#8 = VECTOR ( 'NONE', #2768, 39.37007874015748143 ) ;
#9 = EDGE_CURVE ( 'NONE', #2177, #2157, #766, .T. ) ;
#10 = DIRECTION ( 'NONE',  ( 0.000000000000000000, 0.000000000000000000, -1.000000000000000000 ) ) ;
#11 = ORIENTED_EDGE ( 'NONE', *, *, #1996, .T. ) ;
#12 = CARTESIAN_POINT ( 'NONE',  ( -0.1500000810000000073, -0.1220473100000000061, 0.02618111650000000748 ) ) ;
#13 = AXIS2_PLACEMENT_3D ( 'NONE', #6398, #2174, #5430 ) ;
#14 = DIRECTION ( 'NONE',  ( 0.000000000000000000, -1.000000000000000000, 0.000000000000000000 ) ) ;
#15 = EDGE_CURVE ( 'NONE', #3327, #3681, #1659, .T. ) ;
#16 = CARTESIAN_POINT ( 'NONE',  ( -0.1618111110000000352, -0.02952757499999999688, -0.05590554199999997476 ) ) ;
#17 = DIRECTION ( 'NONE',  ( 0.000000000000000000, 1.000000000000000000, -0.000000000000000000 ) ) ;
#18 = CARTESIAN_POINT ( 'NONE',  ( -0.2991982854340414777, 0.04330710999999999589, -0.01537541561588303025 ) ) ;
#19 = DIRECTION ( 'NONE',  ( 0.000000000000000000, 0.000000000000000000, 1.000000000000000000 ) ) ;
#20 = EDGE_CURVE ( 'NONE', #940, #3995, #5766, .T. ) ;
#21 = ORIENTED_EDGE ( 'NONE', *, *, #1542, .T. ) ;
#22 = LINE ( 'NONE', #2753, #2966 ) ;
#23 = CARTESIAN_POINT ( 'NONE',  ( -0.2789289382698492692, 0.04330710999999999589, -0.02122107148888135314 ) ) ;
#24 = ORIENTED_EDGE ( 'NONE', *, *, #6516, .F. ) ;
#25 = CARTESIAN_POINT ( 'NONE',  ( -0.2769094173692577820, 0.04527561499999999822, -0.002061689754786709492 ) ) ;
#26 = CARTESIAN_POINT ( 'NONE',  ( -0.3037238451804166184, 0.04527561499999999822, 0.02061520957055486269 ) ) ;
#27 = EDGE_LOOP ( 'NONE', ( #2697, #4499, #3901, #3142 ) ) ;
#28 = CARTESIAN_POINT ( 'NONE',  ( -0.2706698627550360170, 0.04330710999999998201, -0.01907942125413170792 ) ) ;
#29 = PLANE ( 'NONE',  #2293 ) ;
#30 = CARTESIAN_POINT ( 'NONE',  ( 0.2877954310000000460, -0.1003937550000000151, 1.762238766916914599E-17 ) ) ;
#31 = ORIENTED_EDGE ( 'NONE', *, *, #6897, .F. ) ;
#32 = CYLINDRICAL_SURFACE ( 'NONE', #3282, 0.05708664499999999142 ) ;
#33 = DIRECTION ( 'NONE',  ( -0.000000000000000000, 1.000000000000000000, -0.000000000000000000 ) ) ;
#34 = VERTEX_POINT ( 'NONE', #90 ) ;
#35 = CARTESIAN_POINT ( 'NONE',  ( -0.1618111110000000352, -0.02952757499999999688, -0.05590554199999997476 ) ) ;
#36 = LINE ( 'NONE', #5322, #5407 ) ;
#37 = CARTESIAN_POINT ( 'NONE',  ( -0.2955805427851438405, 0.04330710999999999589, -0.02280372807039395683 ) ) ;
#38 = CONICAL_SURFACE ( 'NONE', #6202, 0.05905515000000000070, 0.7853981633974496113 ) ;
#39 = ADVANCED_FACE ( 'NONE', ( #6182 ), #4577, .T. ) ;
#40 = FILL_AREA_STYLE ('',( #5945 ) ) ;
#41 = VERTEX_POINT ( 'NONE', #2869 ) ;
#42 = CONICAL_SURFACE ( 'NONE', #4649, 0.02952757500000001076, 1.439896632895325101 ) ;
#43 = CARTESIAN_POINT ( 'NONE',  ( 0.1500000810000000073, -0.1023622599999999966, 0.000000000000000000 ) ) ;
#44 = VECTOR ( 'NONE', #473, 39.37007874015748143 ) ;
#45 = CARTESIAN_POINT ( 'NONE',  ( 0.1500000810000000073, -0.1220473100000000061, 0.000000000000000000 ) ) ;
#46 = ORIENTED_EDGE ( 'NONE', *, *, #5593, .F. ) ;
#47 = FACE_OUTER_BOUND ( 'NONE', #532, .T. ) ;
#48 = FILL_AREA_STYLE ('',( #1172 ) ) ;
#49 = CARTESIAN_POINT ( 'NONE',  ( -0.2877954310000000460, 0.03346458500000000502, 1.762238766916914599E-17 ) ) ;
#50 = DIRECTION ( 'NONE',  ( -1.000000000000000000, 0.000000000000000000, 0.000000000000000000 ) ) ;
#51 = LENGTH_MEASURE_WITH_UNIT ( LENGTH_MEASURE( 0.02539999999999999897 ), #2708 );
#52 = CARTESIAN_POINT ( 'NONE',  ( -0.2769094173692577820, 0.04527561499999999822, -0.002061689754786709492 ) ) ;
#53 = VECTOR ( 'NONE', #2591, 39.37007874015748143 ) ;
#54 = ORIENTED_EDGE ( 'NONE', *, *, #2650, .T. ) ;
#55 = CARTESIAN_POINT ( 'NONE',  ( -0.2912238768000706135, 0.04330710999999999589, -0.006353602915748416194 ) ) ;
#56 = EDGE_CURVE ( 'NONE', #1867, #5386, #3434, .T. ) ;
#57 = CARTESIAN_POINT ( 'NONE',  ( -0.1618111110000000352, -0.07223479225994784703, -0.05590554199999997476 ) ) ;
#58 = CARTESIAN_POINT ( 'NONE',  ( -0.2831540687354286989, 0.04330710999999998895, -0.03122779463336004813 ) ) ;
#59 = ORIENTED_EDGE ( 'NONE', *, *, #2710, .F. ) ;
#60 = CARTESIAN_POINT ( 'NONE',  ( 0.2283465800000000212, -0.04527561499999999822, -0.06889767499999996381 ) ) ;
#61 = CARTESIAN_POINT ( 'NONE',  ( -0.3054127741390711970, 0.04527561499999999822, 0.01718333846491707992 ) ) ;
#62 = AXIS2_PLACEMENT_3D ( 'NONE', #4080, #6716, #1949 ) ;
#63 = PRODUCT_DEFINITION_SHAPE ( 'NONE', 'NONE',  #5218 ) ;
#64 = EDGE_LOOP ( 'NONE', ( #1635, #6003, #4007, #5128 ) ) ;
#65 = AXIS2_PLACEMENT_3D ( 'NONE', #3747, #3206, #3783 ) ;
#66 = DIRECTION ( 'NONE',  ( -0.000000000000000000, -1.000000000000000000, -0.000000000000000000 ) ) ;
#67 = VECTOR ( 'NONE', #2334, 39.37007874015748143 ) ;
#68 = CARTESIAN_POINT ( 'NONE',  ( -0.2976393227676831232, 0.04527561500000001210, 0.01721804999091686855 ) ) ;
#69 = VECTOR ( 'NONE', #1324, 39.37007874015748143 ) ;
#70 = SURFACE_SIDE_STYLE ('',( #4984 ) ) ;
#71 = VECTOR ( 'NONE', #2324, 39.37007874015748143 ) ;
#72 = SURFACE_STYLE_USAGE ( .BOTH. , #3793 ) ;
#73 = ORIENTED_EDGE ( 'NONE', *, *, #4469, .T. ) ;
#74 = SURFACE_STYLE_USAGE ( .BOTH. , #2729 ) ;
#75 = FACE_OUTER_BOUND ( 'NONE', #1941, .T. ) ;
#76 = VERTEX_POINT ( 'NONE', #810 ) ;
#77 = DIRECTION ( 'NONE',  ( 3.589081115641316436E-15, 0.000000000000000000, 1.000000000000000000 ) ) ;
#78 = LINE ( 'NONE', #4821, #2912 ) ;
#79 = CARTESIAN_POINT ( 'NONE',  ( -0.2877954310000000460, -0.04527561499999999822, 1.762238766916914599E-17 ) ) ;
#80 = ORIENTED_EDGE ( 'NONE', *, *, #2268, .T. ) ;
#81 = DIRECTION ( 'NONE',  ( 0.000000000000000000, 0.000000000000000000, 1.000000000000000000 ) ) ;
#82 = ORIENTED_EDGE ( 'NONE', *, *, #6631, .F. ) ;
#83 = CARTESIAN_POINT ( 'NONE',  ( -0.2877954310000000460, 0.04133860499999999355, 1.762238766916914599E-17 ) ) ;
#84 = CARTESIAN_POINT ( 'NONE',  ( -0.2753662103248589732, 0.04527561500000001210, 0.02567148723703508925 ) ) ;
#85 = CARTESIAN_POINT ( 'NONE',  ( 0.1381890510000000072, -0.04527561499999999822, -0.05590554199999997476 ) ) ;
#86 =( NAMED_UNIT ( * ) PLANE_ANGLE_UNIT ( ) SI_UNIT ( $, .RADIAN. ) );
#87 = CARTESIAN_POINT ( 'NONE',  ( 0.1618111109999999797, -0.07223479225994784703, 0.05595963274136995375 ) ) ;
#88 = AXIS2_PLACEMENT_3D ( 'NONE', #3255, #593, #1677 ) ;
#89 = EDGE_CURVE ( 'NONE', #3256, #2232, #5437, .T. ) ;
#90 = CARTESIAN_POINT ( 'NONE',  ( -0.2877954310000000460, 0.04527561499999999822, -0.05905514999999998682 ) ) ;
#91 = ADVANCED_FACE ( 'NONE', ( #2349 ), #1846, .T. ) ;
#92 = EDGE_CURVE ( 'NONE', #3804, #316, #5540, .T. ) ;
#93 = ADVANCED_FACE ( 'NONE', ( #1013 ), #3657, .T. ) ;
#94 = ADVANCED_FACE ( 'NONE', ( #3087 ), #5737, .F. ) ;
#95 = FACE_OUTER_BOUND ( 'NONE', #3115, .T. ) ;
#96 = CARTESIAN_POINT ( 'NONE',  ( -0.2879936252777913763, 0.04330710999999999589, -0.02479452030338303442 ) ) ;
#97 = ORIENTED_EDGE ( 'NONE', *, *, #2494, .T. ) ;
#98 = CARTESIAN_POINT ( 'NONE',  ( 0.2877954310000000460, -0.04527561499999999822, 1.762238766916914599E-17 ) ) ;
#99 = FACE_OUTER_BOUND ( 'NONE', #1237, .T. ) ;
#100 = ORIENTED_EDGE ( 'NONE', *, *, #1457, .F. ) ;
#101 = CARTESIAN_POINT ( 'NONE',  ( -0.2951948869907417561, 0.04330711000000000976, 0.01945403311107948494 ) ) ;
#102 = DIRECTION ( 'NONE',  ( 0.000000000000000000, -1.000000000000000000, 0.000000000000000000 ) ) ;
#103 = CARTESIAN_POINT ( 'NONE',  ( 0.1500000810000000073, 0.04138823600355093918, 0.000000000000000000 ) ) ;
#104 = ORIENTED_EDGE ( 'NONE', *, *, #2352, .F. ) ;
#105 = DIRECTION ( 'NONE',  ( 0.000000000000000000, -1.000000000000000000, 0.000000000000000000 ) ) ;
#106 = DIRECTION ( 'NONE',  ( 0.000000000000000000, 0.000000000000000000, -1.000000000000000000 ) ) ;
#107 = EDGE_LOOP ( 'NONE', ( #563, #4929, #1692, #3135 ) ) ;
#108 = CARTESIAN_POINT ( 'NONE',  ( 0.3008564521962766025, 0.04527561499999999822, 0.02812502969661697175 ) ) ;
#109 = PRESENTATION_LAYER_ASSIGNMENT (  '', '', ( #3126 ) ) ;
#110 = CARTESIAN_POINT ( 'NONE',  ( -0.05000002699999999550, -0.02952757499999999688, 0.05714073574136996347 ) ) ;
#111 = ORIENTED_EDGE ( 'NONE', *, *, #1761, .F. ) ;
#112 = CIRCLE ( 'NONE', #4940, 0.003937010000000002070 ) ;
#113 = PRESENTATION_LAYER_ASSIGNMENT (  '', '', ( #2231 ) ) ;
#114 = DIRECTION ( 'NONE',  ( -0.000000000000000000, 1.000000000000000000, -0.000000000000000000 ) ) ;
#115 = ORIENTED_EDGE ( 'NONE', *, *, #6681, .T. ) ;
#116 =( NAMED_UNIT ( * ) SI_UNIT ( $, .STERADIAN. ) SOLID_ANGLE_UNIT ( ) );
#117 = STYLED_ITEM ( 'NONE', ( #2934 ), #5758 ) ;
#118 = DIRECTION ( 'NONE',  ( -1.000000000000000000, 0.000000000000000000, 0.000000000000000000 ) ) ;
#119 = CARTESIAN_POINT ( 'NONE',  ( -0.2894076893402914297, 0.04527561499999999822, 0.0007065671966169690841 ) ) ;
#120 = VECTOR ( 'NONE', #1383, 39.37007874015748143 ) ;
#121 = CYLINDRICAL_SURFACE ( 'NONE', #2205, 0.02618111650000000748 ) ;
#122 = CARTESIAN_POINT ( 'NONE',  ( 0.2877954310000000460, 0.04527561499999999822, 0.08661422212598424153 ) ) ;
#123 = CARTESIAN_POINT ( 'NONE',  ( 0.3074234615712765906, 0.04330710999999999589, 0.02812502969661697175 ) ) ;
#124 = AXIS2_PLACEMENT_3D ( 'NONE', #6, #6393, #497 ) ;
#125 = PLANE ( 'NONE',  #3715 ) ;
#126 = VECTOR ( 'NONE', #1280, 39.37007874015748143 ) ;
#127 = ORIENTED_EDGE ( 'NONE', *, *, #4554, .F. ) ;
#128 = DIRECTION ( 'NONE',  ( -0.000000000000000000, -0.000000000000000000, -1.000000000000000000 ) ) ;
#129 = CARTESIAN_POINT ( 'NONE',  ( -0.2723973472798833506, 0.04527561499999996353, -0.02344719820174155991 ) ) ;
#130 = EDGE_CURVE ( 'NONE', #5624, #2244, #5201, .T. ) ;
#131 = ORIENTED_EDGE ( 'NONE', *, *, #3423, .F. ) ;
#132 = DIRECTION ( 'NONE',  ( 0.000000000000000000, 1.000000000000000000, 0.000000000000000000 ) ) ;
#133 = EDGE_CURVE ( 'NONE', #5575, #4374, #5942, .T. ) ;
#134 = ORIENTED_EDGE ( 'NONE', *, *, #1540, .T. ) ;
#135 = FILL_AREA_STYLE ('',( #4037 ) ) ;
#136 = DIRECTION ( 'NONE',  ( -0.000000000000000000, 1.000000000000000000, -0.000000000000000000 ) ) ;
#137 = DIRECTION ( 'NONE',  ( -0.000000000000000000, -0.000000000000000000, -1.000000000000000000 ) ) ;
#138 = EDGE_LOOP ( 'NONE', ( #5726, #131, #3807, #3898 ) ) ;
#139 = CARTESIAN_POINT ( 'NONE',  ( -0.1500000810000000073, -0.1023622599999999966, 0.000000000000000000 ) ) ;
#140 = LENGTH_MEASURE_WITH_UNIT ( LENGTH_MEASURE( 0.02539999999999999897 ), #4955 );
#141 = ORIENTED_EDGE ( 'NONE', *, *, #3219, .T. ) ;
#142 = CARTESIAN_POINT ( 'NONE',  ( -0.2987778948085572095, 0.04527561499999999822, -0.01197544858108255846 ) ) ;
#143 = ORIENTED_EDGE ( 'NONE', *, *, #1465, .T. ) ;
#144 = CARTESIAN_POINT ( 'NONE',  ( 0.2877954310000000460, 0.03740159499999999582, 1.762238766916914599E-17 ) ) ;
#145 = ORIENTED_EDGE ( 'NONE', *, *, #2262, .T. ) ;
#146 = EDGE_LOOP ( 'NONE', ( #2553, #6759, #2963, #4123, #1724, #4147, #5927, #5154, #6647, #3303, #4473, #5429, #3934, #1573, #115, #4963 ) ) ;
#147 = FACE_OUTER_BOUND ( 'NONE', #4301, .T. ) ;
#148 = AXIS2_PLACEMENT_3D ( 'NONE', #2574, #475, #2602 ) ;
#149 = CARTESIAN_POINT ( 'NONE',  ( -0.2939879638473605894, 0.04527561499999999822, -0.0007063738470592794295 ) ) ;
#150 = FACE_OUTER_BOUND ( 'NONE', #6563, .T. ) ;
#151 = PLANE ( 'NONE',  #3353 ) ;
#152 = MECHANICAL_DESIGN_GEOMETRIC_PRESENTATION_REPRESENTATION (  '', ( #4319 ), #2726 ) ;
#153 = CIRCLE ( 'NONE', #2048, 0.003937009999999999468 ) ;
#154 = VECTOR ( 'NONE', #1699, 39.37007874015748143 ) ;
#155 = CARTESIAN_POINT ( 'NONE',  ( -0.2283465799999999102, -0.02952757499999999688, -0.06889767500000000544 ) ) ;
#156 = ORIENTED_EDGE ( 'NONE', *, *, #4735, .T. ) ;
#157 = FACE_OUTER_BOUND ( 'NONE', #1807, .T. ) ;
#158 = CARTESIAN_POINT ( 'NONE',  ( -0.2700541854340414716, 0.04330710999999999589, -0.01405722030338302925 ) ) ;
#159 = VECTOR ( 'NONE', #3432, 39.37007874015748143 ) ;
#160 = VERTEX_POINT ( 'NONE', #396 ) ;
#161 = DIRECTION ( 'NONE',  ( 0.000000000000000000, 0.000000000000000000, 1.000000000000000000 ) ) ;
#162 = CARTESIAN_POINT ( 'NONE',  ( -0.2782956660228652623, 0.04527561499999999128, -0.02037011066956540342 ) ) ;
#163 = ORIENTED_EDGE ( 'NONE', *, *, #2865, .T. ) ;
#164 = AXIS2_PLACEMENT_3D ( 'NONE', #4361, #132, #2299 ) ;
#165 = DIRECTION ( 'NONE',  ( 0.000000000000000000, -1.000000000000000000, 0.000000000000000000 ) ) ;
#166 = PRESENTATION_STYLE_ASSIGNMENT (( #2198 ) ) ;
#167 = AXIS2_PLACEMENT_3D ( 'NONE', #4397, #3284, #2723 ) ;
#168 = DIRECTION ( 'NONE',  ( 0.000000000000000000, 0.000000000000000000, -1.000000000000000000 ) ) ;
#169 = AXIS2_PLACEMENT_3D ( 'NONE', #4806, #2220, #5408 ) ;
#170 = ORIENTED_EDGE ( 'NONE', *, *, #727, .T. ) ;
#171 = EDGE_CURVE ( 'NONE', #5386, #6129, #1674, .T. ) ;
#172 = CARTESIAN_POINT ( 'NONE',  ( 0.2877954310000000460, -0.04527561499999999822, -0.09055122999999992706 ) ) ;
#173 = CARTESIAN_POINT ( 'NONE',  ( 0.2877954310000000460, 0.04133860499999999355, 0.05511814000000001684 ) ) ;
#174 = ORIENTED_EDGE ( 'NONE', *, *, #4003, .F. ) ;
#175 = VECTOR ( 'NONE', #6462, 39.37007874015748143 ) ;
#176 = FACE_OUTER_BOUND ( 'NONE', #2105, .T. ) ;
#177 = EDGE_CURVE ( 'NONE', #6287, #1038, #5163, .T. ) ;
#178 = EDGE_CURVE ( 'NONE', #1401, #2633, #5285, .T. ) ;
#179 = ORIENTED_EDGE ( 'NONE', *, *, #3423, .T. ) ;
#180 = DIRECTION ( 'NONE',  ( 0.000000000000000000, 0.000000000000000000, 1.000000000000000000 ) ) ;
#181 = AXIS2_PLACEMENT_3D ( 'NONE', #2373, #2475, #4146 ) ;
#182 = EDGE_LOOP ( 'NONE', ( #3679, #425, #3016, #54 ) ) ;
#183 = CARTESIAN_POINT ( 'NONE',  ( -0.1618111110000000352, -0.07223479225994784703, -0.06889767499999997769 ) ) ;
#184 = CYLINDRICAL_SURFACE ( 'NONE', #1510, 0.05708664499999999142 ) ;
#185 = DIRECTION ( 'NONE',  ( -1.000000000000000000, 0.000000000000000000, 0.000000000000000000 ) ) ;
#186 = CARTESIAN_POINT ( 'NONE',  ( -0.2879936252777913763, 0.04527561499999999822, -0.02479452030338303442 ) ) ;
#187 = DIRECTION ( 'NONE',  ( 0.000000000000000000, 0.000000000000000000, 1.000000000000000000 ) ) ;
#188 = DIRECTION ( 'NONE',  ( 0.000000000000000000, -1.000000000000000000, 0.000000000000000000 ) ) ;
#189 = DIRECTION ( 'NONE',  ( 0.000000000000000000, 0.000000000000000000, 1.000000000000000000 ) ) ;
#190 = DIRECTION ( 'NONE',  ( -0.000000000000000000, 1.000000000000000000, -0.000000000000000000 ) ) ;
#191 = FACE_OUTER_BOUND ( 'NONE', #6678, .T. ) ;
#192 = VERTEX_POINT ( 'NONE', #6252 ) ;
#193 = ADVANCED_BREP_SHAPE_REPRESENTATION ( '686E0422250110E', ( #5748, #1615, #6171, #6253, #3850, #3921, #1528, #3874, #1514, #1954 ), #3414 ) ;
#194 = CARTESIAN_POINT ( 'NONE',  ( -0.3046523795580801108, 0.04330710999999999589, 0.01895763536709793237 ) ) ;
#195 = CARTESIAN_POINT ( 'NONE',  ( -0.2283465799999999102, -0.02952757499999999688, 0.06889767499999997769 ) ) ;
#196 = EDGE_LOOP ( 'NONE', ( #1983, #2260, #6178, #2705 ) ) ;
#197 = FACE_OUTER_BOUND ( 'NONE', #1372, .T. ) ;
#198 = DIRECTION ( 'NONE',  ( 0.000000000000000000, 0.000000000000000000, -1.000000000000000000 ) ) ;
#199 = DIMENSIONAL_EXPONENTS ( 1.000000000000000000, 0.000000000000000000, 0.000000000000000000, 0.000000000000000000, 0.000000000000000000, 0.000000000000000000, 0.000000000000000000 ) ;
#200 = EDGE_LOOP ( 'NONE', ( #4030, #2682 ) ) ;
#201 = CARTESIAN_POINT ( 'NONE',  ( -0.2283465799999999102, -0.04527561499999999822, 0.06889767499999997769 ) ) ;
#202 = FACE_OUTER_BOUND ( 'NONE', #107, .T. ) ;
#203 = CLOSED_SHELL ( 'NONE', ( #4195, #4179, #5021, #5714, #365, #607, #1157, #2394, #6780, #91, #6396, #4562, #2311, #3438, #5724, #1119, #2448, #6595, #5228, #1022, #2779, #3958, #5717 ) ) ;
#204 = VERTEX_POINT ( 'NONE', #2094 ) ;
#205 = DIRECTION ( 'NONE',  ( 0.000000000000000000, 0.000000000000000000, 1.000000000000000000 ) ) ;
#206 = ORIENTED_EDGE ( 'NONE', *, *, #6713, .T. ) ;
#207 = CARTESIAN_POINT ( 'NONE',  ( -0.2987778948085572095, 0.04330710999999999589, -0.01197544858108255846 ) ) ;
#208 = EDGE_CURVE ( 'NONE', #160, #2618, #3580, .T. ) ;
#209 = ORIENTED_EDGE ( 'NONE', *, *, #608, .T. ) ;
#210 = DIRECTION ( 'NONE',  ( 0.000000000000000000, 0.000000000000000000, 1.000000000000000000 ) ) ;
#211 = EDGE_CURVE ( 'NONE', #1101, #1867, #4448, .T. ) ;
#212 = ORIENTED_EDGE ( 'NONE', *, *, #5550, .F. ) ;
#213 = EDGE_CURVE ( 'NONE', #192, #2154, #5970, .T. ) ;
#214 = DIRECTION ( 'NONE',  ( 0.000000000000000000, 0.000000000000000000, 1.000000000000000000 ) ) ;
#215 = AXIS2_PLACEMENT_3D ( 'NONE', #3399, #5566, #1341 ) ;
#216 = CARTESIAN_POINT ( 'NONE',  ( -0.2976000362779577246, 0.04527561499999999128, -0.02077281745102719027 ) ) ;
#217 = CARTESIAN_POINT ( 'NONE',  ( -0.1000000540000000188, -0.1023622599999999966, -0.02754781910342992898 ) ) ;
#218 = CYLINDRICAL_SURFACE ( 'NONE', #6830, 0.05708664499999999142 ) ;
#219 = CIRCLE ( 'NONE', #448, 0.05708664500000000530 ) ;
#220 = CARTESIAN_POINT ( 'NONE',  ( -0.2773116158182962199, 0.04330710999999999589, 0.02685071639206850977 ) ) ;
#221 = DIRECTION ( 'NONE',  ( 1.000000000000000000, 0.000000000000000000, 0.000000000000000000 ) ) ;
#222 = CARTESIAN_POINT ( 'NONE',  ( -0.2283465799999999102, -0.02952757499999999688, -0.06889767500000000544 ) ) ;
#223 = PRESENTATION_LAYER_ASSIGNMENT (  '', '', ( #3465 ) ) ;
#224 = ADVANCED_FACE ( 'NONE', ( #4882 ), #2270, .F. ) ;
#225 = DIRECTION ( 'NONE',  ( 0.000000000000000000, 0.1305261922200484370, -0.9914448613738109373 ) ) ;
#226 = DIRECTION ( 'NONE',  ( 0.000000000000000000, 0.000000000000000000, -1.000000000000000000 ) ) ;
#227 = AXIS2_PLACEMENT_3D ( 'NONE', #1534, #2614, #6893 ) ;
#228 = EDGE_CURVE ( 'NONE', #2642, #2177, #6484, .T. ) ;
#229 = EDGE_LOOP ( 'NONE', ( #2979, #2317, #528, #2731 ) ) ;
#230 = SURFACE_SIDE_STYLE ('',( #790 ) ) ;
#231 = CARTESIAN_POINT ( 'NONE',  ( -0.1500000810000000073, -0.1220473100000000061, 0.03937010000000001203 ) ) ;
#232 = VECTOR ( 'NONE', #3034, 39.37007874015748143 ) ;
#233 = VERTEX_POINT ( 'NONE', #1715 ) ;
#234 = EDGE_CURVE ( 'NONE', #5221, #5824, #6520, .T. ) ;
#235 = SURFACE_SIDE_STYLE ('',( #4424 ) ) ;
#236 = ORIENTED_EDGE ( 'NONE', *, *, #1024, .T. ) ;
#237 =( GEOMETRIC_REPRESENTATION_CONTEXT ( 3 ) GLOBAL_UNCERTAINTY_ASSIGNED_CONTEXT ( ( #6180 ) ) GLOBAL_UNIT_ASSIGNED_CONTEXT ( ( #583, #1663, #622 ) ) REPRESENTATION_CONTEXT ( 'NONE', 'WORKASPACE' ) );
#238 =( NAMED_UNIT ( * ) PLANE_ANGLE_UNIT ( ) SI_UNIT ( $, .RADIAN. ) );
#239 = ADVANCED_FACE ( 'NONE', ( #6004 ), #666, .T. ) ;
#240 = CARTESIAN_POINT ( 'NONE',  ( 0.2877954310000000460, -0.04527561499999999822, -0.09055122999999992706 ) ) ;
#241 = CARTESIAN_POINT ( 'NONE',  ( -0.2877954310000000460, 0.04527561499999999822, -0.08661422212598421377 ) ) ;
#242 = ORIENTED_EDGE ( 'NONE', *, *, #5841, .F. ) ;
#243 = DIRECTION ( 'NONE',  ( 0.000000000000000000, 1.715436245665362468E-13, 1.000000000000000000 ) ) ;
#244 = ORIENTED_EDGE ( 'NONE', *, *, #6257, .T. ) ;
#245 = CARTESIAN_POINT ( 'NONE',  ( -0.2972689268402914364, 0.04527561499999999822, -0.009383618740883028359 ) ) ;
#246 = EDGE_LOOP ( 'NONE', ( #2944, #5491, #4000, #5098 ) ) ;
#247 = LINE ( 'NONE', #2380, #5668 ) ;
#248 = ADVANCED_FACE ( 'NONE', ( #5457 ), #2657, .F. ) ;
#249 = VERTEX_POINT ( 'NONE', #2692 ) ;
#250 = CARTESIAN_POINT ( 'NONE',  ( -0.2795249734694338906, 0.04527561500000001904, 0.02042636375934870838 ) ) ;
#251 = CARTESIAN_POINT ( 'NONE',  ( -0.2938058132405368950, 0.04527561499999999822, -0.02378756751205072378 ) ) ;
#252 = DIRECTION ( 'NONE',  ( -0.000000000000000000, -1.000000000000000000, -0.000000000000000000 ) ) ;
#253 = EDGE_CURVE ( 'NONE', #6331, #6541, #2608, .T. ) ;
#254 = CARTESIAN_POINT ( 'NONE',  ( -0.2952736893910145044, 0.04330710999999999589, -0.001207529908139055646 ) ) ;
#255 = CARTESIAN_POINT ( 'NONE',  ( -0.2881973463715414296, 0.04330710999999999589, -0.03169707030338302783 ) ) ;
#256 = CARTESIAN_POINT ( 'NONE',  ( -0.2794654835285821926, 0.04330710999999999589, 0.02778637543542661001 ) ) ;
#257 = CARTESIAN_POINT ( 'NONE',  ( -0.2877954310000000460, -0.09251973500000004735, 0.05905515000000002152 ) ) ;
#258 = CARTESIAN_POINT ( 'NONE',  ( -0.2746558854340414579, 0.04330710999999999589, 0.01187527657161697135 ) ) ;
#259 = DIRECTION ( 'NONE',  ( 0.000000000000000000, 0.000000000000000000, -1.000000000000000000 ) ) ;
#260 = DIRECTION ( 'NONE',  ( -0.000000000000000000, 1.000000000000000000, -0.000000000000000000 ) ) ;
#261 = ORIENTED_EDGE ( 'NONE', *, *, #3736, .T. ) ;
#262 = EDGE_CURVE ( 'NONE', #2476, #5092, #529, .T. ) ;
#263 = FACE_OUTER_BOUND ( 'NONE', #4185, .T. ) ;
#264 = CARTESIAN_POINT ( 'NONE',  ( 0.2877954310000000460, 0.04527561499999999822, -0.05905514999999998682 ) ) ;
#265 = ORIENTED_EDGE ( 'NONE', *, *, #4041, .T. ) ;
#266 = CARTESIAN_POINT ( 'NONE',  ( -0.3046523795580801108, 0.04527561499999997741, 0.01895763536709793237 ) ) ;
#267 = AXIS2_PLACEMENT_3D ( 'NONE', #6503, #3890, #3341 ) ;
#268 = ORIENTED_EDGE ( 'NONE', *, *, #1711, .F. ) ;
#269 = PRESENTATION_LAYER_ASSIGNMENT (  '', '', ( #3636 ) ) ;
#270 = EDGE_CURVE ( 'NONE', #6374, #192, #4815, .T. ) ;
#271 =( GEOMETRIC_REPRESENTATION_CONTEXT ( 3 ) GLOBAL_UNCERTAINTY_ASSIGNED_CONTEXT ( ( #6311 ) ) GLOBAL_UNIT_ASSIGNED_CONTEXT ( ( #2874, #6767, #5703 ) ) REPRESENTATION_CONTEXT ( 'NONE', 'WORKASPACE' ) );
#272 = DIRECTION ( 'NONE',  ( -1.000000000000000000, 0.000000000000000000, -0.000000000000000000 ) ) ;
#273 = B_SPLINE_CURVE_WITH_KNOTS ( 'NONE', 3,
 ( #1665, #5480, #3820, #6538, #2679, #656, #1633, #4908, #2786, #5511, #2644 ),
 .UNSPECIFIED., .F., .F.,
 ( 4, 1, 1, 1, 1, 1, 1, 1, 4 ),
 ( 0.000000000000000000, 0.1337850715093823195, 0.2593853989987148223, 0.3808217004101795422, 0.4995309368699209496, 0.6183575741441211804, 0.7398956903217189796, 0.8662956414442514186, 1.000000000000000000 ),
 .UNSPECIFIED. ) ;
#274 = LINE ( 'NONE', #240, #1970 ) ;
#275 = LINE ( 'NONE', #6680, #4784 ) ;
#276 = EDGE_LOOP ( 'NONE', ( #458, #1060, #4643 ) ) ;
#277 = CIRCLE ( 'NONE', #1395, 0.03937010000000001203 ) ;
#278 = DIRECTION ( 'NONE',  ( -0.9922778767136677391, 0.000000000000000000, 0.1240347345892084674 ) ) ;
#279 = VERTEX_POINT ( 'NONE', #4299 ) ;
#280 = PRESENTATION_STYLE_ASSIGNMENT (( #3885 ) ) ;
#281 = B_SPLINE_SURFACE_WITH_KNOTS ( 'NONE', 3, 1, ( 
 ( #6315, #1636 ),
 ( #4083, #25 ),
 ( #1502, #5733 ),
 ( #6249, #6439 ),
 ( #4610, #4152 ),
 ( #358, #944 ),
 ( #2521, #1471 ),
 ( #1918, #5767 ),
 ( #6793, #5177 ),
 ( #878, #6285 ),
 ( #3618, #2155 ) ),
 .UNSPECIFIED., .F., .F., .F.,
 ( 4, 1, 1, 1, 1, 1, 1, 1, 4 ),
 ( 2, 2 ),
 ( 0.000000000000000000, 0.1337850715093823195, 0.2593853989987148223, 0.3808217004101795422, 0.4995309368699209496, 0.6183575741441211804, 0.7398956903217189796, 0.8662956414442514186, 1.000000000000000000 ),
 ( 0.000000000000000000, 1.000000000000000000 ),
 .UNSPECIFIED. ) ;
#282 = ORIENTED_EDGE ( 'NONE', *, *, #2134, .T. ) ;
#283 = FACE_OUTER_BOUND ( 'NONE', #2500, .T. ) ;
#284 = UNCERTAINTY_MEASURE_WITH_UNIT (LENGTH_MEASURE( 1.000000000000000082E-05 ), #4081, 'distance_accuracy_value', 'NONE');
#285 = ORIENTED_EDGE ( 'NONE', *, *, #822, .F. ) ;
#286 = STYLED_ITEM ( 'NONE', ( #6616 ), #6628 ) ;
#287 = DIRECTION ( 'NONE',  ( 0.000000000000000000, -1.000000000000000000, 0.000000000000000000 ) ) ;
#288 = AXIS2_PLACEMENT_3D ( 'NONE', #6126, #6159, #4484 ) ;
#289 =( LENGTH_UNIT ( ) NAMED_UNIT ( * ) SI_UNIT ( $, .METRE. ) );
#290 = EDGE_LOOP ( 'NONE', ( #2184, #1329 ) ) ;
#291 = CARTESIAN_POINT ( 'NONE',  ( -0.05000002699999999550, -0.04527561499999999822, 5.409074136996869648E-05 ) ) ;
#292 = MECHANICAL_DESIGN_GEOMETRIC_PRESENTATION_REPRESENTATION (  '', ( #3310 ), #4002 ) ;
#293 = STYLED_ITEM ( 'NONE', ( #870 ), #1028 ) ;
#294 = CARTESIAN_POINT ( 'NONE',  ( -0.2939879638473605894, 0.04330710999999999589, -0.0007063738470592794295 ) ) ;
#295 = DIRECTION ( 'NONE',  ( -0.000000000000000000, -1.000000000000000000, -0.000000000000000000 ) ) ;
#296 = CARTESIAN_POINT ( 'NONE',  ( -0.2877954310000000460, 0.03346458500000000502, -0.07086617999999994533 ) ) ;
#297 = B_SPLINE_CURVE_WITH_KNOTS ( 'NONE', 3,
 ( #6369, #52, #5857, #1034, #1099, #3235, #2183, #6467, #5274, #441, #2575 ),
 .UNSPECIFIED., .F., .F.,
 ( 4, 1, 1, 1, 1, 1, 1, 1, 4 ),
 ( 0.000000000000000000, 0.1337850715093823195, 0.2593853989987148223, 0.3808217004101795422, 0.4995309368699209496, 0.6183575741441211804, 0.7398956903217189796, 0.8662956414442514186, 1.000000000000000000 ),
 .UNSPECIFIED. ) ;
#298 = CIRCLE ( 'NONE', #3533, 0.05905515000000000070 ) ;
#299 = CARTESIAN_POINT ( 'NONE',  ( -0.2877954309999999349, -0.02952757499999999688, 1.762238766916914599E-17 ) ) ;
#300 = DIRECTION ( 'NONE',  ( 0.000000000000000000, 0.000000000000000000, 1.000000000000000000 ) ) ;
#301 = PRESENTATION_LAYER_ASSIGNMENT (  '', '', ( #6240 ) ) ;
#302 = CARTESIAN_POINT ( 'NONE',  ( 0.1500000810000000073, -0.1023622599999999966, 0.000000000000000000 ) ) ;
#303 = ORIENTED_EDGE ( 'NONE', *, *, #3510, .T. ) ;
#304 = CARTESIAN_POINT ( 'NONE',  ( -0.2968698789541462935, 0.04330710999999999589, 0.02682747228110679560 ) ) ;
#305 = DIRECTION ( 'NONE',  ( 1.000000000000000000, 0.000000000000000000, 0.000000000000000000 ) ) ;
#306 = LINE ( 'NONE', #2924, #346 ) ;
#307 = CARTESIAN_POINT ( 'NONE',  ( -0.2772590071254081301, 0.04330710999999998895, 0.005468984555864810429 ) ) ;
#308 = CARTESIAN_POINT ( 'NONE',  ( -0.2875578546855666606, 0.04330710999999998895, -0.02478496819669168127 ) ) ;
#309 = ADVANCED_FACE ( 'NONE', ( #5387 ), #32, .F. ) ;
#310 = VERTEX_POINT ( 'NONE', #2309 ) ;
#311 = EDGE_CURVE ( 'NONE', #6476, #1398, #3629, .T. ) ;
#312 = EDGE_CURVE ( 'NONE', #3537, #2675, #3359, .T. ) ;
#313 = CARTESIAN_POINT ( 'NONE',  ( -0.2861688003128193825, 0.04527561500000000516, -0.005038782046647646146 ) ) ;
#314 = ORIENTED_EDGE ( 'NONE', *, *, #2360, .T. ) ;
#315 =( NAMED_UNIT ( * ) PLANE_ANGLE_UNIT ( ) SI_UNIT ( $, .RADIAN. ) );
#316 = VERTEX_POINT ( 'NONE', #6042 ) ;
#317 = LINE ( 'NONE', #3683, #5676 ) ;
#318 = DIRECTION ( 'NONE',  ( 0.000000000000000000, -1.000000000000000000, 0.000000000000000000 ) ) ;
#319 = EDGE_LOOP ( 'NONE', ( #3101, #1791, #3175 ) ) ;
#320 = DIRECTION ( 'NONE',  ( -0.000000000000000000, 1.000000000000000000, -0.000000000000000000 ) ) ;
#321 = ORIENTED_EDGE ( 'NONE', *, *, #1040, .T. ) ;
#322 = CARTESIAN_POINT ( 'NONE',  ( -0.1500000810000000073, -0.02952757499999999688, -5.409074136996869648E-05 ) ) ;
#323 = LINE ( 'NONE', #5739, #6706 ) ;
#324 = VERTEX_POINT ( 'NONE', #172 ) ;
#325 = LENGTH_MEASURE_WITH_UNIT ( LENGTH_MEASURE( 0.02539999999999999897 ), #4540 );
#326 = EDGE_CURVE ( 'NONE', #5526, #3350, #4095, .T. ) ;
#327 = CARTESIAN_POINT ( 'NONE',  ( -0.2877954310000000460, 0.04133860712598425718, 0.09055122999999995481 ) ) ;
#328 = DIRECTION ( 'NONE',  ( -0.000000000000000000, -1.000000000000000000, -0.000000000000000000 ) ) ;
#329 =( LENGTH_UNIT ( ) NAMED_UNIT ( * ) SI_UNIT ( $, .METRE. ) );
#330 = LINE ( 'NONE', #5190, #71 ) ;
#331 =( LENGTH_UNIT ( ) NAMED_UNIT ( * ) SI_UNIT ( $, .METRE. ) );
#332 = AXIS2_PLACEMENT_3D ( 'NONE', #3128, #5329, #5302 ) ;
#333 = CARTESIAN_POINT ( 'NONE',  ( -0.2877954310000000460, 0.04133860712598422249, -0.09055122999999995481 ) ) ;
#334 = CARTESIAN_POINT ( 'NONE',  ( 0.1618111110000000352, -0.04527561499999999822, -0.05590554199999997476 ) ) ;
#335 = VERTEX_POINT ( 'NONE', #2495 ) ;
#336 = CARTESIAN_POINT ( 'NONE',  ( -0.2283465799999999102, -0.04527561499999999822, -0.06889767500000000544 ) ) ;
#337 = CIRCLE ( 'NONE', #4157, 0.05905515000000000070 ) ;
#338 = CARTESIAN_POINT ( 'NONE',  ( -0.05000002700000000244, -0.1811024599999999929, -0.02618111650000000054 ) ) ;
#339 = DIRECTION ( 'NONE',  ( -0.000000000000000000, -1.000000000000000000, -0.000000000000000000 ) ) ;
#340 = DIRECTION ( 'NONE',  ( -0.000000000000000000, -1.000000000000000000, -0.000000000000000000 ) ) ;
#341 = CARTESIAN_POINT ( 'NONE',  ( 0.03818899699999998842, -0.02952757499999999688, -0.05590554199999997476 ) ) ;
#342 = CARTESIAN_POINT ( 'NONE',  ( -0.2812810786067168611, 0.04330710999999999589, -0.02322217958173399335 ) ) ;
#343 = VERTEX_POINT ( 'NONE', #3024 ) ;
#344 = STYLED_ITEM ( 'NONE', ( #4238 ), #1538 ) ;
#345 =( GEOMETRIC_REPRESENTATION_CONTEXT ( 3 ) GLOBAL_UNCERTAINTY_ASSIGNED_CONTEXT ( ( #3011 ) ) GLOBAL_UNIT_ASSIGNED_CONTEXT ( ( #3621, #6254, #4747 ) ) REPRESENTATION_CONTEXT ( 'NONE', 'WORKASPACE' ) );
#346 = VECTOR ( 'NONE', #863, 39.37007874015748143 ) ;
#347 = ADVANCED_FACE ( 'NONE', ( #6771 ), #5229, .F. ) ;
#348 =( GEOMETRIC_REPRESENTATION_CONTEXT ( 3 ) GLOBAL_UNCERTAINTY_ASSIGNED_CONTEXT ( ( #4642 ) ) GLOBAL_UNIT_ASSIGNED_CONTEXT ( ( #5658, #315, #1396 ) ) REPRESENTATION_CONTEXT ( 'NONE', 'WORKASPACE' ) );
#349 = FACE_OUTER_BOUND ( 'NONE', #2315, .T. ) ;
#350 = MECHANICAL_DESIGN_GEOMETRIC_PRESENTATION_REPRESENTATION (  '', ( #5304 ), #4948 ) ;
#351 = ORIENTED_EDGE ( 'NONE', *, *, #4854, .T. ) ;
#352 = EDGE_CURVE ( 'NONE', #4973, #3525, #4757, .T. ) ;
#353 = VECTOR ( 'NONE', #3436, 39.37007874015748143 ) ;
#354 = VERTEX_POINT ( 'NONE', #2037 ) ;
#355 = CARTESIAN_POINT ( 'NONE',  ( 0.1381890509999999794, -0.07223479225994784703, 0.05595963274136995375 ) ) ;
#356 = FACE_OUTER_BOUND ( 'NONE', #6614, .T. ) ;
#357 = VERTEX_POINT ( 'NONE', #5296 ) ;
#358 = CARTESIAN_POINT ( 'NONE',  ( -0.2707755947762449655, 0.04330711000000000283, 0.003146835460463627901 ) ) ;
#359 = UNCERTAINTY_MEASURE_WITH_UNIT (LENGTH_MEASURE( 1.000000000000000082E-05 ), #738, 'distance_accuracy_value', 'NONE');
#360 = ORIENTED_EDGE ( 'NONE', *, *, #6149, .F. ) ;
#361 = DIRECTION ( 'NONE',  ( 0.000000000000000000, 0.000000000000000000, 1.000000000000000000 ) ) ;
#362 =( CONVERSION_BASED_UNIT ( 'INCH', #398 ) LENGTH_UNIT ( ) NAMED_UNIT ( #4699 ) );
#363 = ORIENTED_EDGE ( 'NONE', *, *, #5509, .F. ) ;
#364 = CARTESIAN_POINT ( 'NONE',  ( -0.2919036361078693464, 0.04330711000000000283, -0.03143485770643507371 ) ) ;
#365 = ADVANCED_FACE ( 'NONE', ( #3158 ), #5746, .T. ) ;
#366 = CARTESIAN_POINT ( 'NONE',  ( -0.3037615018734047267, 0.04330710999999998201, -0.008404632183298673537 ) ) ;
#367 = CARTESIAN_POINT ( 'NONE',  ( -0.2974807554292910883, 0.04330711000000000283, -0.002194250003118405293 ) ) ;
#368 = CARTESIAN_POINT ( 'NONE',  ( -0.2283465799999999102, -0.04527561499999999822, 0.06889767499999997769 ) ) ;
#369 = CYLINDRICAL_SURFACE ( 'NONE', #6121, 0.05708664499999999142 ) ;
#370 = DIRECTION ( 'NONE',  ( -0.000000000000000000, 1.000000000000000000, -0.000000000000000000 ) ) ;
#371 = FACE_OUTER_BOUND ( 'NONE', #2738, .T. ) ;
#372 = SURFACE_STYLE_FILL_AREA ( #1583 ) ;
#373 = VERTEX_POINT ( 'NONE', #405 ) ;
#374 = FILL_AREA_STYLE_COLOUR ( '', #6610 ) ;
#375 = FILL_AREA_STYLE ('',( #1554 ) ) ;
#376 = DIRECTION ( 'NONE',  ( 1.000000000000000000, 0.000000000000000000, -0.000000000000000000 ) ) ;
#377 = DIRECTION ( 'NONE',  ( 1.256178390474460832E-14, 0.000000000000000000, 1.000000000000000000 ) ) ;
#378 = CARTESIAN_POINT ( 'NONE',  ( -0.2843992673026132789, 0.04330710999999999589, 0.002149892814663456088 ) ) ;
#379 = DIRECTION ( 'NONE',  ( -0.000000000000000000, 1.000000000000000000, -0.000000000000000000 ) ) ;
#380 = ORIENTED_EDGE ( 'NONE', *, *, #1153, .T. ) ;
#381 = AXIS2_PLACEMENT_3D ( 'NONE', #2587, #6866, #3051 ) ;
#382 = CARTESIAN_POINT ( 'NONE',  ( 0.000000000000000000, 0.000000000000000000, 0.000000000000000000 ) ) ;
#383 = AXIS2_PLACEMENT_3D ( 'NONE', #1033, #6849, #5272 ) ;
#384 = CARTESIAN_POINT ( 'NONE',  ( -0.2871188229340413955, 0.04527561499999997741, 0.02889197969661697063 ) ) ;
#385 = VERTEX_POINT ( 'NONE', #5845 ) ;
#386 = AXIS2_PLACEMENT_3D ( 'NONE', #1661, #2046, #581 ) ;
#387 = B_SPLINE_CURVE_WITH_KNOTS ( 'NONE', 3,
 ( #3782, #6505, #3237, #5890, #4868, #5990, #5922, #3275, #4417, #2292, #5503 ),
 .UNSPECIFIED., .F., .F.,
 ( 4, 1, 1, 1, 1, 1, 1, 1, 4 ),
 ( 0.000000000000000000, 0.07501569460760516839, 0.1629301842777472198, 0.2646744147797548963, 0.3809699752964724184, 0.5123091530377104075, 0.6582210125869729644, 0.8208323791787914825, 1.000000000000000000 ),
 .UNSPECIFIED. ) ;
#388 = VECTOR ( 'NONE', #339, 39.37007874015748143 ) ;
#389 = EDGE_LOOP ( 'NONE', ( #3433, #5020 ) ) ;
#390 = CARTESIAN_POINT ( 'NONE',  ( -0.2830615729190518182, 0.04527561499999997741, -0.004221136755202040992 ) ) ;
#391 = DIRECTION ( 'NONE',  ( -1.214169776012528962E-16, 0.1305261922200484370, 0.9914448613738109373 ) ) ;
#392 = DIRECTION ( 'NONE',  ( -1.000000000000000000, 0.000000000000000000, -0.000000000000000000 ) ) ;
#393 = VECTOR ( 'NONE', #5142, 39.37007874015748143 ) ;
#394 = VERTEX_POINT ( 'NONE', #4200 ) ;
#395 = ADVANCED_FACE ( 'NONE', ( #3553 ), #1415, .F. ) ;
#396 = CARTESIAN_POINT ( 'NONE',  ( 0.05000002700000000244, -0.1023622599999999966, 0.05708664500000004000 ) ) ;
#397 = EDGE_CURVE ( 'NONE', #6409, #809, #1721, .T. ) ;
#398 = LENGTH_MEASURE_WITH_UNIT ( LENGTH_MEASURE( 0.02539999999999999897 ), #4089 );
#399 = ORIENTED_EDGE ( 'NONE', *, *, #3322, .F. ) ;
#400 = CARTESIAN_POINT ( 'NONE',  ( -0.2876027011035143244, 0.04527561499999999128, 0.001201674182431325269 ) ) ;
#401 = CARTESIAN_POINT ( 'NONE',  ( 0.1500000810000000073, -0.1811024599999999929, 0.000000000000000000 ) ) ;
#402 = FACE_OUTER_BOUND ( 'NONE', #229, .T. ) ;
#403 = DIRECTION ( 'NONE',  ( 0.000000000000000000, 0.000000000000000000, -1.000000000000000000 ) ) ;
#404 =( CONVERSION_BASED_UNIT ( 'INCH', #5227 ) LENGTH_UNIT ( ) NAMED_UNIT ( #3565 ) );
#405 = CARTESIAN_POINT ( 'NONE',  ( -0.2871188229340413955, 0.04527561499999997741, 0.02889197969661697063 ) ) ;
#406 = CIRCLE ( 'NONE', #958, 0.05708664500000000530 ) ;
#407 = CYLINDRICAL_SURFACE ( 'NONE', #5189, 0.05905515000000000070 ) ;
#408 = VERTEX_POINT ( 'NONE', #2068 ) ;
#409 = LINE ( 'NONE', #4068, #5846 ) ;
#410 = LENGTH_MEASURE_WITH_UNIT ( LENGTH_MEASURE( 0.02539999999999999897 ), #1421 );
#411 = DIRECTION ( 'NONE',  ( 0.000000000000000000, 1.000000000000000000, 0.000000000000000000 ) ) ;
#412 = CARTESIAN_POINT ( 'NONE',  ( -0.2746558854340414579, 0.04527561499999999822, 0.01187527657161697135 ) ) ;
#413 = CARTESIAN_POINT ( 'NONE',  ( -0.2812810786067168611, 0.04527561499999999128, -0.02322217958173399335 ) ) ;
#414 = ORIENTED_EDGE ( 'NONE', *, *, #3379, .F. ) ;
#415 = MECHANICAL_DESIGN_GEOMETRIC_PRESENTATION_REPRESENTATION (  '', ( #745 ), #4124 ) ;
#416 = CARTESIAN_POINT ( 'NONE',  ( -0.03818899699999998842, -0.04527561499999999822, 0.06889767499999997769 ) ) ;
#417 = CARTESIAN_POINT ( 'NONE',  ( -0.2794192301444856086, 0.04330710999999999589, -0.003094991063845150582 ) ) ;
#418 = ORIENTED_EDGE ( 'NONE', *, *, #6629, .T. ) ;
#419 = CARTESIAN_POINT ( 'NONE',  ( -0.2872980702213435711, 0.04527561499999999128, -0.005311217293554978090 ) ) ;
#420 = CARTESIAN_POINT ( 'NONE',  ( -0.2772636621380889510, 0.04527561499999999822, -0.01838229583834813385 ) ) ;
#421 = LINE ( 'NONE', #1106, #393 ) ;
#422 = CIRCLE ( 'NONE', #2871, 0.05708664499999999142 ) ;
#423 = ORIENTED_EDGE ( 'NONE', *, *, #5074, .F. ) ;
#424 = CARTESIAN_POINT ( 'NONE',  ( -0.2764494211997789441, 0.04527561499999999822, 0.006323737441640815346 ) ) ;
#425 = ORIENTED_EDGE ( 'NONE', *, *, #4597, .F. ) ;
#426 = CARTESIAN_POINT ( 'NONE',  ( -0.3052946605463446317, 0.04330710999999999589, -0.01723917933686573006 ) ) ;
#427 = EDGE_CURVE ( 'NONE', #5665, #34, #5192, .T. ) ;
#428 = FACE_OUTER_BOUND ( 'NONE', #3845, .T. ) ;
#429 = CARTESIAN_POINT ( 'NONE',  ( -0.3028745195518279254, 0.04330710999999998895, -0.006898720731472775258 ) ) ;
#430 = CARTESIAN_POINT ( 'NONE',  ( 0.05000002700000000244, -0.1220473100000000061, 0.000000000000000000 ) ) ;
#431 = EDGE_CURVE ( 'NONE', #3368, #3537, #715, .T. ) ;
#432 = CARTESIAN_POINT ( 'NONE',  ( -0.05000002700000000244, -0.1220473100000000061, 0.000000000000000000 ) ) ;
#433 =( LENGTH_UNIT ( ) NAMED_UNIT ( * ) SI_UNIT ( $, .METRE. ) );
#434 = CARTESIAN_POINT ( 'NONE',  ( 0.2759785115712766190, 0.04330710999999999589, -0.01888660858463303213 ) ) ;
#435 = DIRECTION ( 'NONE',  ( -0.000000000000000000, -1.000000000000000000, -0.000000000000000000 ) ) ;
#436 = ORIENTED_EDGE ( 'NONE', *, *, #3007, .F. ) ;
#437 = SURFACE_STYLE_FILL_AREA ( #2989 ) ;
#438 = DIRECTION ( 'NONE',  ( -0.000000000000000000, 0.000000000000000000, -1.000000000000000000 ) ) ;
#439 = PLANE ( 'NONE',  #1491 ) ;
#440 = CARTESIAN_POINT ( 'NONE',  ( -0.1500000810000000073, -0.1220473100000000061, 0.03937010000000001203 ) ) ;
#441 = CARTESIAN_POINT ( 'NONE',  ( -0.2685460599314002383, 0.04527561499999999822, 0.01089849047894041363 ) ) ;
#442 = EDGE_LOOP ( 'NONE', ( #674, #461, #4860, #898 ) ) ;
#443 = ADVANCED_FACE ( 'NONE', ( #4131, #920, #1512, #2628, #5326, #4659, #6360 ), #439, .T. ) ;
#444 = CIRCLE ( 'NONE', #2111, 0.01968505000000000602 ) ;
#445 = EDGE_CURVE ( 'NONE', #6386, #576, #3861, .T. ) ;
#446 = CARTESIAN_POINT ( 'NONE',  ( 0.2877954310000000460, 0.03346458500000000502, 1.762238766916914599E-17 ) ) ;
#447 = CARTESIAN_POINT ( 'NONE',  ( -0.2794192301444856086, 0.04527561499999999822, -0.003094991063845150582 ) ) ;
#448 = AXIS2_PLACEMENT_3D ( 'NONE', #753, #4416, #4479 ) ;
#449 =( GEOMETRIC_REPRESENTATION_CONTEXT ( 3 ) GLOBAL_UNCERTAINTY_ASSIGNED_CONTEXT ( ( #2454 ) ) GLOBAL_UNIT_ASSIGNED_CONTEXT ( ( #362, #2978, #5771 ) ) REPRESENTATION_CONTEXT ( 'NONE', 'WORKASPACE' ) );
#450 = ORIENTED_EDGE ( 'NONE', *, *, #6813, .F. ) ;
#451 = VECTOR ( 'NONE', #5364, 39.37007874015748143 ) ;
#452 = PRESENTATION_STYLE_ASSIGNMENT (( #4042 ) ) ;
#453 = LINE ( 'NONE', #3047, #1184 ) ;
#454 = CIRCLE ( 'NONE', #4493, 0.05708664500000004000 ) ;
#455 = DIRECTION ( 'NONE',  ( -0.000000000000000000, 1.000000000000000000, -0.000000000000000000 ) ) ;
#456 = CARTESIAN_POINT ( 'NONE',  ( 0.06181105699999998176, -0.04527561499999999822, -0.05590554199999997476 ) ) ;
#457 = AXIS2_PLACEMENT_3D ( 'NONE', #432, #955, #1089 ) ;
#458 = ORIENTED_EDGE ( 'NONE', *, *, #3253, .F. ) ;
#459 = CARTESIAN_POINT ( 'NONE',  ( -0.2746826042473038965, 0.04330710999999999589, 0.01296195885208190415 ) ) ;
#460 = VECTOR ( 'NONE', #6739, 39.37007874015748143 ) ;
#461 = ORIENTED_EDGE ( 'NONE', *, *, #1278, .T. ) ;
#462 = CARTESIAN_POINT ( 'NONE',  ( -0.2772590071254081301, 0.04527561499999997741, 0.005468984555864810429 ) ) ;
#463 = FACE_OUTER_BOUND ( 'NONE', #3144, .T. ) ;
#464 = CARTESIAN_POINT ( 'NONE',  ( -0.3049572400681547224, 0.04330710999999999589, -0.01177159285942058764 ) ) ;
#465 = CARTESIAN_POINT ( 'NONE',  ( 0.05000002700000000244, 0.04138823600355093918, 0.000000000000000000 ) ) ;
#466 = DIRECTION ( 'NONE',  ( -0.000000000000000000, 1.000000000000000000, -0.000000000000000000 ) ) ;
#467 = CARTESIAN_POINT ( 'NONE',  ( -0.2939158545066278827, 0.04330711000000000976, -0.007308822395217976810 ) ) ;
#468 = EDGE_CURVE ( 'NONE', #3428, #3085, #5855, .T. ) ;
#469 = CARTESIAN_POINT ( 'NONE',  ( -0.2951948869907417561, 0.04527561500000001210, 0.01945403311107948494 ) ) ;
#470 = ORIENTED_EDGE ( 'NONE', *, *, #5071, .F. ) ;
#471 = CARTESIAN_POINT ( 'NONE',  ( -0.1618111110000000352, -0.04527561499999999822, -0.05590554199999997476 ) ) ;
#472 = LINE ( 'NONE', #2599, #2121 ) ;
#473 = DIRECTION ( 'NONE',  ( 0.9922778767136677391, 0.000000000000000000, -0.1240347345892075792 ) ) ;
#474 = CARTESIAN_POINT ( 'NONE',  ( -0.2878857729340414395, 0.04330710999999999589, -0.005452999990883026712 ) ) ;
#475 = DIRECTION ( 'NONE',  ( 0.000000000000000000, -1.000000000000000000, 0.000000000000000000 ) ) ;
#476 = CARTESIAN_POINT ( 'NONE',  ( -0.2877954310000000460, 0.03346458500000000502, 1.762238766916914599E-17 ) ) ;
#477 = ORIENTED_EDGE ( 'NONE', *, *, #5962, .F. ) ;
#478 = EDGE_CURVE ( 'NONE', #4115, #5468, #3172, .T. ) ;
#479 = DIRECTION ( 'NONE',  ( 0.000000000000000000, 0.000000000000000000, -1.000000000000000000 ) ) ;
#480 = ORIENTED_EDGE ( 'NONE', *, *, #4857, .T. ) ;
#481 = DIRECTION ( 'NONE',  ( 0.000000000000000000, 0.000000000000000000, -1.000000000000000000 ) ) ;
#482 = ORIENTED_EDGE ( 'NONE', *, *, #2218, .T. ) ;
#483 = DIRECTION ( 'NONE',  ( 0.000000000000000000, -1.000000000000000000, 0.000000000000000000 ) ) ;
#484 = CIRCLE ( 'NONE', #383, 0.02952757500000001076 ) ;
#485 = CARTESIAN_POINT ( 'NONE',  ( -0.2884969484217985713, 0.04330711000000000283, 0.02192942221332308886 ) ) ;
#486 = DIRECTION ( 'NONE',  ( 1.000000000000000000, 0.000000000000000000, 0.000000000000000000 ) ) ;
#487 = AXIS2_PLACEMENT_3D ( 'NONE', #4239, #5812, #3098 ) ;
#488 = ORIENTED_EDGE ( 'NONE', *, *, #4772, .T. ) ;
#489 = CIRCLE ( 'NONE', #2386, 0.05708664500000000530 ) ;
#490 = CARTESIAN_POINT ( 'NONE',  ( -0.2800256783804286886, 0.04527561499999999822, 0.003723070801681944552 ) ) ;
#491 = DIRECTION ( 'NONE',  ( 0.000000000000000000, 1.000000000000000000, 0.000000000000000000 ) ) ;
#492 = ORIENTED_EDGE ( 'NONE', *, *, #3829, .F. ) ;
#493 = CARTESIAN_POINT ( 'NONE',  ( -0.2749134398339282415, 0.04527561499999997741, 0.009421344156827523089 ) ) ;
#494 = VECTOR ( 'NONE', #4245, 39.37007874015748143 ) ;
#495 = DIRECTION ( 'NONE',  ( -0.000000000000000000, 1.000000000000000000, -0.000000000000000000 ) ) ;
#496 = DIRECTION ( 'NONE',  ( 0.9922778767136677391, 0.000000000000000000, -0.1240347345892075792 ) ) ;
#497 = DIRECTION ( 'NONE',  ( 0.000000000000000000, 0.000000000000000000, -1.000000000000000000 ) ) ;
#498 = FILL_AREA_STYLE_COLOUR ( '', #4427 ) ;
#499 = TOROIDAL_SURFACE ( 'NONE', #4539, 0.05511814000000000296, 0.003937010000000000336 ) ;
#500 = FILL_AREA_STYLE_COLOUR ( '', #6494 ) ;
#501 = FILL_AREA_STYLE_COLOUR ( '', #6921 ) ;
#502 = ORIENTED_EDGE ( 'NONE', *, *, #5466, .T. ) ;
#503 = DIRECTION ( 'NONE',  ( -0.000000000000000000, -1.000000000000000000, -0.000000000000000000 ) ) ;
#504 = FACE_OUTER_BOUND ( 'NONE', #640, .T. ) ;
#505 = CARTESIAN_POINT ( 'NONE',  ( -0.1500000810000000073, -0.1771654499999999743, -0.02618111650000000748 ) ) ;
#506 = CARTESIAN_POINT ( 'NONE',  ( -0.3044808859453432826, 0.04527561499999999822, -0.01002497763917849401 ) ) ;
#507 = AXIS2_PLACEMENT_3D ( 'NONE', #4771, #904, #6786 ) ;
#508 = CARTESIAN_POINT ( 'NONE',  ( -0.1500000810000000073, 0.04527561499999999822, 0.02952757500000000035 ) ) ;
#509 = PLANE ( 'NONE',  #6320 ) ;
#510 = VERTEX_POINT ( 'NONE', #6404 ) ;
#511 = AXIS2_PLACEMENT_3D ( 'NONE', #4014, #3363, #5525 ) ;
#512 = AXIS2_PLACEMENT_3D ( 'NONE', #2144, #4861, #4310 ) ;
#513 = EDGE_CURVE ( 'NONE', #836, #373, #4764, .T. ) ;
#514 = PRESENTATION_STYLE_ASSIGNMENT (( #764 ) ) ;
#515 = EDGE_CURVE ( 'NONE', #2894, #586, #153, .T. ) ;
#516 = ORIENTED_EDGE ( 'NONE', *, *, #2354, .F. ) ;
#517 = CIRCLE ( 'NONE', #3656, 0.05905515000000000070 ) ;
#518 = CARTESIAN_POINT ( 'NONE',  ( -0.06181105699999998176, -0.04527561499999999822, 0.06889767499999997769 ) ) ;
#519 = AXIS2_PLACEMENT_3D ( 'NONE', #633, #6515, #3792 ) ;
#520 = ADVANCED_FACE ( 'NONE', ( #1622 ), #6816, .T. ) ;
#521 = ORIENTED_EDGE ( 'NONE', *, *, #2604, .T. ) ;
#522 = EDGE_CURVE ( 'NONE', #2244, #5940, #4601, .T. ) ;
#523 = CARTESIAN_POINT ( 'NONE',  ( 0.2877954310000000460, 0.03346458500000000502, 1.762238766916914599E-17 ) ) ;
#524 = VECTOR ( 'NONE', #1641, 39.37007874015748143 ) ;
#525 = CARTESIAN_POINT ( 'NONE',  ( -0.3006428475175048631, 0.04527561499999999822, 0.008965441199480854786 ) ) ;
#526 = CARTESIAN_POINT ( 'NONE',  ( 0.1500000810000000073, -0.1220473100000000061, 0.000000000000000000 ) ) ;
#527 = EDGE_CURVE ( 'NONE', #1986, #5685, #1162, .T. ) ;
#528 = ORIENTED_EDGE ( 'NONE', *, *, #6430, .T. ) ;
#529 = LINE ( 'NONE', #6416, #5877 ) ;
#530 = CARTESIAN_POINT ( 'NONE',  ( -0.05000002700000000244, 0.04527561499999999822, -0.02952757500000001076 ) ) ;
#531 = EDGE_CURVE ( 'NONE', #5330, #1090, #1938, .T. ) ;
#532 = EDGE_LOOP ( 'NONE', ( #1685, #981 ) ) ;
#533 = CARTESIAN_POINT ( 'NONE',  ( -0.2928023170955245669, 0.04330710999999998895, -0.02415546852002453670 ) ) ;
#534 = VECTOR ( 'NONE', #5499, 39.37007874015748143 ) ;
#535 = ADVANCED_FACE ( 'NONE', ( #1097 ), #3233, .F. ) ;
#536 = LENGTH_MEASURE_WITH_UNIT ( LENGTH_MEASURE( 0.02539999999999999897 ), #2170 );
#537 = CARTESIAN_POINT ( 'NONE',  ( -0.2990377522587766013, 0.04330710999999999589, -0.01735852787467613567 ) ) ;
#538 = B_SPLINE_CURVE_WITH_KNOTS ( 'NONE', 3,
 ( #5199, #6743, #1936, #6779, #829, #4142, #1287, #3413, #5579, #4555, #4519, #2405, #1839, #1319, #3451, #1871, #4034, #1354, #412 ),
 .UNSPECIFIED., .F., .F.,
 ( 4, 1, 1, 1, 1, 1, 1, 1, 1, 1, 1, 1, 1, 1, 1, 1, 4 ),
 ( 0.000000000000000000, 0.07812529689189359750, 0.1518301493922361300, 0.2221520613979003911, 0.2890233266244045529, 0.3525976224640646750, 0.4148420026739728650, 0.4749348900295488063, 0.5348433958080135442, 0.5934135167521019660, 0.6507869454438937051, 0.7072859995271774114, 0.7634577572775826937, 0.8197238077213158114, 0.8778515259498435030, 0.9374785251711036382, 1.000000000000000000 ),
 .UNSPECIFIED. ) ;
#539 = DIRECTION ( 'NONE',  ( -0.000000000000000000, 1.000000000000000000, -0.000000000000000000 ) ) ;
#540 = ORIENTED_EDGE ( 'NONE', *, *, #1110, .T. ) ;
#541 = FACE_OUTER_BOUND ( 'NONE', #3247, .T. ) ;
#542 =( NAMED_UNIT ( * ) SI_UNIT ( $, .STERADIAN. ) SOLID_ANGLE_UNIT ( ) );
#543 = ORIENTED_EDGE ( 'NONE', *, *, #4560, .F. ) ;
#544 = PRESENTATION_STYLE_ASSIGNMENT (( #5366 ) ) ;
#545 = CARTESIAN_POINT ( 'NONE',  ( -0.2685202854340414946, 0.04527561499999999822, 0.01169552266536697319 ) ) ;
#546 = DIRECTION ( 'NONE',  ( 1.000000000000000000, 0.000000000000000000, 0.000000000000000000 ) ) ;
#547 = CARTESIAN_POINT ( 'NONE',  ( -0.2952736893910145044, 0.04527561499999999822, -0.001207529908139055646 ) ) ;
#548 = LINE ( 'NONE', #2110, #1823 ) ;
#549 = CARTESIAN_POINT ( 'NONE',  ( -0.2877954310000000460, -0.09251973500000004735, 1.762238766916914599E-17 ) ) ;
#550 = B_SPLINE_CURVE_WITH_KNOTS ( 'NONE', 3,
 ( #3873, #5871, #4922, #4888, #2660, #533, #4957, #6455, #3799, #1053, #4265, #641, #1085, #568, #3187, #3221, #2767, #1647, #5941 ),
 .UNSPECIFIED., .F., .F.,
 ( 4, 1, 1, 1, 1, 1, 1, 1, 1, 1, 1, 1, 1, 1, 1, 1, 4 ),
 ( 0.000000000000000000, 0.08042359312847491282, 0.1554478660209154262, 0.2274865779056513826, 0.2949489652405906104, 0.3597986509905196084, 0.4210200219417485901, 0.4819019994984995447, 0.5406082872412761864, 0.5984821386513654584, 0.6551515363375456369, 0.7102010032718244492, 0.7655971895723557852, 0.8217224591483821561, 0.8791641554936606706, 0.9383687171181127606, 1.000000000000000000 ),
 .UNSPECIFIED. ) ;
#551 = ORIENTED_EDGE ( 'NONE', *, *, #311, .F. ) ;
#552 = PLANE ( 'NONE',  #4614 ) ;
#553 = DIRECTION ( 'NONE',  ( -0.000000000000000000, 1.000000000000000000, -0.000000000000000000 ) ) ;
#554 = ORIENTED_EDGE ( 'NONE', *, *, #4228, .T. ) ;
#555 = DIRECTION ( 'NONE',  ( 0.000000000000000000, 0.000000000000000000, 1.000000000000000000 ) ) ;
#556 = ORIENTED_EDGE ( 'NONE', *, *, #15, .T. ) ;
#557 = MECHANICAL_DESIGN_GEOMETRIC_PRESENTATION_REPRESENTATION (  '', ( #6273 ), #4483 ) ;
#558 = CYLINDRICAL_SURFACE ( 'NONE', #1348, 0.003937007874015741038 ) ;
#559 = CARTESIAN_POINT ( 'NONE',  ( -0.2903385702375578803, 0.04527561499999999128, 0.02160479453292677224 ) ) ;
#560 = EDGE_CURVE ( 'NONE', #3542, #2921, #422, .T. ) ;
#561 = DIRECTION ( 'NONE',  ( -0.000000000000000000, 1.000000000000000000, -0.000000000000000000 ) ) ;
#562 = VECTOR ( 'NONE', #3218, 39.37007874015748143 ) ;
#563 = ORIENTED_EDGE ( 'NONE', *, *, #5531, .F. ) ;
#564 = DIRECTION ( 'NONE',  ( 0.000000000000000000, 0.000000000000000000, 1.000000000000000000 ) ) ;
#565 = CIRCLE ( 'NONE', #6392, 0.05905515000000000070 ) ;
#566 = CARTESIAN_POINT ( 'NONE',  ( -0.05000002700000000244, -0.1220473100000000061, 0.02618111650000000054 ) ) ;
#567 = ORIENTED_EDGE ( 'NONE', *, *, #3338, .F. ) ;
#568 = CARTESIAN_POINT ( 'NONE',  ( -0.2984947545293659132, 0.04330711000000000283, -0.01916406992474872784 ) ) ;
#569 = AXIS2_PLACEMENT_3D ( 'NONE', #1906, #1806, #5651 ) ;
#570 = DIRECTION ( 'NONE',  ( 0.000000000000000000, 1.000000000000000000, 0.000000000000000000 ) ) ;
#571 = CARTESIAN_POINT ( 'NONE',  ( -0.2919036361078693464, 0.04527561500000000516, -0.03143485770643507371 ) ) ;
#572 = VERTEX_POINT ( 'NONE', #5307 ) ;
#573 = STYLED_ITEM ( 'NONE', ( #3558 ), #4981 ) ;
#574 = EDGE_CURVE ( 'NONE', #3150, #1382, #1492, .T. ) ;
#575 = CYLINDRICAL_SURFACE ( 'NONE', #5721, 0.03937010000000001203 ) ;
#576 = VERTEX_POINT ( 'NONE', #5569 ) ;
#577 = CARTESIAN_POINT ( 'NONE',  ( 0.1000000540000000188, -0.1023622599999999966, 0.02754781910342992204 ) ) ;
#578 = CARTESIAN_POINT ( 'NONE',  ( -0.1000000540000000188, -0.02952757499999999688, 0.02754781910342992204 ) ) ;
#579 = DIRECTION ( 'NONE',  ( 1.000000000000000000, 0.000000000000000000, -1.224646799147353207E-16 ) ) ;
#580 = CARTESIAN_POINT ( 'NONE',  ( 0.3012878615712766273, 0.04527561499999999822, 0.01614143594661697143 ) ) ;
#581 = DIRECTION ( 'NONE',  ( 0.000000000000000000, 0.000000000000000000, -1.000000000000000000 ) ) ;
#582 = ORIENTED_EDGE ( 'NONE', *, *, #3500, .F. ) ;
#583 =( CONVERSION_BASED_UNIT ( 'INCH', #5443 ) LENGTH_UNIT ( ) NAMED_UNIT ( #1591 ) );
#584 = DIRECTION ( 'NONE',  ( 0.000000000000000000, 0.000000000000000000, -1.000000000000000000 ) ) ;
#585 = CARTESIAN_POINT ( 'NONE',  ( -0.2843136312980406033, 0.04330711000000002364, -0.02442230082101217586 ) ) ;
#586 = VERTEX_POINT ( 'NONE', #711 ) ;
#587 = DIRECTION ( 'NONE',  ( 0.000000000000000000, 0.000000000000000000, 1.000000000000000000 ) ) ;
#588 = DIRECTION ( 'NONE',  ( -0.000000000000000000, -1.000000000000000000, -0.000000000000000000 ) ) ;
#589 = VERTEX_POINT ( 'NONE', #1242 ) ;
#590 = CARTESIAN_POINT ( 'NONE',  ( -0.2808548407539397385, 0.04330710999999999589, -0.03055453924445479183 ) ) ;
#591 = FACE_OUTER_BOUND ( 'NONE', #1437, .T. ) ;
#592 = DIRECTION ( 'NONE',  ( -0.000000000000000000, 1.000000000000000000, -0.000000000000000000 ) ) ;
#593 = DIRECTION ( 'NONE',  ( -0.000000000000000000, 1.000000000000000000, -0.000000000000000000 ) ) ;
#594 = ORIENTED_EDGE ( 'NONE', *, *, #2864, .T. ) ;
#595 = CARTESIAN_POINT ( 'NONE',  ( 0.1500000810000000073, -0.07223479225994784703, -5.409074136996869648E-05 ) ) ;
#596 = CARTESIAN_POINT ( 'NONE',  ( 0.05000002699999999550, -0.07223479225994784703, 5.409074136996869648E-05 ) ) ;
#597 = VERTEX_POINT ( 'NONE', #5004 ) ;
#598 = CARTESIAN_POINT ( 'NONE',  ( -0.2894076893402914297, 0.04330710999999999589, 0.0007065671966169690841 ) ) ;
#599 = EDGE_CURVE ( 'NONE', #849, #1919, #6794, .T. ) ;
#600 = AXIS2_PLACEMENT_3D ( 'NONE', #2559, #5707, #957 ) ;
#601 = DIRECTION ( 'NONE',  ( 0.000000000000000000, 0.000000000000000000, 1.000000000000000000 ) ) ;
#602 = EDGE_CURVE ( 'NONE', #2404, #1736, #6088, .T. ) ;
#603 = STYLED_ITEM ( 'NONE', ( #3522 ), #2998 ) ;
#604 = SURFACE_STYLE_USAGE ( .BOTH. , #1650 ) ;
#605 = ORIENTED_EDGE ( 'NONE', *, *, #2898, .T. ) ;
#606 = ADVANCED_FACE ( 'NONE', ( #1175 ), #121, .T. ) ;
#607 = ADVANCED_FACE ( 'NONE', ( #4378 ), #2319, .T. ) ;
#608 = EDGE_CURVE ( 'NONE', #5824, #3499, #4863, .T. ) ;
#609 = AXIS2_PLACEMENT_3D ( 'NONE', #1637, #588, #3176 ) ;
#610 = DIRECTION ( 'NONE',  ( -1.000000000000000000, 0.000000000000000000, -0.000000000000000000 ) ) ;
#611 = VECTOR ( 'NONE', #6403, 39.37007874015748854 ) ;
#612 = DIRECTION ( 'NONE',  ( -0.000000000000000000, 1.000000000000000000, -0.000000000000000000 ) ) ;
#613 = ORIENTED_EDGE ( 'NONE', *, *, #3012, .F. ) ;
#614 = CARTESIAN_POINT ( 'NONE',  ( 0.2877954310000000460, -0.1003937550000000151, 1.762238766916914599E-17 ) ) ;
#615 = SURFACE_SIDE_STYLE ('',( #2145 ) ) ;
#616 = CARTESIAN_POINT ( 'NONE',  ( 0.06181105699999998176, -0.02952757499999999688, -0.05590554199999997476 ) ) ;
#617 = FILL_AREA_STYLE ('',( #3888 ) ) ;
#618 = DIRECTION ( 'NONE',  ( 0.000000000000000000, -1.000000000000000000, 0.000000000000000000 ) ) ;
#619 = DIRECTION ( 'NONE',  ( -0.000000000000000000, 1.000000000000000000, -0.000000000000000000 ) ) ;
#620 = AXIS2_PLACEMENT_3D ( 'NONE', #1788, #2939, #2974 ) ;
#621 = CARTESIAN_POINT ( 'NONE',  ( -0.2805011860406071422, 0.04330710999999998895, 0.02092532751244396624 ) ) ;
#622 =( NAMED_UNIT ( * ) SI_UNIT ( $, .STERADIAN. ) SOLID_ANGLE_UNIT ( ) );
#623 = DIRECTION ( 'NONE',  ( -0.000000000000000000, 0.000000000000000000, -1.000000000000000000 ) ) ;
#624 = CARTESIAN_POINT ( 'NONE',  ( -0.2822168947367841296, 0.04330711000000000976, -0.02371436523205234029 ) ) ;
#625 = EDGE_LOOP ( 'NONE', ( #5030, #1717, #4052, #6537 ) ) ;
#626 = CARTESIAN_POINT ( 'NONE',  ( -0.2746690755036382270, 0.04330710999999999589, 0.01145095386418030353 ) ) ;
#627 = SURFACE_STYLE_USAGE ( .BOTH. , #4252 ) ;
#628 = AXIS2_PLACEMENT_3D ( 'NONE', #1960, #6256, #6009 ) ;
#629 = ORIENTED_EDGE ( 'NONE', *, *, #2240, .F. ) ;
#630 = VECTOR ( 'NONE', #4870, 39.37007874015748143 ) ;
#631 = CARTESIAN_POINT ( 'NONE',  ( -0.05000002700000000244, -0.1220473100000000061, 0.000000000000000000 ) ) ;
#632 = AXIS2_PLACEMENT_3D ( 'NONE', #4704, #835, #5166 ) ;
#633 = CARTESIAN_POINT ( 'NONE',  ( 0.2877954310000000460, -0.09251973500000004735, 1.762238766916914599E-17 ) ) ;
#634 = VECTOR ( 'NONE', #3509, 39.37007874015748143 ) ;
#635 = CYLINDRICAL_SURFACE ( 'NONE', #6033, 0.03937010000000000509 ) ;
#636 = ORIENTED_EDGE ( 'NONE', *, *, #5586, .F. ) ;
#637 = B_SPLINE_CURVE_WITH_KNOTS ( 'NONE', 3,
 ( #5406, #2813, #2781, #3204, #3312, #4939, #6536, #55, #2219, #4382, #3343 ),
 .UNSPECIFIED., .F., .F.,
 ( 4, 1, 1, 1, 1, 1, 1, 1, 4 ),
 ( 0.000000000000000000, 0.07501569460760516839, 0.1629301842777472198, 0.2646744147797548963, 0.3809699752964724184, 0.5123091530377104075, 0.6582210125869729644, 0.8208323791787914825, 1.000000000000000000 ),
 .UNSPECIFIED. ) ;
#638 = CIRCLE ( 'NONE', #5133, 0.05118113000000000523 ) ;
#639 = CARTESIAN_POINT ( 'NONE',  ( 0.05000002700000000244, -0.1023622599999999966, 0.000000000000000000 ) ) ;
#640 = EDGE_LOOP ( 'NONE', ( #1532, #1282, #4011, #1778 ) ) ;
#641 = CARTESIAN_POINT ( 'NONE',  ( -0.2976000362779577246, 0.04330710999999998895, -0.02077281745102719027 ) ) ;
#642 = DIRECTION ( 'NONE',  ( 0.000000000000000000, 1.000000000000000000, 0.000000000000000000 ) ) ;
#643 = DIRECTION ( 'NONE',  ( 0.000000000000000000, -0.000000000000000000, -1.000000000000000000 ) ) ;
#644 = ORIENTED_EDGE ( 'NONE', *, *, #5520, .F. ) ;
#645 = CARTESIAN_POINT ( 'NONE',  ( 0.1500000810000000073, -0.1220473100000000061, 0.000000000000000000 ) ) ;
#646 = ADVANCED_FACE ( 'NONE', ( #3371 ), #1700, .T. ) ;
#647 = ORIENTED_EDGE ( 'NONE', *, *, #959, .T. ) ;
#648 = EDGE_CURVE ( 'NONE', #3336, #836, #4937, .T. ) ;
#649 = FACE_BOUND ( 'NONE', #3772, .T. ) ;
#650 = CARTESIAN_POINT ( 'NONE',  ( 0.2759785115712766190, 0.04527561499999999822, 0.02812502969661697175 ) ) ;
#651 = CARTESIAN_POINT ( 'NONE',  ( -0.1381890510000000072, -0.02952757499999999688, 0.06889767499999997769 ) ) ;
#652 = DIRECTION ( 'NONE',  ( 0.000000000000000000, -1.000000000000000000, 0.000000000000000000 ) ) ;
#653 = EDGE_CURVE ( 'NONE', #3966, #4994, #1925, .T. ) ;
#654 = EDGE_CURVE ( 'NONE', #2618, #3622, #2542, .T. ) ;
#655 = EDGE_LOOP ( 'NONE', ( #845, #209, #6204, #3003, #4515, #5996, #4309, #6784, #5595, #4674 ) ) ;
#656 = CARTESIAN_POINT ( 'NONE',  ( -0.2707755947762449655, 0.04330711000000000283, 0.003146835460463627901 ) ) ;
#657 = CARTESIAN_POINT ( 'NONE',  ( -0.2701937913053629181, 0.04527561499999996353, -0.01662852230044960244 ) ) ;
#658 = ORIENTED_EDGE ( 'NONE', *, *, #6717, .T. ) ;
#659 =( LENGTH_UNIT ( ) NAMED_UNIT ( * ) SI_UNIT ( $, .METRE. ) );
#660 = DIRECTION ( 'NONE',  ( -0.000000000000000000, 1.000000000000000000, -0.000000000000000000 ) ) ;
#661 = EDGE_LOOP ( 'NONE', ( #46, #2853, #4077, #804 ) ) ;
#662 = DIRECTION ( 'NONE',  ( 0.4677946733724904216, 0.000000000000000000, 0.8838371702776054439 ) ) ;
#663 = DIRECTION ( 'NONE',  ( 0.000000000000000000, 0.000000000000000000, -1.000000000000000000 ) ) ;
#664 = CARTESIAN_POINT ( 'NONE',  ( -0.1381890510000000072, -0.02952757499999999688, 0.05595963274136995375 ) ) ;
#665 = ORIENTED_EDGE ( 'NONE', *, *, #5592, .F. ) ;
#666 = CYLINDRICAL_SURFACE ( 'NONE', #5656, 0.02618111650000000748 ) ;
#667 = FACE_OUTER_BOUND ( 'NONE', #6046, .T. ) ;
#668 = ORIENTED_EDGE ( 'NONE', *, *, #6146, .T. ) ;
#669 = DIRECTION ( 'NONE',  ( -0.000000000000000000, 1.000000000000000000, 0.000000000000000000 ) ) ;
#670 = STYLED_ITEM ( 'NONE', ( #1971 ), #6171 ) ;
#671 = VERTEX_POINT ( 'NONE', #6665 ) ;
#672 = CARTESIAN_POINT ( 'NONE',  ( -0.2991982854340414777, 0.04527561499999999822, -0.01537541561588303025 ) ) ;
#673 = COLOUR_RGB ( '',0.1019607843137254888, 0.1019607843137254888, 0.1019607843137254888 ) ;
#674 = ORIENTED_EDGE ( 'NONE', *, *, #5340, .F. ) ;
#675 = TOROIDAL_SURFACE ( 'NONE', #2896, 0.02224410649999999587, 0.003937010000000000336 ) ;
#676 =( NAMED_UNIT ( * ) SI_UNIT ( $, .STERADIAN. ) SOLID_ANGLE_UNIT ( ) );
#677 = EDGE_CURVE ( 'NONE', #5494, #6723, #2985, .T. ) ;
#678 = DIRECTION ( 'NONE',  ( 0.000000000000000000, -1.000000000000000000, 0.000000000000000000 ) ) ;
#679 = VERTEX_POINT ( 'NONE', #1864 ) ;
#680 =( GEOMETRIC_REPRESENTATION_CONTEXT ( 3 ) GLOBAL_UNCERTAINTY_ASSIGNED_CONTEXT ( ( #1952 ) ) GLOBAL_UNIT_ASSIGNED_CONTEXT ( ( #1381, #6671, #1901 ) ) REPRESENTATION_CONTEXT ( 'NONE', 'WORKASPACE' ) );
#681 = FACE_OUTER_BOUND ( 'NONE', #4467, .T. ) ;
#682 = CARTESIAN_POINT ( 'NONE',  ( -0.3047209054532351580, 0.04527561500000000516, -0.02050091451760196679 ) ) ;
#683 = MECHANICAL_DESIGN_GEOMETRIC_PRESENTATION_REPRESENTATION (  '', ( #573 ), #237 ) ;
#684 = CARTESIAN_POINT ( 'NONE',  ( -0.2878857729340414395, 0.04330710999999999589, -0.005452999990883026712 ) ) ;
#685 = CARTESIAN_POINT ( 'NONE',  ( -0.1500000810000000073, -0.1200788050000000107, 0.000000000000000000 ) ) ;
#686 = CIRCLE ( 'NONE', #5850, 0.05708664500000004000 ) ;
#687 = ORIENTED_EDGE ( 'NONE', *, *, #2195, .T. ) ;
#688 = LINE ( 'NONE', #4971, #1851 ) ;
#689 = CARTESIAN_POINT ( 'NONE',  ( -0.2768083057277389569, 0.04330710999999999589, -0.02843498807922953744 ) ) ;
#690 = ORIENTED_EDGE ( 'NONE', *, *, #177, .F. ) ;
#691 =( NAMED_UNIT ( * ) SI_UNIT ( $, .STERADIAN. ) SOLID_ANGLE_UNIT ( ) );
#692 = CARTESIAN_POINT ( 'NONE',  ( -0.2762347948443870105, 0.04330710999999998895, -0.01376252064385529057 ) ) ;
#693 = ORIENTED_EDGE ( 'NONE', *, *, #4985, .T. ) ;
#694 = ADVANCED_FACE ( 'NONE', ( #3988 ), #1441, .T. ) ;
#695 = PLANE ( 'NONE',  #5567 ) ;
#696 = CARTESIAN_POINT ( 'NONE',  ( -0.2877954310000000460, -0.09251973500000004735, 1.762238766916914599E-17 ) ) ;
#697 = CARTESIAN_POINT ( 'NONE',  ( -0.05000002700000000244, -0.1220473100000000061, 0.03937009999999999121 ) ) ;
#698 = ORIENTED_EDGE ( 'NONE', *, *, #6155, .F. ) ;
#699 = DIRECTION ( 'NONE',  ( 0.000000000000000000, -1.000000000000000000, 0.000000000000000000 ) ) ;
#700 = VERTEX_POINT ( 'NONE', #6732 ) ;
#701 = LENGTH_MEASURE_WITH_UNIT ( LENGTH_MEASURE( 0.02539999999999999897 ), #5099 );
#702 = ORIENTED_EDGE ( 'NONE', *, *, #3334, .F. ) ;
#703 = CARTESIAN_POINT ( 'NONE',  ( 0.3074234615712765906, 0.04330710999999999589, -0.03093012030338303242 ) ) ;
#704 = EDGE_LOOP ( 'NONE', ( #4486, #4837 ) ) ;
#705 = LINE ( 'NONE', #2943, #4385 ) ;
#706 = CARTESIAN_POINT ( 'NONE',  ( 0.1500000810000000073, -0.1023622599999999966, -0.05708664500000000530 ) ) ;
#707 = ORIENTED_EDGE ( 'NONE', *, *, #1173, .T. ) ;
#708 = VECTOR ( 'NONE', #1766, 39.37007874015748143 ) ;
#709 = CARTESIAN_POINT ( 'NONE',  ( -0.2899637906519973996, 0.04527561499999999822, 0.0005496631170563290791 ) ) ;
#710 = DIRECTION ( 'NONE',  ( -0.000000000000000000, 1.000000000000000000, -0.000000000000000000 ) ) ;
#711 = CARTESIAN_POINT ( 'NONE',  ( -0.05000002700000000244, -0.1811024599999999929, 0.02224410649999999587 ) ) ;
#712 = SURFACE_STYLE_FILL_AREA ( #5918 ) ;
#713 = CARTESIAN_POINT ( 'NONE',  ( 0.000000000000000000, -0.06594491749999999153, -0.02754781910342994980 ) ) ;
#714 = CIRCLE ( 'NONE', #4090, 0.05708664499999999142 ) ;
#715 = CIRCLE ( 'NONE', #5988, 0.05708664500000000530 ) ;
#716 = VECTOR ( 'NONE', #710, 39.37007874015748143 ) ;
#717 = CARTESIAN_POINT ( 'NONE',  ( -0.2865915448090414208, 0.04330710999999999589, 0.02198942969661697375 ) ) ;
#718 = FACE_OUTER_BOUND ( 'NONE', #5359, .T. ) ;
#719 = ORIENTED_EDGE ( 'NONE', *, *, #1688, .T. ) ;
#720 = CARTESIAN_POINT ( 'NONE',  ( -0.3068355443488749446, 0.04330710999999999589, 0.009699153651421902819 ) ) ;
#721 = CARTESIAN_POINT ( 'NONE',  ( -0.2765650814422189185, 0.04330710999999998201, -0.01600824203572200066 ) ) ;
#722 = STYLED_ITEM ( 'NONE', ( #2259 ), #2901 ) ;
#723 = VERTEX_POINT ( 'NONE', #296 ) ;
#724 = CARTESIAN_POINT ( 'NONE',  ( -0.05000002700000000244, -0.1023622599999999966, 0.03937009999999999121 ) ) ;
#725 = CARTESIAN_POINT ( 'NONE',  ( -0.2772636621380889510, 0.04527561499999999128, -0.01838229583834813385 ) ) ;
#726 = ORIENTED_EDGE ( 'NONE', *, *, #1153, .F. ) ;
#727 = EDGE_CURVE ( 'NONE', #310, #76, #1344, .T. ) ;
#728 = ADVANCED_FACE ( 'NONE', ( #2875 ), #5643, .T. ) ;
#729 = LENGTH_MEASURE_WITH_UNIT ( LENGTH_MEASURE( 0.02539999999999999897 ), #3321 );
#730 = FACE_OUTER_BOUND ( 'NONE', #3615, .T. ) ;
#731 = AXIS2_PLACEMENT_3D ( 'NONE', #3328, #669, #5906 ) ;
#732 = EDGE_CURVE ( 'NONE', #3689, #1068, #818, .T. ) ;
#733 = FACE_BOUND ( 'NONE', #1185, .T. ) ;
#734 = EDGE_CURVE ( 'NONE', #6541, #6409, #5695, .T. ) ;
#735 = MECHANICAL_DESIGN_GEOMETRIC_PRESENTATION_REPRESENTATION (  '', ( #6549 ), #3762 ) ;
#736 = VERTEX_POINT ( 'NONE', #6625 ) ;
#737 = AXIS2_PLACEMENT_3D ( 'NONE', #1569, #165, #2855 ) ;
#738 =( CONVERSION_BASED_UNIT ( 'INCH', #3871 ) LENGTH_UNIT ( ) NAMED_UNIT ( #4163 ) );
#739 = ORIENTED_EDGE ( 'NONE', *, *, #6656, .T. ) ;
#740 = VECTOR ( 'NONE', #3735, 39.37007874015748143 ) ;
#741 = LINE ( 'NONE', #2895, #5458 ) ;
#742 = EDGE_LOOP ( 'NONE', ( #2667, #24, #1286, #1888 ) ) ;
#743 = DIRECTION ( 'NONE',  ( -0.000000000000000000, 1.000000000000000000, -0.000000000000000000 ) ) ;
#744 = ORIENTED_EDGE ( 'NONE', *, *, #5976, .F. ) ;
#745 = STYLED_ITEM ( 'NONE', ( #5654 ), #3874 ) ;
#746 = CARTESIAN_POINT ( 'NONE',  ( 0.05000002700000000244, -0.1220473100000000061, 0.000000000000000000 ) ) ;
#747 = ADVANCED_FACE ( 'NONE', ( #1826 ), #6481, .F. ) ;
#748 = CARTESIAN_POINT ( 'NONE',  ( -0.1381890510000000072, -0.04527561499999999822, -0.05590554199999997476 ) ) ;
#749 = DIRECTION ( 'NONE',  ( 0.000000000000000000, 0.000000000000000000, 1.000000000000000000 ) ) ;
#750 = LENGTH_MEASURE_WITH_UNIT ( LENGTH_MEASURE( 0.02539999999999999897 ), #3952 );
#751 = DIRECTION ( 'NONE',  ( 0.000000000000000000, 1.000000000000000000, 0.000000000000000000 ) ) ;
#752 = DIRECTION ( 'NONE',  ( -0.000000000000000000, -1.000000000000000000, -0.000000000000000000 ) ) ;
#753 = CARTESIAN_POINT ( 'NONE',  ( -0.1500000810000000073, -0.04527561499999999822, 0.000000000000000000 ) ) ;
#754 = FACE_OUTER_BOUND ( 'NONE', #4093, .T. ) ;
#755 = DIRECTION ( 'NONE',  ( -0.000000000000000000, -1.000000000000000000, -0.000000000000000000 ) ) ;
#756 = VERTEX_POINT ( 'NONE', #103 ) ;
#757 = FILL_AREA_STYLE_COLOUR ( '', #2622 ) ;
#758 = CARTESIAN_POINT ( 'NONE',  ( 0.1618111110000000352, -0.04527561499999999822, -0.06889767499999997769 ) ) ;
#759 =( GEOMETRIC_REPRESENTATION_CONTEXT ( 3 ) GLOBAL_UNCERTAINTY_ASSIGNED_CONTEXT ( ( #5761 ) ) GLOBAL_UNIT_ASSIGNED_CONTEXT ( ( #2287, #86, #3271 ) ) REPRESENTATION_CONTEXT ( 'NONE', 'WORKASPACE' ) );
#760 = ORIENTED_EDGE ( 'NONE', *, *, #4777, .T. ) ;
#761 = FILL_AREA_STYLE_COLOUR ( '', #3062 ) ;
#762 = VERTEX_POINT ( 'NONE', #465 ) ;
#763 = LENGTH_MEASURE_WITH_UNIT ( LENGTH_MEASURE( 0.02539999999999999897 ), #2824 );
#764 = SURFACE_STYLE_USAGE ( .BOTH. , #5582 ) ;
#765 = PLANE ( 'NONE',  #181 ) ;
#766 = CIRCLE ( 'NONE', #4701, 0.05708664499999999142 ) ;
#767 = ORIENTED_EDGE ( 'NONE', *, *, #4188, .T. ) ;
#768 = EDGE_CURVE ( 'NONE', #2031, #3699, #1713, .T. ) ;
#769 = DIRECTION ( 'NONE',  ( 0.000000000000000000, 0.000000000000000000, -1.000000000000000000 ) ) ;
#770 = ORIENTED_EDGE ( 'NONE', *, *, #208, .T. ) ;
#771 = SURFACE_STYLE_FILL_AREA ( #6652 ) ;
#772 = VERTEX_POINT ( 'NONE', #6326 ) ;
#773 = ORIENTED_EDGE ( 'NONE', *, *, #3562, .T. ) ;
#774 = DIRECTION ( 'NONE',  ( -0.000000000000000000, 1.000000000000000000, -0.000000000000000000 ) ) ;
#775 = VERTEX_POINT ( 'NONE', #4918 ) ;
#776 = VERTEX_POINT ( 'NONE', #1118 ) ;
#777 = ADVANCED_FACE ( 'NONE', ( #4198 ), #3211, .T. ) ;
#778 = CARTESIAN_POINT ( 'NONE',  ( -0.2892954168336081544, 0.04527561499999997741, -0.02478337026389326389 ) ) ;
#779 = DIRECTION ( 'NONE',  ( 0.000000000000000000, 0.000000000000000000, -1.000000000000000000 ) ) ;
#780 = CARTESIAN_POINT ( 'NONE',  ( -0.2899637906519973996, 0.04330710999999999589, 0.0005496631170563290791 ) ) ;
#781 = CARTESIAN_POINT ( 'NONE',  ( -0.1500000810000000073, -0.1771654499999999743, -0.02224410650000000975 ) ) ;
#782 = STYLED_ITEM ( 'NONE', ( #1967 ), #1514 ) ;
#783 = DIRECTION ( 'NONE',  ( 0.000000000000000000, 0.000000000000000000, 1.000000000000000000 ) ) ;
#784 = CIRCLE ( 'NONE', #5725, 0.02224410650000000975 ) ;
#785 = VECTOR ( 'NONE', #4661, 39.37007874015748143 ) ;
#786 = DIRECTION ( 'NONE',  ( 0.000000000000000000, 0.000000000000000000, 1.000000000000000000 ) ) ;
#787 = DIRECTION ( 'NONE',  ( -0.000000000000000000, 1.000000000000000000, -0.000000000000000000 ) ) ;
#788 = COLOUR_RGB ( '',1.000000000000000000, 0.8117647058823529438, 0.5019607843137254832 ) ;
#789 = EDGE_LOOP ( 'NONE', ( #1638, #5784, #5548, #2795 ) ) ;
#790 = SURFACE_STYLE_FILL_AREA ( #2882 ) ;
#791 = FACE_OUTER_BOUND ( 'NONE', #2248, .T. ) ;
#792 = CARTESIAN_POINT ( 'NONE',  ( -0.2877954310000000460, -0.09251973500000004735, -0.05905514999999998682 ) ) ;
#793 = VECTOR ( 'NONE', #1870, 39.37007874015748143 ) ;
#794 = ORIENTED_EDGE ( 'NONE', *, *, #92, .T. ) ;
#795 = SURFACE_STYLE_FILL_AREA ( #6162 ) ;
#796 = ORIENTED_EDGE ( 'NONE', *, *, #5844, .F. ) ;
#797 = AXIS2_PLACEMENT_3D ( 'NONE', #3725, #3878, #6012 ) ;
#798 = DIRECTION ( 'NONE',  ( 0.000000000000000000, 0.000000000000000000, -1.000000000000000000 ) ) ;
#799 = FILL_AREA_STYLE_COLOUR ( '', #6565 ) ;
#800 = AXIS2_PLACEMENT_3D ( 'NONE', #4724, #4201, #1023 ) ;
#801 = CARTESIAN_POINT ( 'NONE',  ( 0.1500000810000000073, -0.1771654499999999743, 0.01574804000000000481 ) ) ;
#802 = ORIENTED_EDGE ( 'NONE', *, *, #3923, .T. ) ;
#803 = FACE_OUTER_BOUND ( 'NONE', #2345, .T. ) ;
#804 = ORIENTED_EDGE ( 'NONE', *, *, #4258, .F. ) ;
#805 = PLANE ( 'NONE',  #5895 ) ;
#806 = FACE_OUTER_BOUND ( 'NONE', #3013, .T. ) ;
#807 = ORIENTED_EDGE ( 'NONE', *, *, #2052, .F. ) ;
#808 = DIRECTION ( 'NONE',  ( -0.000000000000000000, 1.000000000000000000, -0.000000000000000000 ) ) ;
#809 = VERTEX_POINT ( 'NONE', #5971 ) ;
#810 = CARTESIAN_POINT ( 'NONE',  ( -0.2877954310000000460, 0.04133860499999999355, -0.05905514999999998682 ) ) ;
#811 = SURFACE_STYLE_FILL_AREA ( #3913 ) ;
#812 = ORIENTED_EDGE ( 'NONE', *, *, #6735, .T. ) ;
#813 = ADVANCED_FACE ( 'NONE', ( #5261 ), #3058, .F. ) ;
#814 = PLANE ( 'NONE',  #1445 ) ;
#815 = ADVANCED_FACE ( 'NONE', ( #3664 ), #635, .T. ) ;
#816 = DIRECTION ( 'NONE',  ( -0.000000000000000000, 1.000000000000000000, -0.000000000000000000 ) ) ;
#817 = CARTESIAN_POINT ( 'NONE',  ( -0.2877954310000000460, 0.04133860499999999355, 1.762238766916914599E-17 ) ) ;
#818 = LINE ( 'NONE', #6120, #3906 ) ;
#819 = ADVANCED_FACE ( 'NONE', ( #4331 ), #6888, .T. ) ;
#820 = DIRECTION ( 'NONE',  ( 0.000000000000000000, 0.000000000000000000, 1.000000000000000000 ) ) ;
#821 = ADVANCED_FACE ( 'NONE', ( #6838 ), #4399, .F. ) ;
#822 = EDGE_CURVE ( 'NONE', #1394, #6508, #1187, .T. ) ;
#823 = LINE ( 'NONE', #3481, #5051 ) ;
#824 = DIRECTION ( 'NONE',  ( 0.000000000000000000, -0.000000000000000000, -1.000000000000000000 ) ) ;
#825 = EDGE_LOOP ( 'NONE', ( #6342, #2082, #6582, #2167 ) ) ;
#826 = CARTESIAN_POINT ( 'NONE',  ( -0.2877954310000000460, 0.04133860499999999355, 1.762238766916914599E-17 ) ) ;
#827 = CARTESIAN_POINT ( 'NONE',  ( -0.2776278166840414618, 0.04330710999999999589, -0.002409167178383031255 ) ) ;
#828 = FACE_OUTER_BOUND ( 'NONE', #182, .T. ) ;
#829 = CARTESIAN_POINT ( 'NONE',  ( -0.2827118544348279361, 0.04527561499999999128, 0.02161963653078221789 ) ) ;
#830 = CARTESIAN_POINT ( 'NONE',  ( -0.2951343863332919759, 0.04330710999999998201, 0.02758535607632614517 ) ) ;
#831 = AXIS2_PLACEMENT_3D ( 'NONE', #6301, #5271, #6334 ) ;
#832 = ORIENTED_EDGE ( 'NONE', *, *, #20, .T. ) ;
#833 = VECTOR ( 'NONE', #2923, 39.37007874015748143 ) ;
#834 = FILL_AREA_STYLE_COLOUR ( '', #1416 ) ;
#835 = DIRECTION ( 'NONE',  ( -0.000000000000000000, 1.000000000000000000, -0.000000000000000000 ) ) ;
#836 = VERTEX_POINT ( 'NONE', #3095 ) ;
#837 = VECTOR ( 'NONE', #743, 39.37007874015748143 ) ;
#838 = ADVANCED_FACE ( 'NONE', ( #3123 ), #1223, .F. ) ;
#839 = DIRECTION ( 'NONE',  ( 0.000000000000000000, -1.000000000000000000, 0.000000000000000000 ) ) ;
#840 = ORIENTED_EDGE ( 'NONE', *, *, #5969, .F. ) ;
#841 = CARTESIAN_POINT ( 'NONE',  ( -0.2975662268442000880, 0.04330710999999999589, -0.009764097039290186783 ) ) ;
#842 = ORIENTED_EDGE ( 'NONE', *, *, #4404, .F. ) ;
#843 = CARTESIAN_POINT ( 'NONE',  ( -0.2877954310000000460, -0.1003937550000000151, 1.762238766916914599E-17 ) ) ;
#844 = UNCERTAINTY_MEASURE_WITH_UNIT (LENGTH_MEASURE( 1.000000000000000082E-05 ), #6371, 'distance_accuracy_value', 'NONE');
#845 = ORIENTED_EDGE ( 'NONE', *, *, #234, .T. ) ;
#846 = CIRCLE ( 'NONE', #6659, 0.02263780749999999911 ) ;
#847 = DIRECTION ( 'NONE',  ( 0.000000000000000000, 0.000000000000000000, -1.000000000000000000 ) ) ;
#848 =( GEOMETRIC_REPRESENTATION_CONTEXT ( 3 ) GLOBAL_UNCERTAINTY_ASSIGNED_CONTEXT ( ( #4575 ) ) GLOBAL_UNIT_ASSIGNED_CONTEXT ( ( #1358, #4492, #1779 ) ) REPRESENTATION_CONTEXT ( 'NONE', 'WORKASPACE' ) );
#849 = VERTEX_POINT ( 'NONE', #6075 ) ;
#850 = CARTESIAN_POINT ( 'NONE',  ( 0.05000002700000000244, -0.1023622599999999966, 0.03937010000000000509 ) ) ;
#851 = CIRCLE ( 'NONE', #2301, 0.02913387400000002139 ) ;
#852 = CARTESIAN_POINT ( 'NONE',  ( 0.2877954310000000460, 0.03346458500000000502, 1.762238766916914599E-17 ) ) ;
#853 = CARTESIAN_POINT ( 'NONE',  ( -0.2888371631807256090, 0.04330710999999999589, -0.03168435714248621360 ) ) ;
#854 = CARTESIAN_POINT ( 'NONE',  ( -0.2844084288528592741, 0.04330711000000000283, 0.02882505403901407595 ) ) ;
#855 = VECTOR ( 'NONE', #6694, 39.37007874015748143 ) ;
#856 = CARTESIAN_POINT ( 'NONE',  ( -0.1381890510000000072, -0.02952757499999999688, -0.05590554199999997476 ) ) ;
#857 = CARTESIAN_POINT ( 'NONE',  ( -0.2770602828159770548, 0.04330710999999996813, 0.01846801284098649812 ) ) ;
#858 = CARTESIAN_POINT ( 'NONE',  ( 0.1500000810000000073, 0.04527561499999999822, 0.02952757500000000035 ) ) ;
#859 = EDGE_CURVE ( 'NONE', #2459, #2061, #275, .T. ) ;
#860 = ORIENTED_EDGE ( 'NONE', *, *, #6265, .T. ) ;
#861 = FACE_OUTER_BOUND ( 'NONE', #1857, .T. ) ;
#862 = CARTESIAN_POINT ( 'NONE',  ( -0.03818899699999998842, -0.04527561499999999822, -0.05590554199999997476 ) ) ;
#863 = DIRECTION ( 'NONE',  ( 0.000000000000000000, 0.000000000000000000, 1.000000000000000000 ) ) ;
#864 = ADVANCED_FACE ( 'NONE', ( #1189 ), #3864, .T. ) ;
#865 =( NAMED_UNIT ( * ) PLANE_ANGLE_UNIT ( ) SI_UNIT ( $, .RADIAN. ) );
#866 = CARTESIAN_POINT ( 'NONE',  ( -0.3060312306308869412, 0.04330711000000000283, 0.01529549912568891647 ) ) ;
#867 = VERTEX_POINT ( 'NONE', #241 ) ;
#868 = COLOUR_RGB ( '',1.000000000000000000, 0.8117647058823529438, 0.5019607843137254832 ) ;
#869 = DIRECTION ( 'NONE',  ( 0.000000000000000000, 0.000000000000000000, -1.000000000000000000 ) ) ;
#870 = PRESENTATION_STYLE_ASSIGNMENT (( #6307 ) ) ;
#871 = VERTEX_POINT ( 'NONE', #6040 ) ;
#872 = EDGE_CURVE ( 'NONE', #2887, #4422, #4494, .T. ) ;
#873 = LENGTH_MEASURE_WITH_UNIT ( LENGTH_MEASURE( 0.02539999999999999897 ), #6175 );
#874 = ORIENTED_EDGE ( 'NONE', *, *, #1783, .T. ) ;
#875 = CARTESIAN_POINT ( 'NONE',  ( -0.2877954310000000460, -0.04527561499999999822, 1.762238766916914599E-17 ) ) ;
#876 = CYLINDRICAL_SURFACE ( 'NONE', #3665, 0.02618111650000000054 ) ;
#877 = ORIENTED_EDGE ( 'NONE', *, *, #2571, .F. ) ;
#878 = CARTESIAN_POINT ( 'NONE',  ( -0.2685460599314002383, 0.04330710999999999589, 0.01089849047894041363 ) ) ;
#879 = ORIENTED_EDGE ( 'NONE', *, *, #5614, .F. ) ;
#880 = CARTESIAN_POINT ( 'NONE',  ( 0.05000002700000000244, -0.1023622599999999966, 0.000000000000000000 ) ) ;
#881 = LINE ( 'NONE', #2095, #1786 ) ;
#882 = ORIENTED_EDGE ( 'NONE', *, *, #1562, .T. ) ;
#883 = CARTESIAN_POINT ( 'NONE',  ( -0.2995115048804433688, 0.04330710999999998895, -0.02825489099438019402 ) ) ;
#884 = DIRECTION ( 'NONE',  ( 0.000000000000000000, -1.000000000000000000, 0.000000000000000000 ) ) ;
#885 = DIRECTION ( 'NONE',  ( 0.000000000000000000, 0.000000000000000000, -1.000000000000000000 ) ) ;
#886 = CARTESIAN_POINT ( 'NONE',  ( -0.2685202854340414946, 0.04330710999999999589, 0.01169552266536697319 ) ) ;
#887 = CARTESIAN_POINT ( 'NONE',  ( 0.1500000810000000073, -0.1023622599999999966, 0.000000000000000000 ) ) ;
#888 = AXIS2_PLACEMENT_3D ( 'NONE', #4928, #1694, #6728 ) ;
#889 = FILL_AREA_STYLE ('',( #500 ) ) ;
#890 = DIRECTION ( 'NONE',  ( 0.000000000000000000, 0.000000000000000000, 1.000000000000000000 ) ) ;
#891 = ORIENTED_EDGE ( 'NONE', *, *, #4357, .T. ) ;
#892 = LINE ( 'NONE', #5816, #1132 ) ;
#893 = AXIS2_PLACEMENT_3D ( 'NONE', #4335, #3258, #6453 ) ;
#894 =( NAMED_UNIT ( * ) SI_UNIT ( $, .STERADIAN. ) SOLID_ANGLE_UNIT ( ) );
#895 = LINE ( 'NONE', #3519, #2122 ) ;
#896 = LENGTH_MEASURE_WITH_UNIT ( LENGTH_MEASURE( 0.02539999999999999897 ), #6236 );
#897 = CARTESIAN_POINT ( 'NONE',  ( -0.2822168947367841296, 0.04330711000000000976, -0.02371436523205234029 ) ) ;
#898 = ORIENTED_EDGE ( 'NONE', *, *, #2444, .T. ) ;
#899 = MECHANICAL_DESIGN_GEOMETRIC_PRESENTATION_REPRESENTATION (  '', ( #117 ), #1681 ) ;
#900 = VECTOR ( 'NONE', #5670, 39.37007874015748143 ) ;
#901 = AXIS2_PLACEMENT_3D ( 'NONE', #1907, #4552, #377 ) ;
#902 = PRODUCT_CONTEXT ( 'NONE', #3860, 'mechanical' ) ;
#903 = EDGE_CURVE ( 'NONE', #1867, #1101, #1745, .T. ) ;
#904 = DIRECTION ( 'NONE',  ( 0.000000000000000000, -1.000000000000000000, 0.000000000000000000 ) ) ;
#905 = EDGE_CURVE ( 'NONE', #1566, #736, #2818, .T. ) ;
#906 = EDGE_LOOP ( 'NONE', ( #4638, #4947, #2659, #5495 ) ) ;
#907 = ORIENTED_EDGE ( 'NONE', *, *, #1961, .T. ) ;
#908 = CARTESIAN_POINT ( 'NONE',  ( 0.1500000810000000073, -0.02952757499999999688, 0.000000000000000000 ) ) ;
#909 = LINE ( 'NONE', #5212, #2194 ) ;
#910 = LINE ( 'NONE', #5694, #5341 ) ;
#911 = UNCERTAINTY_MEASURE_WITH_UNIT (LENGTH_MEASURE( 1.000000000000000082E-05 ), #2636, 'distance_accuracy_value', 'NONE');
#912 = ORIENTED_EDGE ( 'NONE', *, *, #5440, .F. ) ;
#913 = CARTESIAN_POINT ( 'NONE',  ( -0.2746947665547498363, 0.04527561500000000516, 0.01062447631722800157 ) ) ;
#914 = ORIENTED_EDGE ( 'NONE', *, *, #1796, .T. ) ;
#915 = CARTESIAN_POINT ( 'NONE',  ( -0.2859183122809130784, 0.04527561499999997047, 0.001693976872821767368 ) ) ;
#916 = DIMENSIONAL_EXPONENTS ( 1.000000000000000000, 0.000000000000000000, 0.000000000000000000, 0.000000000000000000, 0.000000000000000000, 0.000000000000000000, 0.000000000000000000 ) ;
#917 = CARTESIAN_POINT ( 'NONE',  ( -0.2905432124072707678, 0.04330710999999999589, -0.02463841872836908947 ) ) ;
#918 = CARTESIAN_POINT ( 'NONE',  ( -0.1500000810000000073, -0.1771654499999999743, 0.000000000000000000 ) ) ;
#919 = CARTESIAN_POINT ( 'NONE',  ( -0.1500000810000000073, 0.04138823600355093918, 0.000000000000000000 ) ) ;
#920 = FACE_BOUND ( 'NONE', #4057, .T. ) ;
#921 = LINE ( 'NONE', #5327, #3038 ) ;
#922 = CARTESIAN_POINT ( 'NONE',  ( -0.05000002699999999550, -0.1220473100000000061, -0.03937009999999999121 ) ) ;
#923 = VERTEX_POINT ( 'NONE', #6579 ) ;
#924 = DIRECTION ( 'NONE',  ( -0.4677324356742748601, 0.000000000000000000, -0.8838701084538441721 ) ) ;
#925 = FACE_OUTER_BOUND ( 'NONE', #5653, .T. ) ;
#926 = CARTESIAN_POINT ( 'NONE',  ( 0.1381890510000000072, -0.02952757499999999688, -0.05590554199999997476 ) ) ;
#927 = DIRECTION ( 'NONE',  ( -0.000000000000000000, 0.000000000000000000, -1.000000000000000000 ) ) ;
#928 = DIRECTION ( 'NONE',  ( 0.000000000000000000, 0.000000000000000000, 1.000000000000000000 ) ) ;
#929 = CARTESIAN_POINT ( 'NONE',  ( -0.2867082378198390624, 0.04330711000000000976, -0.02476634456514563085 ) ) ;
#930 = ORIENTED_EDGE ( 'NONE', *, *, #531, .T. ) ;
#931 = AXIS2_PLACEMENT_3D ( 'NONE', #322, #5033, #214 ) ;
#932 = CARTESIAN_POINT ( 'NONE',  ( -0.2794654835285821926, 0.04527561499999999822, 0.02778637543542661001 ) ) ;
#933 = AXIS2_PLACEMENT_3D ( 'NONE', #98, #6509, #5449 ) ;
#934 = CARTESIAN_POINT ( 'NONE',  ( -0.2784677826397585210, 0.04527561499999999822, -0.002772779555858423048 ) ) ;
#935 = ORIENTED_EDGE ( 'NONE', *, *, #2326, .T. ) ;
#936 = AXIS2_PLACEMENT_3D ( 'NONE', #3167, #4285, #19 ) ;
#937 = EDGE_CURVE ( 'NONE', #1090, #2941, #2889, .T. ) ;
#938 = EDGE_CURVE ( 'NONE', #1818, #6642, #4566, .T. ) ;
#939 = AXIS2_PLACEMENT_3D ( 'NONE', #781, #2388, #3370 ) ;
#940 = VERTEX_POINT ( 'NONE', #3455 ) ;
#941 = CARTESIAN_POINT ( 'NONE',  ( -0.2877954310000000460, -0.1003937550000000151, 1.762238766916914599E-17 ) ) ;
#942 = EDGE_CURVE ( 'NONE', #1978, #2801, #4116, .T. ) ;
#943 = CARTESIAN_POINT ( 'NONE',  ( 0.2877954310000000460, -0.04527561499999999822, 0.05905515000000002152 ) ) ;
#944 = CARTESIAN_POINT ( 'NONE',  ( -0.2707755947762449655, 0.04527561500000000516, 0.003146835460463627901 ) ) ;
#945 = AXIS2_PLACEMENT_3D ( 'NONE', #79, #4822, #601 ) ;
#946 = ORIENTED_EDGE ( 'NONE', *, *, #3296, .T. ) ;
#947 = CARTESIAN_POINT ( 'NONE',  ( -0.2748258432171898358, 0.04330710999999999589, 0.01401589062114849335 ) ) ;
#948 = SURFACE_SIDE_STYLE ('',( #6216 ) ) ;
#949 = VERTEX_POINT ( 'NONE', #6002 ) ;
#950 = CARTESIAN_POINT ( 'NONE',  ( -0.2800256783804286886, 0.04330710999999999589, 0.003723070801681944552 ) ) ;
#951 = CARTESIAN_POINT ( 'NONE',  ( -0.3049572400681547224, 0.04527561499999999822, -0.01177159285942058764 ) ) ;
#952 = CARTESIAN_POINT ( 'NONE',  ( -0.3037615018734047267, 0.04330710999999998201, -0.008404632183298673537 ) ) ;
#953 = AXIS2_PLACEMENT_3D ( 'NONE', #1987, #3080, #4187 ) ;
#954 = DIRECTION ( 'NONE',  ( 0.000000000000000000, 0.000000000000000000, -1.000000000000000000 ) ) ;
#955 = DIRECTION ( 'NONE',  ( 0.000000000000000000, -1.000000000000000000, 0.000000000000000000 ) ) ;
#956 = EDGE_CURVE ( 'NONE', #4973, #1082, #2632, .T. ) ;
#957 = DIRECTION ( 'NONE',  ( -0.000000000000000000, 0.000000000000000000, 1.000000000000000000 ) ) ;
#958 = AXIS2_PLACEMENT_3D ( 'NONE', #1258, #6679, #3385 ) ;
#959 = EDGE_CURVE ( 'NONE', #6764, #3195, #6613, .T. ) ;
#960 = LINE ( 'NONE', #3595, #785 ) ;
#961 = DIRECTION ( 'NONE',  ( -0.000000000000000000, 1.000000000000000000, -0.000000000000000000 ) ) ;
#962 = AXIS2_PLACEMENT_3D ( 'NONE', #4688, #6293, #954 ) ;
#963 = ORIENTED_EDGE ( 'NONE', *, *, #2021, .T. ) ;
#964 = SURFACE_STYLE_FILL_AREA ( #3633 ) ;
#965 = AXIS2_PLACEMENT_3D ( 'NONE', #3196, #2075, #6498 ) ;
#966 = SURFACE_STYLE_USAGE ( .BOTH. , #6233 ) ;
#967 = DIRECTION ( 'NONE',  ( 0.000000000000000000, -1.000000000000000000, 0.000000000000000000 ) ) ;
#968 = DIRECTION ( 'NONE',  ( 0.000000000000000000, 0.000000000000000000, -1.000000000000000000 ) ) ;
#969 = CARTESIAN_POINT ( 'NONE',  ( 0.06181105699999998176, -0.02952757499999999688, 0.05590554199999997476 ) ) ;
#970 = CARTESIAN_POINT ( 'NONE',  ( -0.2865915448090414208, 0.04330710999999999589, 0.02198942969661697375 ) ) ;
#971 = ORIENTED_EDGE ( 'NONE', *, *, #5077, .F. ) ;
#972 = AXIS2_PLACEMENT_3D ( 'NONE', #5852, #1432, #5175 ) ;
#973 = CARTESIAN_POINT ( 'NONE',  ( -0.2753662103248589732, 0.04527561500000001210, 0.02567148723703508925 ) ) ;
#974 = CARTESIAN_POINT ( 'NONE',  ( -0.2845493380454994781, 0.04527561499999997741, -0.004613883429252091384 ) ) ;
#975 = VERTEX_POINT ( 'NONE', #4986 ) ;
#976 = FACE_OUTER_BOUND ( 'NONE', #4325, .T. ) ;
#977 = CARTESIAN_POINT ( 'NONE',  ( -0.2877954310000000460, -0.04527561499999999822, -0.05905514999999998682 ) ) ;
#978 = CARTESIAN_POINT ( 'NONE',  ( -0.2867082378198390624, 0.04527561500000001210, -0.02476634456514563085 ) ) ;
#979 = DIRECTION ( 'NONE',  ( 0.000000000000000000, -1.000000000000000000, 0.000000000000000000 ) ) ;
#980 = MECHANICAL_DESIGN_GEOMETRIC_PRESENTATION_REPRESENTATION (  '', ( #4022 ), #5585 ) ;
#981 = ORIENTED_EDGE ( 'NONE', *, *, #2710, .T. ) ;
#982 = ADVANCED_FACE ( 'NONE', ( #2307 ), #5024, .T. ) ;
#983 = CARTESIAN_POINT ( 'NONE',  ( -0.2818723945075569115, 0.04527561499999999822, 0.002983838964311399770 ) ) ;
#984 = ORIENTED_EDGE ( 'NONE', *, *, #5891, .T. ) ;
#985 = CARTESIAN_POINT ( 'NONE',  ( -0.3047209054532351580, 0.04330711000000000976, -0.02050091451760196679 ) ) ;
#986 = SURFACE_SIDE_STYLE ('',( #1508 ) ) ;
#987 = CARTESIAN_POINT ( 'NONE',  ( -0.2877954310000000460, 0.03346458500000000502, 1.762238766916914599E-17 ) ) ;
#988 = ADVANCED_FACE ( 'NONE', ( #202 ), #1260, .T. ) ;
#989 = PRESENTATION_STYLE_ASSIGNMENT (( #4795 ) ) ;
#990 = ADVANCED_FACE ( 'NONE', ( #1812, #733, #6104, #3424, #5583 ), #765, .T. ) ;
#991 = CARTESIAN_POINT ( 'NONE',  ( -0.2926619100678924390, 0.04527561499999997047, -0.006810484004758938364 ) ) ;
#992 = DIRECTION ( 'NONE',  ( 0.000000000000000000, 0.000000000000000000, -1.000000000000000000 ) ) ;
#993 = ORIENTED_EDGE ( 'NONE', *, *, #3379, .T. ) ;
#994 = SURFACE_STYLE_USAGE ( .BOTH. , #3130 ) ;
#995 = CARTESIAN_POINT ( 'NONE',  ( -0.2877954310000000460, 0.04527561499999999822, 1.762238766916914599E-17 ) ) ;
#996 = DIRECTION ( 'NONE',  ( -0.000000000000000000, -1.000000000000000000, -0.000000000000000000 ) ) ;
#997 = VECTOR ( 'NONE', #226, 39.37007874015748143 ) ;
#998 = DIRECTION ( 'NONE',  ( 0.000000000000000000, 0.000000000000000000, -1.000000000000000000 ) ) ;
#999 = ADVANCED_FACE ( 'NONE', ( #3110, #5793 ), #6275, .T. ) ;
#1000 = DIRECTION ( 'NONE',  ( 0.000000000000000000, 0.000000000000000000, -1.000000000000000000 ) ) ;
#1001 = ORIENTED_EDGE ( 'NONE', *, *, #6133, .F. ) ;
#1002 = COLOUR_RGB ( '',0.1019607843137254888, 0.1019607843137254888, 0.1019607843137254888 ) ;
#1003 = ORIENTED_EDGE ( 'NONE', *, *, #2898, .F. ) ;
#1004 = DIRECTION ( 'NONE',  ( -0.000000000000000000, 1.000000000000000000, -0.000000000000000000 ) ) ;
#1005 = AXIS2_PLACEMENT_3D ( 'NONE', #1767, #1702, #5007 ) ;
#1006 = MECHANICAL_DESIGN_GEOMETRIC_PRESENTATION_REPRESENTATION (  '', ( #5287 ), #345 ) ;
#1007 = VERTEX_POINT ( 'NONE', #4672 ) ;
#1008 = DIRECTION ( 'NONE',  ( 0.000000000000000000, 0.000000000000000000, -1.000000000000000000 ) ) ;
#1009 = DIRECTION ( 'NONE',  ( 1.000000000000000000, 0.000000000000000000, 0.000000000000000000 ) ) ;
#1010 = PLANE ( 'NONE',  #6022 ) ;
#1011 = CIRCLE ( 'NONE', #5182, 0.003937007874015741038 ) ;
#1012 = ORIENTED_EDGE ( 'NONE', *, *, #2360, .F. ) ;
#1013 = FACE_OUTER_BOUND ( 'NONE', #6461, .T. ) ;
#1014 = CIRCLE ( 'NONE', #6714, 0.05905515000000000070 ) ;
#1015 = DIRECTION ( 'NONE',  ( 0.000000000000000000, 0.000000000000000000, 1.000000000000000000 ) ) ;
#1016 = ORIENTED_EDGE ( 'NONE', *, *, #6424, .F. ) ;
#1017 = CARTESIAN_POINT ( 'NONE',  ( -0.2772590071254081301, 0.04330710999999998895, 0.005468984555864810429 ) ) ;
#1018 = DIRECTION ( 'NONE',  ( -0.000000000000000000, 1.000000000000000000, -0.000000000000000000 ) ) ;
#1019 = CARTESIAN_POINT ( 'NONE',  ( -0.2925723199228008053, 0.04330711000000000283, -0.0002366382256645932199 ) ) ;
#1020 = CARTESIAN_POINT ( 'NONE',  ( -0.3052946605463446317, 0.04527561499999999822, -0.01723917933686573006 ) ) ;
#1021 = CARTESIAN_POINT ( 'NONE',  ( -0.1500000810000000073, -0.1023622599999999966, 0.000000000000000000 ) ) ;
#1022 = ADVANCED_FACE ( 'NONE', ( #349 ), #6653, .T. ) ;
#1023 = DIRECTION ( 'NONE',  ( 0.000000000000000000, 0.000000000000000000, 1.000000000000000000 ) ) ;
#1024 = EDGE_CURVE ( 'NONE', #5363, #310, #517, .T. ) ;
#1025 = CARTESIAN_POINT ( 'NONE',  ( 0.2877954310000000460, -0.04527561499999999822, 1.762238766916914599E-17 ) ) ;
#1026 = ORIENTED_EDGE ( 'NONE', *, *, #1671, .T. ) ;
#1027 = FILL_AREA_STYLE_COLOUR ( '', #5129 ) ;
#1028 = ADVANCED_FACE ( 'NONE', ( #3610 ), #5792, .F. ) ;
#1029 =( NAMED_UNIT ( * ) PLANE_ANGLE_UNIT ( ) SI_UNIT ( $, .RADIAN. ) );
#1030 = FACE_OUTER_BOUND ( 'NONE', #3005, .T. ) ;
#1031 = EDGE_CURVE ( 'NONE', #373, #1475, #5991, .T. ) ;
#1032 = DIRECTION ( 'NONE',  ( -0.000000000000000000, 1.000000000000000000, -0.000000000000000000 ) ) ;
#1033 = CARTESIAN_POINT ( 'NONE',  ( -0.05000002700000000244, 0.04527561499999999822, 0.000000000000000000 ) ) ;
#1034 = CARTESIAN_POINT ( 'NONE',  ( -0.2736598365828405433, 0.04527561499999999128, -6.743644621963515819E-05 ) ) ;
#1035 = ORIENTED_EDGE ( 'NONE', *, *, #1167, .T. ) ;
#1036 = ADVANCED_FACE ( 'NONE', ( #6373 ), #6889, .T. ) ;
#1037 = CARTESIAN_POINT ( 'NONE',  ( -0.2753662103248589732, 0.04330711000000000976, 0.02567148723703508925 ) ) ;
#1038 = VERTEX_POINT ( 'NONE', #6344 ) ;
#1039 = CARTESIAN_POINT ( 'NONE',  ( -0.2877954310000000460, -0.04527561499999999822, 0.05905515000000002152 ) ) ;
#1040 = EDGE_CURVE ( 'NONE', #871, #949, #2416, .T. ) ;
#1041 = VERTEX_POINT ( 'NONE', #1039 ) ;
#1042 = UNCERTAINTY_MEASURE_WITH_UNIT (LENGTH_MEASURE( 1.000000000000000082E-05 ), #6668, 'distance_accuracy_value', 'NONE');
#1043 = DIRECTION ( 'NONE',  ( -0.000000000000000000, -1.000000000000000000, -0.000000000000000000 ) ) ;
#1044 = MECHANICAL_DESIGN_GEOMETRIC_PRESENTATION_REPRESENTATION (  '', ( #1600 ), #1380 ) ;
#1045 = CARTESIAN_POINT ( 'NONE',  ( -0.2865915448090414208, 0.04527561499999999822, 0.02198942969661697375 ) ) ;
#1046 = CARTESIAN_POINT ( 'NONE',  ( -0.2832321500926100466, 0.04527561499999997047, -0.02410665370879615937 ) ) ;
#1047 = AXIS2_PLACEMENT_3D ( 'NONE', #5369, #1588, #2671 ) ;
#1048 = VERTEX_POINT ( 'NONE', #2757 ) ;
#1049 = AXIS2_PLACEMENT_3D ( 'NONE', #817, #295, #6692 ) ;
#1050 = DIRECTION ( 'NONE',  ( 0.000000000000000000, 0.000000000000000000, -1.000000000000000000 ) ) ;
#1051 = CARTESIAN_POINT ( 'NONE',  ( -0.2746558854340414579, 0.04527561499999999822, 0.01187527657161697135 ) ) ;
#1052 = ORIENTED_EDGE ( 'NONE', *, *, #1880, .F. ) ;
#1053 = CARTESIAN_POINT ( 'NONE',  ( -0.2963437146646267784, 0.04330710999999999589, -0.02218727814545808433 ) ) ;
#1054 = CIRCLE ( 'NONE', #2511, 0.02952757500000001076 ) ;
#1055 = PRESENTATION_STYLE_ASSIGNMENT (( #5872 ) ) ;
#1056 = CARTESIAN_POINT ( 'NONE',  ( -0.2984947545293659132, 0.04527561500000000516, -0.01916406992474872784 ) ) ;
#1057 = DIRECTION ( 'NONE',  ( 0.000000000000000000, 0.000000000000000000, 1.000000000000000000 ) ) ;
#1058 = VERTEX_POINT ( 'NONE', #4292 ) ;
#1059 = CARTESIAN_POINT ( 'NONE',  ( 0.05000002700000000244, 0.04527561499999999822, 0.02952757500000001076 ) ) ;
#1060 = ORIENTED_EDGE ( 'NONE', *, *, #3215, .T. ) ;
#1061 = AXIS2_PLACEMENT_3D ( 'NONE', #2936, #6079, #2378 ) ;
#1062 = DIRECTION ( 'NONE',  ( 0.000000000000000000, -0.000000000000000000, 1.000000000000000000 ) ) ;
#1063 = CARTESIAN_POINT ( 'NONE',  ( -0.1500000810000000073, -0.1200788050000000107, 0.000000000000000000 ) ) ;
#1064 = DIRECTION ( 'NONE',  ( 0.000000000000000000, -1.000000000000000000, 0.000000000000000000 ) ) ;
#1065 = CARTESIAN_POINT ( 'NONE',  ( -0.05000002700000000244, 0.04527561499999999822, 0.000000000000000000 ) ) ;
#1066 = DIRECTION ( 'NONE',  ( 0.000000000000000000, 0.000000000000000000, -1.000000000000000000 ) ) ;
#1067 = DIRECTION ( 'NONE',  ( 0.000000000000000000, -1.000000000000000000, 0.000000000000000000 ) ) ;
#1068 = VERTEX_POINT ( 'NONE', #518 ) ;
#1069 = ADVANCED_FACE ( 'NONE', ( #4219 ), #1563, .T. ) ;
#1070 = CARTESIAN_POINT ( 'NONE',  ( -0.3000093770040704877, 0.04330710999999999589, 0.01252137568120612228 ) ) ;
#1071 = MECHANICAL_DESIGN_GEOMETRIC_PRESENTATION_REPRESENTATION (  '', ( #2049 ), #1188 ) ;
#1072 = EDGE_CURVE ( 'NONE', #510, #2020, #6643, .T. ) ;
#1073 = CARTESIAN_POINT ( 'NONE',  ( 0.2698429115712766002, 0.04330710999999999589, 0.02812502969661697175 ) ) ;
#1074 = ORIENTED_EDGE ( 'NONE', *, *, #3961, .T. ) ;
#1075 =( GEOMETRIC_REPRESENTATION_CONTEXT ( 3 ) GLOBAL_UNCERTAINTY_ASSIGNED_CONTEXT ( ( #3145 ) ) GLOBAL_UNIT_ASSIGNED_CONTEXT ( ( #4738, #1359, #3001 ) ) REPRESENTATION_CONTEXT ( 'NONE', 'WORKASPACE' ) );
#1076 = CARTESIAN_POINT ( 'NONE',  ( -0.2913363750064600910, 0.04527561499999999128, 0.02859052145730782771 ) ) ;
#1077 = VERTEX_POINT ( 'NONE', #3208 ) ;
#1078 = DIRECTION ( 'NONE',  ( -0.000000000000000000, 1.000000000000000000, -0.000000000000000000 ) ) ;
#1079 = VECTOR ( 'NONE', #6201, 39.37007874015748143 ) ;
#1080 = CARTESIAN_POINT ( 'NONE',  ( -0.2877954310000000460, -0.1003937550000000151, 0.05118113000000002605 ) ) ;
#1081 = EDGE_CURVE ( 'NONE', #4422, #2755, #714, .T. ) ;
#1082 = VERTEX_POINT ( 'NONE', #4362 ) ;
#1083 = DIRECTION ( 'NONE',  ( 0.000000000000000000, 0.000000000000000000, 1.000000000000000000 ) ) ;
#1084 = ORIENTED_EDGE ( 'NONE', *, *, #5636, .F. ) ;
#1085 = CARTESIAN_POINT ( 'NONE',  ( -0.2981028562917627522, 0.04330710999999999589, -0.01999746868061573479 ) ) ;
#1086 = COLOUR_RGB ( '',1.000000000000000000, 0.8117647058823529438, 0.5019607843137254832 ) ;
#1087 = DIRECTION ( 'NONE',  ( 0.000000000000000000, -1.000000000000000000, 0.000000000000000000 ) ) ;
#1088 = CARTESIAN_POINT ( 'NONE',  ( 0.3074234615712765906, 0.04330710999999999589, -0.03093012030338303242 ) ) ;
#1089 = DIRECTION ( 'NONE',  ( 0.000000000000000000, 0.000000000000000000, -1.000000000000000000 ) ) ;
#1090 = VERTEX_POINT ( 'NONE', #1148 ) ;
#1091 = CARTESIAN_POINT ( 'NONE',  ( 0.2698429115712766002, 0.04527561499999999822, -0.03093012030338303242 ) ) ;
#1092 = LINE ( 'NONE', #4344, #1781 ) ;
#1093 = ORIENTED_EDGE ( 'NONE', *, *, #574, .F. ) ;
#1094 = DIRECTION ( 'NONE',  ( 0.000000000000000000, 0.1305261922200484370, -0.9914448613738109373 ) ) ;
#1095 = PLANE ( 'NONE',  #5623 ) ;
#1096 = CARTESIAN_POINT ( 'NONE',  ( -0.3035536721080016043, 0.04527561499999999822, -0.02343128196848898170 ) ) ;
#1097 = FACE_OUTER_BOUND ( 'NONE', #6098, .T. ) ;
#1098 = LENGTH_MEASURE_WITH_UNIT ( LENGTH_MEASURE( 0.02539999999999999897 ), #3308 );
#1099 = CARTESIAN_POINT ( 'NONE',  ( -0.2720696004342240681, 0.04527561499999999822, 0.001433081516908632329 ) ) ;
#1100 = DIMENSIONAL_EXPONENTS ( 1.000000000000000000, 0.000000000000000000, 0.000000000000000000, 0.000000000000000000, 0.000000000000000000, 0.000000000000000000, 0.000000000000000000 ) ;
#1101 = VERTEX_POINT ( 'NONE', #4841 ) ;
#1102 = CARTESIAN_POINT ( 'NONE',  ( -0.2986219419750341109, 0.04330710999999998895, 0.01589020907903221369 ) ) ;
#1103 = CYLINDRICAL_SURFACE ( 'NONE', #3996, 0.05905515000000000070 ) ;
#1104 = CARTESIAN_POINT ( 'NONE',  ( -0.2782956660228652623, 0.04330710999999999589, -0.02037011066956540342 ) ) ;
#1105 = ORIENTED_EDGE ( 'NONE', *, *, #3781, .T. ) ;
#1106 = CARTESIAN_POINT ( 'NONE',  ( 0.2698429115712766002, 0.04330710999999999589, 0.02812502969661697175 ) ) ;
#1107 = CARTESIAN_POINT ( 'NONE',  ( -0.3060312306308869412, 0.04527561500000000516, 0.01529549912568891647 ) ) ;
#1108 = VERTEX_POINT ( 'NONE', #6440 ) ;
#1109 = CIRCLE ( 'NONE', #332, 0.003937009999999999468 ) ;
#1110 = EDGE_CURVE ( 'NONE', #2862, #4433, #3287, .T. ) ;
#1111 = CARTESIAN_POINT ( 'NONE',  ( 0.06181105699999999564, -0.02952757499999999688, -0.06889767500000000544 ) ) ;
#1112 = EDGE_CURVE ( 'NONE', #6584, #2642, #5101, .T. ) ;
#1113 = CARTESIAN_POINT ( 'NONE',  ( -0.1618111109999999797, -0.07223479225994784703, 0.05595963274136995375 ) ) ;
#1114 = CARTESIAN_POINT ( 'NONE',  ( 0.1618111109999999797, -0.02952757499999999688, 0.05595963274136995375 ) ) ;
#1115 = ADVANCED_FACE ( 'NONE', ( #1670 ), #42, .F. ) ;
#1116 = CIRCLE ( 'NONE', #3351, 0.02952757500000000035 ) ;
#1117 = ADVANCED_FACE ( 'NONE', ( #2886, #5484, #2300, #3381 ), #4912, .F. ) ;
#1118 = CARTESIAN_POINT ( 'NONE',  ( 0.1618111109999999797, -0.04527561499999999822, 0.05595963274136995375 ) ) ;
#1119 = ADVANCED_FACE ( 'NONE', ( #99 ), #5617, .T. ) ;
#1120 = AXIS2_PLACEMENT_3D ( 'NONE', #5910, #10, #610 ) ;
#1121 = ORIENTED_EDGE ( 'NONE', *, *, #1965, .T. ) ;
#1122 = DIRECTION ( 'NONE',  ( -0.000000000000000000, 1.000000000000000000, -0.000000000000000000 ) ) ;
#1123 = B_SPLINE_SURFACE_WITH_KNOTS ( 'NONE', 3, 1, ( 
 ( #4736, #4183 ),
 ( #3040, #1981 ),
 ( #2513, #6305 ),
 ( #1943, #3141 ),
 ( #3678, #2609 ),
 ( #2083, #3643 ),
 ( #2543, #3712 ),
 ( #5860, #4113 ),
 ( #1037, #973 ),
 ( #4703, #3173 ),
 ( #5343, #932 ),
 ( #3608, #6243 ),
 ( #2017, #1426 ),
 ( #3569, #3108 ),
 ( #5757, #6854 ) ),
 .UNSPECIFIED., .F., .F., .F.,
 ( 4, 1, 1, 1, 1, 1, 1, 1, 1, 1, 1, 1, 4 ),
 ( 2, 2 ),
 ( 0.000000000000000000, 0.08427347156089372293, 0.1665166244253441508, 0.2473877598069608164, 0.3288365457123066382, 0.4090983268496174996, 0.4877267016055336635, 0.5657077880693259786, 0.6449848608508603753, 0.7265584459444179855, 0.8120697979385858023, 0.9027287756276010100, 1.000000000000000000 ),
 ( 0.000000000000000000, 1.000000000000000000 ),
 .UNSPECIFIED. ) ;
#1124 = LINE ( 'NONE', #5837, #1229 ) ;
#1125 = CIRCLE ( 'NONE', #1350, 0.05708664500000000530 ) ;
#1126 = ORIENTED_EDGE ( 'NONE', *, *, #6735, .F. ) ;
#1127 = CARTESIAN_POINT ( 'NONE',  ( -0.2751105869428239759, 0.04527561500000001210, -0.02699925336046018684 ) ) ;
#1128 = B_SPLINE_CURVE_WITH_KNOTS ( 'NONE', 3,
 ( #3733, #3100, #6843, #3028, #2532, #6909, #4759, #4662, #469, #6878, #5848, #2004, #4171, #6810, #2631 ),
 .UNSPECIFIED., .F., .F.,
 ( 4, 1, 1, 1, 1, 1, 1, 1, 1, 1, 1, 1, 4 ),
 ( 0.000000000000000000, 0.1067133849811994495, 0.2023827530813245290, 0.2879881362754654339, 0.3651321209974008886, 0.4381553218526812454, 0.5114419818683961783, 0.5870934926508691865, 0.6659855935524687798, 0.7468394073744432093, 0.8288800136248053452, 0.9125295864996446626, 1.000000000000000000 ),
 .UNSPECIFIED. ) ;
#1129 = CIRCLE ( 'NONE', #901, 0.05708664499999999142 ) ;
#1130 = SURFACE_STYLE_FILL_AREA ( #40 ) ;
#1131 = ORIENTED_EDGE ( 'NONE', *, *, #3137, .F. ) ;
#1132 = VECTOR ( 'NONE', #2534, 39.37007874015748143 ) ;
#1133 = CARTESIAN_POINT ( 'NONE',  ( 0.1500000810000000073, 0.04527561499999999822, 0.000000000000000000 ) ) ;
#1134 = ORIENTED_EDGE ( 'NONE', *, *, #1843, .F. ) ;
#1135 = DIRECTION ( 'NONE',  ( 0.000000000000000000, 0.000000000000000000, 1.000000000000000000 ) ) ;
#1136 = TOROIDAL_SURFACE ( 'NONE', #4716, 0.02224410649999999587, 0.003937010000000000336 ) ;
#1137 = CARTESIAN_POINT ( 'NONE',  ( -0.2708463755346470769, 0.04527561499999999822, 0.02066183863074979796 ) ) ;
#1138 = DIRECTION ( 'NONE',  ( 0.9922778767136677391, 0.000000000000000000, -0.1240347345892075792 ) ) ;
#1139 = CARTESIAN_POINT ( 'NONE',  ( -0.2685978483147422047, 0.04330710999999999589, 0.01407920530201252698 ) ) ;
#1140 = CARTESIAN_POINT ( 'NONE',  ( -0.2877954310000000460, -0.04527561499999999822, 0.09055122999999995481 ) ) ;
#1141 = VERTEX_POINT ( 'NONE', #2540 ) ;
#1142 = EDGE_CURVE ( 'NONE', #5513, #3859, #6703, .T. ) ;
#1143 = DIRECTION ( 'NONE',  ( 0.000000000000000000, 0.000000000000000000, -1.000000000000000000 ) ) ;
#1144 = LINE ( 'NONE', #6471, #4887 ) ;
#1145 = CARTESIAN_POINT ( 'NONE',  ( 0.2877954310000000460, 0.03740159499999999582, 1.762238766916914599E-17 ) ) ;
#1146 = ORIENTED_EDGE ( 'NONE', *, *, #6183, .F. ) ;
#1147 = CARTESIAN_POINT ( 'NONE',  ( -0.3068677854340414735, 0.04330710999999999589, 0.008951279696616970191 ) ) ;
#1148 = CARTESIAN_POINT ( 'NONE',  ( -0.05000002700000000244, -0.1220473100000000061, 0.03937009999999999121 ) ) ;
#1149 = ORIENTED_EDGE ( 'NONE', *, *, #4188, .F. ) ;
#1150 = FACE_OUTER_BOUND ( 'NONE', #138, .T. ) ;
#1151 = FACE_OUTER_BOUND ( 'NONE', #5938, .T. ) ;
#1152 = DIRECTION ( 'NONE',  ( 0.000000000000000000, -1.000000000000000000, 0.000000000000000000 ) ) ;
#1153 = EDGE_CURVE ( 'NONE', #1818, #3859, #5789, .T. ) ;
#1154 = ORIENTED_EDGE ( 'NONE', *, *, #1326, .F. ) ;
#1155 = EDGE_CURVE ( 'NONE', #6724, #1041, #3066, .T. ) ;
#1156 = SURFACE_STYLE_FILL_AREA ( #1680 ) ;
#1157 = ADVANCED_FACE ( 'NONE', ( #6744 ), #4546, .T. ) ;
#1158 = LINE ( 'NONE', #6932, #562 ) ;
#1159 = ORIENTED_EDGE ( 'NONE', *, *, #2654, .F. ) ;
#1160 = LINE ( 'NONE', #3292, #1292 ) ;
#1161 = DIRECTION ( 'NONE',  ( 0.000000000000000000, 0.000000000000000000, 1.000000000000000000 ) ) ;
#1162 = CIRCLE ( 'NONE', #5093, 0.02952757500000001076 ) ;
#1163 = FACE_OUTER_BOUND ( 'NONE', #5061, .T. ) ;
#1164 = COLOUR_RGB ( '',1.000000000000000000, 0.8117647058823529438, 0.5019607843137254832 ) ;
#1165 = ORIENTED_EDGE ( 'NONE', *, *, #5117, .T. ) ;
#1166 = AXIS2_PLACEMENT_3D ( 'NONE', #4766, #1067, #1000 ) ;
#1167 = EDGE_CURVE ( 'NONE', #1090, #5330, #6205, .T. ) ;
#1168 = CARTESIAN_POINT ( 'NONE',  ( 0.2877954310000000460, 0.04527561499999999822, 0.05511814000000001684 ) ) ;
#1169 = AXIS2_PLACEMENT_3D ( 'NONE', #5436, #5498, #1730 ) ;
#1170 = ORIENTED_EDGE ( 'NONE', *, *, #5273, .F. ) ;
#1171 = DIRECTION ( 'NONE',  ( 0.000000000000000000, -1.000000000000000000, 0.000000000000000000 ) ) ;
#1172 = FILL_AREA_STYLE_COLOUR ( '', #2794 ) ;
#1173 = EDGE_CURVE ( 'NONE', #1490, #5290, #6750, .T. ) ;
#1174 = DIRECTION ( 'NONE',  ( -0.000000000000000000, 1.000000000000000000, -0.000000000000000000 ) ) ;
#1175 = FACE_OUTER_BOUND ( 'NONE', #1861, .T. ) ;
#1176 = LINE ( 'NONE', #123, #6705 ) ;
#1177 = AXIS2_PLACEMENT_3D ( 'NONE', #1757, #4050, #3494 ) ;
#1178 = PLANE ( 'NONE',  #4061 ) ;
#1179 = DIRECTION ( 'NONE',  ( -0.000000000000000000, 1.000000000000000000, -0.000000000000000000 ) ) ;
#1180 = DIRECTION ( 'NONE',  ( 0.000000000000000000, 1.000000000000000000, 0.000000000000000000 ) ) ;
#1181 = ORIENTED_EDGE ( 'NONE', *, *, #3419, .T. ) ;
#1182 = CARTESIAN_POINT ( 'NONE',  ( -0.2764494211997789441, 0.04330710999999999589, 0.006323737441640815346 ) ) ;
#1183 = CARTESIAN_POINT ( 'NONE',  ( -0.2765650814422189185, 0.04330710999999998201, -0.01600824203572200066 ) ) ;
#1184 = VECTOR ( 'NONE', #5832, 39.37007874015748143 ) ;
#1185 = EDGE_LOOP ( 'NONE', ( #690, #3973 ) ) ;
#1186 = SURFACE_STYLE_USAGE ( .BOTH. , #4463 ) ;
#1187 = CIRCLE ( 'NONE', #962, 0.02618111650000000054 ) ;
#1188 =( GEOMETRIC_REPRESENTATION_CONTEXT ( 3 ) GLOBAL_UNCERTAINTY_ASSIGNED_CONTEXT ( ( #1533 ) ) GLOBAL_UNIT_ASSIGNED_CONTEXT ( ( #5956, #4379, #4622 ) ) REPRESENTATION_CONTEXT ( 'NONE', 'WORKASPACE' ) );
#1189 = FACE_OUTER_BOUND ( 'NONE', #6887, .T. ) ;
#1190 = EDGE_LOOP ( 'NONE', ( #516, #2132, #4727, #647 ) ) ;
#1191 = FILL_AREA_STYLE_COLOUR ( '', #4978 ) ;
#1192 = VECTOR ( 'NONE', #391, 39.37007874015747433 ) ;
#1193 = SURFACE_SIDE_STYLE ('',( #2892 ) ) ;
#1194 = EDGE_LOOP ( 'NONE', ( #6918, #1923, #6864, #2589 ) ) ;
#1195 = CARTESIAN_POINT ( 'NONE',  ( -0.2856230103553598632, 0.04527561499999999822, -0.03162520091392208299 ) ) ;
#1196 = ORIENTED_EDGE ( 'NONE', *, *, #4138, .T. ) ;
#1197 = CARTESIAN_POINT ( 'NONE',  ( 0.05000002700000000244, 0.04527561499999999822, 0.000000000000000000 ) ) ;
#1198 = VERTEX_POINT ( 'NONE', #3779 ) ;
#1199 = EDGE_CURVE ( 'NONE', #2887, #1763, #4212, .T. ) ;
#1200 = VERTEX_POINT ( 'NONE', #6915 ) ;
#1201 = DIRECTION ( 'NONE',  ( 0.000000000000000000, 0.000000000000000000, -1.000000000000000000 ) ) ;
#1202 = PRESENTATION_LAYER_ASSIGNMENT (  '', '', ( #4022 ) ) ;
#1203 =( NAMED_UNIT ( * ) SI_UNIT ( $, .STERADIAN. ) SOLID_ANGLE_UNIT ( ) );
#1204 = ORIENTED_EDGE ( 'NONE', *, *, #5827, .T. ) ;
#1205 =( NAMED_UNIT ( * ) PLANE_ANGLE_UNIT ( ) SI_UNIT ( $, .RADIAN. ) );
#1206 = B_SPLINE_CURVE_WITH_KNOTS ( 'NONE', 3,
 ( #2257, #1666, #4909, #721, #2850, #1217, #3277, #1104, #23, #3242, #4321, #5409, #624, #4421, #585, #6539, #2754, #1738, #96 ),
 .UNSPECIFIED., .F., .F.,
 ( 4, 1, 1, 1, 1, 1, 1, 1, 1, 1, 1, 1, 1, 1, 1, 1, 4 ),
 ( 0.000000000000000000, 0.07657281352907585603, 0.1493228985313979906, 0.2172186749416069318, 0.2820872493082847710, 0.3432655771108285570, 0.4022310899227248826, 0.4584773865507863477, 0.5141512058041759481, 0.5690726415643317937, 0.6243527363272776132, 0.6811913672928024965, 0.7394041584491248820, 0.7998297883091698424, 0.8628307336450727894, 0.9296455439554848210, 0.9999999999999998890 ),
 .UNSPECIFIED. ) ;
#1207 = CARTESIAN_POINT ( 'NONE',  ( -0.3018114003607467732, 0.04330710999999999589, -0.005525733930809127378 ) ) ;
#1208 = PLANE ( 'NONE',  #1939 ) ;
#1209 = CARTESIAN_POINT ( 'NONE',  ( -0.1500000810000000073, -0.1811024599999999929, 0.000000000000000000 ) ) ;
#1210 = ADVANCED_FACE ( 'NONE', ( #3676 ), #509, .F. ) ;
#1211 = DIRECTION ( 'NONE',  ( 0.000000000000000000, 0.000000000000000000, -1.000000000000000000 ) ) ;
#1212 = DIRECTION ( 'NONE',  ( -1.000000000000000000, 0.000000000000000000, 0.000000000000000000 ) ) ;
#1213 = EDGE_CURVE ( 'NONE', #2053, #5905, #1603, .T. ) ;
#1214 = DIRECTION ( 'NONE',  ( 0.000000000000000000, 1.000000000000000000, 0.000000000000000000 ) ) ;
#1215 = ORIENTED_EDGE ( 'NONE', *, *, #6310, .F. ) ;
#1216 = CARTESIAN_POINT ( 'NONE',  ( -0.2877954310000000460, 0.04133860712598422249, 0.09055122999999995481 ) ) ;
#1217 = CARTESIAN_POINT ( 'NONE',  ( -0.2772636621380889510, 0.04330710999999999589, -0.01838229583834813385 ) ) ;
#1218 = VERTEX_POINT ( 'NONE', #970 ) ;
#1219 = CARTESIAN_POINT ( 'NONE',  ( -0.2772636621380889510, 0.04330710999999999589, -0.01838229583834813385 ) ) ;
#1220 = ORIENTED_EDGE ( 'NONE', *, *, #1081, .F. ) ;
#1221 = CYLINDRICAL_SURFACE ( 'NONE', #4671, 0.05708664500000004000 ) ;
#1222 = CARTESIAN_POINT ( 'NONE',  ( -0.2761897854340414349, 0.04330710999999999589, -0.01329027030338302863 ) ) ;
#1223 = CYLINDRICAL_SURFACE ( 'NONE', #6782, 0.07086617999999995920 ) ;
#1224 = CIRCLE ( 'NONE', #2673, 0.02263780749999999911 ) ;
#1225 = ORIENTED_EDGE ( 'NONE', *, *, #2860, .F. ) ;
#1226 = DIRECTION ( 'NONE',  ( 0.000000000000000000, 0.000000000000000000, -1.000000000000000000 ) ) ;
#1227 =( NAMED_UNIT ( * ) PLANE_ANGLE_UNIT ( ) SI_UNIT ( $, .RADIAN. ) );
#1228 = VERTEX_POINT ( 'NONE', #3708 ) ;
#1229 = VECTOR ( 'NONE', #33, 39.37007874015748143 ) ;
#1230 = EDGE_LOOP ( 'NONE', ( #4233, #4717, #860 ) ) ;
#1231 = LINE ( 'NONE', #3947, #5108 ) ;
#1232 = ORIENTED_EDGE ( 'NONE', *, *, #2134, .F. ) ;
#1233 = CIRCLE ( 'NONE', #5174, 0.05708664499999997755 ) ;
#1234 = VECTOR ( 'NONE', #1485, 39.37007874015748143 ) ;
#1235 =( NAMED_UNIT ( * ) SI_UNIT ( $, .STERADIAN. ) SOLID_ANGLE_UNIT ( ) );
#1236 = DIRECTION ( 'NONE',  ( 0.000000000000000000, -1.000000000000000000, 0.000000000000000000 ) ) ;
#1237 = EDGE_LOOP ( 'NONE', ( #2428, #3344, #5931, #163 ) ) ;
#1238 = CIRCLE ( 'NONE', #3136, 0.05708664500000000530 ) ;
#1239 = FACE_OUTER_BOUND ( 'NONE', #5967, .T. ) ;
#1240 = SURFACE_SIDE_STYLE ('',( #6055 ) ) ;
#1241 = AXIS2_PLACEMENT_3D ( 'NONE', #6766, #6258, #3548 ) ;
#1242 = CARTESIAN_POINT ( 'NONE',  ( -0.1618111109999999797, -0.04527561499999999822, 0.06889767499999997769 ) ) ;
#1243 = CARTESIAN_POINT ( 'NONE',  ( 0.3012878615712766273, 0.04527561499999999822, -0.03093012030338303242 ) ) ;
#1244 = LINE ( 'NONE', #713, #3817 ) ;
#1245 = ADVANCED_FACE ( 'NONE', ( #2081 ), #5549, .T. ) ;
#1246 = DIRECTION ( 'NONE',  ( -0.000000000000000000, 1.000000000000000000, -0.000000000000000000 ) ) ;
#1247 = STYLED_ITEM ( 'NONE', ( #4538 ), #5505 ) ;
#1248 = EDGE_CURVE ( 'NONE', #3966, #5310, #2112, .T. ) ;
#1249 = CARTESIAN_POINT ( 'NONE',  ( -0.2723973472798833506, 0.04330710999999999589, -0.02344719820174155991 ) ) ;
#1250 = ORIENTED_EDGE ( 'NONE', *, *, #1664, .F. ) ;
#1251 = EDGE_CURVE ( 'NONE', #3859, #4886, #2954, .T. ) ;
#1252 = CARTESIAN_POINT ( 'NONE',  ( -0.2701015841427292785, 0.04527561499999994271, -0.01493022366029021948 ) ) ;
#1253 = ORIENTED_EDGE ( 'NONE', *, *, #2052, .T. ) ;
#1254 = CARTESIAN_POINT ( 'NONE',  ( 0.05000002699999999550, -0.07223479225994784703, 5.409074136996869648E-05 ) ) ;
#1255 = CARTESIAN_POINT ( 'NONE',  ( -0.2796354770518548749, 0.04330710999999999589, -0.02197813541035827448 ) ) ;
#1256 = VERTEX_POINT ( 'NONE', #6336 ) ;
#1257 = PRESENTATION_STYLE_ASSIGNMENT (( #1186 ) ) ;
#1258 = CARTESIAN_POINT ( 'NONE',  ( -0.1500000810000000073, -0.02952757499999999688, 0.000000000000000000 ) ) ;
#1259 = STYLED_ITEM ( 'NONE', ( #2201 ), #239 ) ;
#1260 = CYLINDRICAL_SURFACE ( 'NONE', #2072, 0.03937010000000001203 ) ;
#1261 = ORIENTED_EDGE ( 'NONE', *, *, #5450, .F. ) ;
#1262 = ADVANCED_FACE ( 'NONE', ( #1525 ), #5919, .T. ) ;
#1263 = ORIENTED_EDGE ( 'NONE', *, *, #1771, .T. ) ;
#1264 = CARTESIAN_POINT ( 'NONE',  ( 0.05000002700000000244, -0.1220473100000000061, 0.000000000000000000 ) ) ;
#1265 = ORIENTED_EDGE ( 'NONE', *, *, #1796, .F. ) ;
#1266 = DIRECTION ( 'NONE',  ( 1.214169776012528962E-16, 0.1305261922200484370, -0.9914448613738109373 ) ) ;
#1267 = ORIENTED_EDGE ( 'NONE', *, *, #3322, .T. ) ;
#1268 = ORIENTED_EDGE ( 'NONE', *, *, #270, .T. ) ;
#1269 = DIRECTION ( 'NONE',  ( 0.000000000000000000, 0.000000000000000000, -1.000000000000000000 ) ) ;
#1270 = CARTESIAN_POINT ( 'NONE',  ( -0.2905432124072707678, 0.04527561499999999822, -0.02463841872836908947 ) ) ;
#1271 = LINE ( 'NONE', #4023, #2337 ) ;
#1272 = VECTOR ( 'NONE', #6914, 39.37007874015748143 ) ;
#1273 = FACE_OUTER_BOUND ( 'NONE', #3843, .T. ) ;
#1274 = DIMENSIONAL_EXPONENTS ( 1.000000000000000000, 0.000000000000000000, 0.000000000000000000, 0.000000000000000000, 0.000000000000000000, 0.000000000000000000, 0.000000000000000000 ) ;
#1275 = DIRECTION ( 'NONE',  ( 0.000000000000000000, 1.000000000000000000, 0.000000000000000000 ) ) ;
#1276 = DIRECTION ( 'NONE',  ( 0.000000000000000000, 0.1305261922200484370, 0.9914448613738109373 ) ) ;
#1277 = CARTESIAN_POINT ( 'NONE',  ( -0.3068677854340414735, 0.04527561499999999822, 0.008951279696616970191 ) ) ;
#1278 = EDGE_CURVE ( 'NONE', #4264, #4711, #5404, .T. ) ;
#1279 = TOROIDAL_SURFACE ( 'NONE', #5223, 0.01574804000000000481, 0.003937010000000000336 ) ;
#1280 = DIRECTION ( 'NONE',  ( 0.000000000000000000, 1.000000000000000000, 0.000000000000000000 ) ) ;
#1281 = FILL_AREA_STYLE_COLOUR ( '', #3246 ) ;
#1282 = ORIENTED_EDGE ( 'NONE', *, *, #1167, .F. ) ;
#1283 = CARTESIAN_POINT ( 'NONE',  ( -0.06181105699999999564, -0.04527561499999999822, -0.06889767500000000544 ) ) ;
#1284 = DIRECTION ( 'NONE',  ( -0.000000000000000000, 1.000000000000000000, -0.000000000000000000 ) ) ;
#1285 = VECTOR ( 'NONE', #6081, 39.37007874015748143 ) ;
#1286 = ORIENTED_EDGE ( 'NONE', *, *, #2691, .T. ) ;
#1287 = CARTESIAN_POINT ( 'NONE',  ( -0.2805011860406071422, 0.04527561499999999128, 0.02092532751244396624 ) ) ;
#1288 =( NAMED_UNIT ( * ) PLANE_ANGLE_UNIT ( ) SI_UNIT ( $, .RADIAN. ) );
#1289 = ADVANCED_FACE ( 'NONE', ( #3201 ), #6062, .T. ) ;
#1290 = ORIENTED_EDGE ( 'NONE', *, *, #4938, .T. ) ;
#1291 = FILL_AREA_STYLE ('',( #2335 ) ) ;
#1292 = VECTOR ( 'NONE', #3763, 39.37007874015748143 ) ;
#1293 = CARTESIAN_POINT ( 'NONE',  ( -0.1500000810000000073, -0.1023622599999999966, 0.000000000000000000 ) ) ;
#1294 = AXIS2_PLACEMENT_3D ( 'NONE', #5023, #6274, #479 ) ;
#1295 = ORIENTED_EDGE ( 'NONE', *, *, #3914, .F. ) ;
#1296 = FILL_AREA_STYLE_COLOUR ( '', #2119 ) ;
#1297 = ORIENTED_EDGE ( 'NONE', *, *, #4010, .F. ) ;
#1298 = AXIS2_PLACEMENT_3D ( 'NONE', #2221, #3897, #3347 ) ;
#1299 = CARTESIAN_POINT ( 'NONE',  ( -0.2981763387170724422, 0.04330710999999999589, -0.01054490539508088666 ) ) ;
#1300 = ORIENTED_EDGE ( 'NONE', *, *, #3299, .F. ) ;
#1301 = EDGE_CURVE ( 'NONE', #1108, #723, #2230, .T. ) ;
#1302 = LINE ( 'NONE', #3977, #4769 ) ;
#1303 = VERTEX_POINT ( 'NONE', #1625 ) ;
#1304 = DIRECTION ( 'NONE',  ( 0.000000000000000000, 0.000000000000000000, -1.000000000000000000 ) ) ;
#1305 = DIRECTION ( 'NONE',  ( 0.000000000000000000, 0.000000000000000000, -1.000000000000000000 ) ) ;
#1306 = FILL_AREA_STYLE ('',( #3985 ) ) ;
#1307 = CARTESIAN_POINT ( 'NONE',  ( -0.05000002700000000244, -0.1220473100000000061, 0.000000000000000000 ) ) ;
#1308 = CARTESIAN_POINT ( 'NONE',  ( -0.3017997726680342052, 0.04527561499999999128, -0.02602316929325578301 ) ) ;
#1309 = CARTESIAN_POINT ( 'NONE',  ( 0.2877954310000000460, 0.04527561499999999822, 0.05905515000000002152 ) ) ;
#1310 =( LENGTH_UNIT ( ) NAMED_UNIT ( * ) SI_UNIT ( $, .METRE. ) );
#1311 = CARTESIAN_POINT ( 'NONE',  ( -0.2283465799999999102, -0.04527561499999999822, 0.06889767499999997769 ) ) ;
#1312 = DIRECTION ( 'NONE',  ( 0.000000000000000000, -1.000000000000000000, 0.000000000000000000 ) ) ;
#1313 = ORIENTED_EDGE ( 'NONE', *, *, #6237, .F. ) ;
#1314 = DIRECTION ( 'NONE',  ( -0.000000000000000000, 1.000000000000000000, -0.000000000000000000 ) ) ;
#1315 = CARTESIAN_POINT ( 'NONE',  ( -0.1500000810000000073, -0.1220473100000000061, 0.02913387400000002139 ) ) ;
#1316 = FACE_OUTER_BOUND ( 'NONE', #1775, .T. ) ;
#1317 = STYLED_ITEM ( 'NONE', ( #3402 ), #606 ) ;
#1318 = ORIENTED_EDGE ( 'NONE', *, *, #4047, .F. ) ;
#1319 = CARTESIAN_POINT ( 'NONE',  ( -0.2754140326676920991, 0.04527561499999999128, 0.01595796379878327773 ) ) ;
#1320 = DIMENSIONAL_EXPONENTS ( 1.000000000000000000, 0.000000000000000000, 0.000000000000000000, 0.000000000000000000, 0.000000000000000000, 0.000000000000000000, 0.000000000000000000 ) ;
#1321 = ORIENTED_EDGE ( 'NONE', *, *, #3480, .T. ) ;
#1322 =( NAMED_UNIT ( * ) SI_UNIT ( $, .STERADIAN. ) SOLID_ANGLE_UNIT ( ) );
#1323 =( NAMED_UNIT ( * ) SI_UNIT ( $, .STERADIAN. ) SOLID_ANGLE_UNIT ( ) );
#1324 = DIRECTION ( 'NONE',  ( -0.000000000000000000, 1.000000000000000000, -0.000000000000000000 ) ) ;
#1325 = ORIENTED_EDGE ( 'NONE', *, *, #2780, .T. ) ;
#1326 = EDGE_CURVE ( 'NONE', #279, #2074, #297, .T. ) ;
#1327 = ADVANCED_FACE ( 'NONE', ( #4732 ), #2361, .F. ) ;
#1328 = DIRECTION ( 'NONE',  ( -0.1240347345892084674, 0.000000000000000000, -0.9922778767136677391 ) ) ;
#1329 = ORIENTED_EDGE ( 'NONE', *, *, #5355, .T. ) ;
#1330 = EDGE_CURVE ( 'NONE', #1082, #3117, #2893, .T. ) ;
#1331 = DIRECTION ( 'NONE',  ( -0.000000000000000000, 0.000000000000000000, 1.000000000000000000 ) ) ;
#1332 = EDGE_CURVE ( 'NONE', #6423, #34, #6276, .T. ) ;
#1333 = VERTEX_POINT ( 'NONE', #3273 ) ;
#1334 = CARTESIAN_POINT ( 'NONE',  ( 0.1618111110000000352, -0.04527561499999999822, -0.05590554199999997476 ) ) ;
#1335 = UNCERTAINTY_MEASURE_WITH_UNIT (LENGTH_MEASURE( 1.000000000000000082E-05 ), #5702, 'distance_accuracy_value', 'NONE');
#1336 = ORIENTED_EDGE ( 'NONE', *, *, #1631, .F. ) ;
#1337 = CARTESIAN_POINT ( 'NONE',  ( 0.2877954310000000460, -0.02952757499999999688, 1.762238766916914599E-17 ) ) ;
#1338 = CIRCLE ( 'NONE', #888, 0.05905515000000000070 ) ;
#1339 = DIRECTION ( 'NONE',  ( 0.000000000000000000, 0.000000000000000000, -1.000000000000000000 ) ) ;
#1340 = AXIS2_PLACEMENT_3D ( 'NONE', #4746, #5318, #1435 ) ;
#1341 = DIRECTION ( 'NONE',  ( 0.000000000000000000, 0.000000000000000000, 1.000000000000000000 ) ) ;
#1342 = DIRECTION ( 'NONE',  ( -0.000000000000000000, 0.000000000000000000, 1.000000000000000000 ) ) ;
#1343 = DIRECTION ( 'NONE',  ( -0.000000000000000000, -1.000000000000000000, -0.000000000000000000 ) ) ;
#1344 = LINE ( 'NONE', #3478, #6468 ) ;
#1345 = CARTESIAN_POINT ( 'NONE',  ( 0.1500000810000000073, -0.02952757499999999688, 0.000000000000000000 ) ) ;
#1346 = COLOUR_RGB ( '',1.000000000000000000, 0.8117647058823529438, 0.5019607843137254832 ) ;
#1347 = CARTESIAN_POINT ( 'NONE',  ( -0.1381890510000000072, -0.04527561499999999822, -0.06889767500000000544 ) ) ;
#1348 = AXIS2_PLACEMENT_3D ( 'NONE', #2847, #3374, #4778 ) ;
#1349 = ORIENTED_EDGE ( 'NONE', *, *, #3651, .F. ) ;
#1350 = AXIS2_PLACEMENT_3D ( 'NONE', #3917, #5497, #2429 ) ;
#1351 = CARTESIAN_POINT ( 'NONE',  ( -0.2991982854340414777, 0.04330710999999999589, -0.01537541561588303025 ) ) ;
#1352 = LINE ( 'NONE', #4071, #4056 ) ;
#1353 = AXIS2_PLACEMENT_3D ( 'NONE', #2505, #4107, #927 ) ;
#1354 = CARTESIAN_POINT ( 'NONE',  ( -0.2746649313000362747, 0.04527561499999999822, 0.01224318147037011320 ) ) ;
#1355 = CARTESIAN_POINT ( 'NONE',  ( -0.2878465880360887019, 0.04330710999999999589, 0.02887671920880574561 ) ) ;
#1356 = ORIENTED_EDGE ( 'NONE', *, *, #4913, .F. ) ;
#1357 = VECTOR ( 'NONE', #2461, 39.37007874015748143 ) ;
#1358 =( CONVERSION_BASED_UNIT ( 'INCH', #1876 ) LENGTH_UNIT ( ) NAMED_UNIT ( #199 ) );
#1359 =( NAMED_UNIT ( * ) PLANE_ANGLE_UNIT ( ) SI_UNIT ( $, .RADIAN. ) );
#1360 = VERTEX_POINT ( 'NONE', #3404 ) ;
#1361 =( CONVERSION_BASED_UNIT ( 'INCH', #5137 ) LENGTH_UNIT ( ) NAMED_UNIT ( #3709 ) );
#1362 = VERTEX_POINT ( 'NONE', #5957 ) ;
#1363 =( NAMED_UNIT ( * ) PLANE_ANGLE_UNIT ( ) SI_UNIT ( $, .RADIAN. ) );
#1364 = ORIENTED_EDGE ( 'NONE', *, *, #4491, .T. ) ;
#1365 = CARTESIAN_POINT ( 'NONE',  ( -0.1381890510000000072, -0.04527561499999999822, 0.05595963274136995375 ) ) ;
#1366 = ADVANCED_FACE ( 'NONE', ( #5572 ), #151, .F. ) ;
#1367 = VERTEX_POINT ( 'NONE', #1140 ) ;
#1368 = ADVANCED_FACE ( 'NONE', ( #2778 ), #2253, .T. ) ;
#1369 = CARTESIAN_POINT ( 'NONE',  ( -0.2861317939763694529, 0.04330710999999999589, 0.02198008674612776311 ) ) ;
#1370 =( CONVERSION_BASED_UNIT ( 'INCH', #4055 ) LENGTH_UNIT ( ) NAMED_UNIT ( #4791 ) );
#1371 = EDGE_CURVE ( 'NONE', #1643, #4814, #5478, .T. ) ;
#1372 = EDGE_LOOP ( 'NONE', ( #1263, #993, #5870, #2517 ) ) ;
#1373 = DIRECTION ( 'NONE',  ( 0.000000000000000000, 0.000000000000000000, 1.000000000000000000 ) ) ;
#1374 = LINE ( 'NONE', #3586, #900 ) ;
#1375 = CARTESIAN_POINT ( 'NONE',  ( -0.1381890510000000072, -0.02952757499999999688, 0.06889767499999997769 ) ) ;
#1376 = DIRECTION ( 'NONE',  ( 0.000000000000000000, 0.000000000000000000, 1.000000000000000000 ) ) ;
#1377 = CARTESIAN_POINT ( 'NONE',  ( 0.1500000810000000073, -0.1023622599999999966, 0.05708664500000000530 ) ) ;
#1378 = FILL_AREA_STYLE ('',( #5191 ) ) ;
#1379 = DIRECTION ( 'NONE',  ( -0.000000000000000000, 1.000000000000000000, -0.000000000000000000 ) ) ;
#1380 =( GEOMETRIC_REPRESENTATION_CONTEXT ( 3 ) GLOBAL_UNCERTAINTY_ASSIGNED_CONTEXT ( ( #4221 ) ) GLOBAL_UNIT_ASSIGNED_CONTEXT ( ( #6466, #3778, #4967 ) ) REPRESENTATION_CONTEXT ( 'NONE', 'WORKASPACE' ) );
#1381 =( CONVERSION_BASED_UNIT ( 'INCH', #6124 ) LENGTH_UNIT ( ) NAMED_UNIT ( #4255 ) );
#1382 = VERTEX_POINT ( 'NONE', #4451 ) ;
#1383 = DIRECTION ( 'NONE',  ( -0.000000000000000000, 1.000000000000000000, -0.000000000000000000 ) ) ;
#1384 = CARTESIAN_POINT ( 'NONE',  ( -0.2932908105661848897, 0.04330711000000000283, 0.02817331349606804619 ) ) ;
#1385 = DIRECTION ( 'NONE',  ( 0.000000000000000000, 1.000000000000000000, 0.000000000000000000 ) ) ;
#1386 = LINE ( 'NONE', #3520, #6173 ) ;
#1387 = CARTESIAN_POINT ( 'NONE',  ( -0.2894076893402914297, 0.04330710999999999589, 0.0007065671966169690841 ) ) ;
#1388 = EDGE_CURVE ( 'NONE', #5468, #41, #4968, .T. ) ;
#1389 = CARTESIAN_POINT ( 'NONE',  ( -0.3067725601861164275, 0.04330710999999998201, 0.01116015332463097219 ) ) ;
#1390 = VECTOR ( 'NONE', #5236, 39.37007874015748143 ) ;
#1391 = ORIENTED_EDGE ( 'NONE', *, *, #3956, .F. ) ;
#1392 = VECTOR ( 'NONE', #1284, 39.37007874015748143 ) ;
#1393 = CARTESIAN_POINT ( 'NONE',  ( -0.2817077147201570986, 0.04330711000000000283, -0.003844995780401616516 ) ) ;
#1394 = VERTEX_POINT ( 'NONE', #5987 ) ;
#1395 = AXIS2_PLACEMENT_3D ( 'NONE', #2483, #979, #3010 ) ;
#1396 =( NAMED_UNIT ( * ) SI_UNIT ( $, .STERADIAN. ) SOLID_ANGLE_UNIT ( ) );
#1397 = AXIS2_PLACEMENT_3D ( 'NONE', #2518, #1009, #4605 ) ;
#1398 = VERTEX_POINT ( 'NONE', #6059 ) ;
#1399 = DIRECTION ( 'NONE',  ( 0.000000000000000000, 0.000000000000000000, 1.000000000000000000 ) ) ;
#1400 = VECTOR ( 'NONE', #128, 39.37007874015748143 ) ;
#1401 = VERTEX_POINT ( 'NONE', #2325 ) ;
#1402 = DIRECTION ( 'NONE',  ( 0.000000000000000000, 0.000000000000000000, -1.000000000000000000 ) ) ;
#1403 = UNCERTAINTY_MEASURE_WITH_UNIT (LENGTH_MEASURE( 1.000000000000000082E-05 ), #1911, 'distance_accuracy_value', 'NONE');
#1404 = ORIENTED_EDGE ( 'NONE', *, *, #3572, .F. ) ;
#1405 = CARTESIAN_POINT ( 'NONE',  ( -0.2758657441363972507, 0.04527561500000000516, 0.01684574247147230600 ) ) ;
#1406 = AXIS2_PLACEMENT_3D ( 'NONE', #1827, #5113, #6626 ) ;
#1407 = FILL_AREA_STYLE_COLOUR ( '', #2114 ) ;
#1408 = EDGE_LOOP ( 'NONE', ( #4914, #1181, #3910, #4401 ) ) ;
#1409 = CARTESIAN_POINT ( 'NONE',  ( -0.2782210072489466612, 0.04527561500000000516, 0.004713426419810170728 ) ) ;
#1410 = DIRECTION ( 'NONE',  ( -0.000000000000000000, 1.000000000000000000, -0.000000000000000000 ) ) ;
#1411 = DIRECTION ( 'NONE',  ( 0.000000000000000000, 0.000000000000000000, -1.000000000000000000 ) ) ;
#1412 = CONICAL_SURFACE ( 'NONE', #972, 0.02952757500000001076, 1.439896632895325101 ) ;
#1413 = DIRECTION ( 'NONE',  ( 0.000000000000000000, 1.000000000000000000, 0.000000000000000000 ) ) ;
#1414 = CARTESIAN_POINT ( 'NONE',  ( -0.2777871408192225666, 0.04330711000000000976, 0.01920593186324980745 ) ) ;
#1415 = PLANE ( 'NONE',  #600 ) ;
#1416 = COLOUR_RGB ( '',0.1019607843137254888, 0.1019607843137254888, 0.1019607843137254888 ) ;
#1417 = CYLINDRICAL_SURFACE ( 'NONE', #2125, 0.03937010000000001203 ) ;
#1418 = EDGE_LOOP ( 'NONE', ( #5448, #6246, #4817, #6682 ) ) ;
#1419 = SURFACE_STYLE_USAGE ( .BOTH. , #6231 ) ;
#1420 = EDGE_CURVE ( 'NONE', #3619, #2633, #1176, .T. ) ;
#1421 =( LENGTH_UNIT ( ) NAMED_UNIT ( * ) SI_UNIT ( $, .METRE. ) );
#1422 = LINE ( 'NONE', #1351, #1392 ) ;
#1423 = DIRECTION ( 'NONE',  ( 0.000000000000000000, 0.000000000000000000, -1.000000000000000000 ) ) ;
#1424 = CARTESIAN_POINT ( 'NONE',  ( -0.2875578546855666606, 0.04527561499999997741, -0.02478496819669168127 ) ) ;
#1425 = VERTEX_POINT ( 'NONE', #2844 ) ;
#1426 = CARTESIAN_POINT ( 'NONE',  ( -0.2844084288528592741, 0.04527561500000000516, 0.02882505403901407595 ) ) ;
#1427 = CARTESIAN_POINT ( 'NONE',  ( -0.2872980702213435711, 0.04330710999999998895, -0.005311217293554978090 ) ) ;
#1428 = ORIENTED_EDGE ( 'NONE', *, *, #3109, .T. ) ;
#1429 = PRESENTATION_STYLE_ASSIGNMENT (( #4078 ) ) ;
#1430 = ORIENTED_EDGE ( 'NONE', *, *, #6225, .F. ) ;
#1431 = CARTESIAN_POINT ( 'NONE',  ( -0.2972689268402914364, 0.04330710999999999589, -0.009383618740883028359 ) ) ;
#1432 = DIRECTION ( 'NONE',  ( -0.000000000000000000, 1.000000000000000000, -0.000000000000000000 ) ) ;
#1433 = CARTESIAN_POINT ( 'NONE',  ( -0.2879936252777913763, 0.04330710999999999589, -0.02479452030338303442 ) ) ;
#1434 = EDGE_LOOP ( 'NONE', ( #719, #2467, #1749, #6492 ) ) ;
#1435 = DIRECTION ( 'NONE',  ( 0.000000000000000000, 0.000000000000000000, 1.000000000000000000 ) ) ;
#1436 = DIRECTION ( 'NONE',  ( 0.000000000000000000, 0.000000000000000000, 1.000000000000000000 ) ) ;
#1437 = EDGE_LOOP ( 'NONE', ( #1035, #930 ) ) ;
#1438 = CARTESIAN_POINT ( 'NONE',  ( -0.2749134398339282415, 0.04330710999999998895, 0.009421344156827523089 ) ) ;
#1439 = CARTESIAN_POINT ( 'NONE',  ( -0.3052894788628106038, 0.04527561499999999128, -0.01360920641885193100 ) ) ;
#1440 = CARTESIAN_POINT ( 'NONE',  ( -0.06181105699999998176, -0.02952757499999999688, -0.05590554199999997476 ) ) ;
#1441 = CYLINDRICAL_SURFACE ( 'NONE', #5372, 0.01968505000000000602 ) ;
#1442 = DIRECTION ( 'NONE',  ( -0.000000000000000000, 1.000000000000000000, -0.000000000000000000 ) ) ;
#1443 = CARTESIAN_POINT ( 'NONE',  ( -0.2746826042473038965, 0.04330710999999999589, 0.01296195885208190415 ) ) ;
#1444 = FILL_AREA_STYLE ('',( #498 ) ) ;
#1445 = AXIS2_PLACEMENT_3D ( 'NONE', #2320, #1236, #3367 ) ;
#1446 = CARTESIAN_POINT ( 'NONE',  ( -0.2884822182040684968, 0.04527561499999997741, -0.005600160213854172946 ) ) ;
#1447 = CARTESIAN_POINT ( 'NONE',  ( -0.2746558854340414579, 0.04330710999999999589, 0.01187527657161697135 ) ) ;
#1448 = ORIENTED_EDGE ( 'NONE', *, *, #1332, .T. ) ;
#1449 = VECTOR ( 'NONE', #6089, 39.37007874015748143 ) ;
#1450 = AXIS2_PLACEMENT_3D ( 'NONE', #1575, #3760, #243 ) ;
#1451 = CARTESIAN_POINT ( 'NONE',  ( -0.05000002700000000244, -0.1220473100000000061, -0.02618111650000000054 ) ) ;
#1452 = CARTESIAN_POINT ( 'NONE',  ( 0.2006744615700000178, -0.02952757499999999688, 0.02628673032544807942 ) ) ;
#1453 =( GEOMETRIC_REPRESENTATION_CONTEXT ( 3 ) GLOBAL_UNCERTAINTY_ASSIGNED_CONTEXT ( ( #5214 ) ) GLOBAL_UNIT_ASSIGNED_CONTEXT ( ( #1370, #2280, #1235 ) ) REPRESENTATION_CONTEXT ( 'NONE', 'WORKASPACE' ) );
#1454 = ADVANCED_FACE ( 'NONE', ( #5501 ), #5439, .F. ) ;
#1455 = DIRECTION ( 'NONE',  ( 0.000000000000000000, 0.000000000000000000, 1.000000000000000000 ) ) ;
#1456 = CARTESIAN_POINT ( 'NONE',  ( -0.3013803778871502193, 0.04527561499999997047, 0.02354331303734851638 ) ) ;
#1457 = EDGE_CURVE ( 'NONE', #5756, #6690, #219, .T. ) ;
#1458 = DIMENSIONAL_EXPONENTS ( 1.000000000000000000, 0.000000000000000000, 0.000000000000000000, 0.000000000000000000, 0.000000000000000000, 0.000000000000000000, 0.000000000000000000 ) ;
#1459 = EDGE_LOOP ( 'NONE', ( #3822, #1552, #21, #4960 ) ) ;
#1460 = EDGE_CURVE ( 'NONE', #5912, #5203, #2748, .T. ) ;
#1461 = AXIS2_PLACEMENT_3D ( 'NONE', #5002, #5532, #3475 ) ;
#1462 = CIRCLE ( 'NONE', #1687, 0.05708664500000004000 ) ;
#1463 = CARTESIAN_POINT ( 'NONE',  ( -0.2804971642436654422, 0.04330710999999998201, -0.003455810296413547051 ) ) ;
#1465 = EDGE_CURVE ( 'NONE', #6584, #2157, #3924, .T. ) ;
#1464 = AXIS2_PLACEMENT_3D ( 'NONE', #3841, #4, #6489 ) ;
#1466 = ORIENTED_EDGE ( 'NONE', *, *, #4684, .F. ) ;
#1467 = VECTOR ( 'NONE', #1725, 39.37007874015748143 ) ;
#1468 = ORIENTED_EDGE ( 'NONE', *, *, #2496, .F. ) ;
#1469 = CARTESIAN_POINT ( 'NONE',  ( -0.2878857729340414395, 0.04527561499999999822, -0.005452999990883026712 ) ) ;
#1470 = DIRECTION ( 'NONE',  ( 0.000000000000000000, 0.000000000000000000, 1.000000000000000000 ) ) ;
#1471 = CARTESIAN_POINT ( 'NONE',  ( -0.2697543013787945254, 0.04527561499999999128, 0.005036072304007179617 ) ) ;
#1472 = ORIENTED_EDGE ( 'NONE', *, *, #2995, .T. ) ;
#1473 = DIRECTION ( 'NONE',  ( 0.000000000000000000, -1.000000000000000000, 0.000000000000000000 ) ) ;
#1474 = CARTESIAN_POINT ( 'NONE',  ( 0.2006744615700000178, -0.02952757499999999688, -0.02628673032544805513 ) ) ;
#1475 = VERTEX_POINT ( 'NONE', #1277 ) ;
#1476 = CARTESIAN_POINT ( 'NONE',  ( -0.2894076893402914297, 0.04330710999999999589, 0.0007065671966169690841 ) ) ;
#1477 = EDGE_CURVE ( 'NONE', #3979, #1256, #1244, .T. ) ;
#1478 = CARTESIAN_POINT ( 'NONE',  ( -0.3028745195518279254, 0.04527561499999999128, -0.006898720731472775258 ) ) ;
#1479 = CARTESIAN_POINT ( 'NONE',  ( 0.1500000810000000073, -0.1771654499999999743, 0.000000000000000000 ) ) ;
#1480 = DIRECTION ( 'NONE',  ( -0.000000000000000000, -1.000000000000000000, -0.000000000000000000 ) ) ;
#1481 = CARTESIAN_POINT ( 'NONE',  ( 0.1618111110000000352, -0.07223479225994784703, -0.06889767499999997769 ) ) ;
#1482 = CARTESIAN_POINT ( 'NONE',  ( 0.2759785115712766190, 0.04527561499999999822, -0.01888660858463303213 ) ) ;
#1483 = DIRECTION ( 'NONE',  ( -0.000000000000000000, 1.000000000000000000, -0.000000000000000000 ) ) ;
#1484 = ORIENTED_EDGE ( 'NONE', *, *, #4041, .F. ) ;
#1485 = DIRECTION ( 'NONE',  ( 1.000000000000000000, 0.000000000000000000, 0.000000000000000000 ) ) ;
#1486 = DIRECTION ( 'NONE',  ( 1.000000000000000000, 0.000000000000000000, 0.000000000000000000 ) ) ;
#1487 = CARTESIAN_POINT ( 'NONE',  ( -0.2871188229340413955, 0.04330710999999999589, 0.02889197969661697063 ) ) ;
#1488 = DIRECTION ( 'NONE',  ( 0.000000000000000000, 0.1305261922200484370, 0.9914448613738109373 ) ) ;
#1489 = CARTESIAN_POINT ( 'NONE',  ( -0.3026261353952934274, 0.04330710999999998895, 0.02214254449605968303 ) ) ;
#1490 = VERTEX_POINT ( 'NONE', #4905 ) ;
#1491 = AXIS2_PLACEMENT_3D ( 'NONE', #3637, #1556, #2638 ) ;
#1492 = B_SPLINE_CURVE_WITH_KNOTS ( 'NONE', 3,
 ( #474, #2601, #6883, #6367, #2323, #3811, #6502, #6531, #2842, #4415, #2215 ),
 .UNSPECIFIED., .F., .F.,
 ( 4, 1, 1, 1, 1, 1, 1, 1, 4 ),
 ( 0.000000000000000000, 0.1693237986142583362, 0.3253554330119025617, 0.4689155231524423373, 0.6003115468851106806, 0.7188463901177625237, 0.8249851745593393959, 0.9187577878191778291, 1.000000000000000000 ),
 .UNSPECIFIED. ) ;
#1493 = AXIS2_PLACEMENT_3D ( 'NONE', #2672, #3707, #1066 ) ;
#1494 = EDGE_CURVE ( 'NONE', #1218, #5815, #6725, .T. ) ;
#1495 = LENGTH_MEASURE_WITH_UNIT ( LENGTH_MEASURE( 0.02539999999999999897 ), #4114 );
#1496 = ORIENTED_EDGE ( 'NONE', *, *, #4135, .T. ) ;
#1497 = AXIS2_PLACEMENT_3D ( 'NONE', #3131, #376, #438 ) ;
#1498 =( NAMED_UNIT ( * ) SI_UNIT ( $, .STERADIAN. ) SOLID_ANGLE_UNIT ( ) );
#1499 = CYLINDRICAL_SURFACE ( 'NONE', #4883, 0.02913387400000000058 ) ;
#1500 = DIRECTION ( 'NONE',  ( -0.000000000000000000, -1.000000000000000000, -0.000000000000000000 ) ) ;
#1501 = EDGE_CURVE ( 'NONE', #1198, #2196, #4603, .T. ) ;
#1502 = CARTESIAN_POINT ( 'NONE',  ( -0.2755165691926769189, 0.04330710999999999589, -0.001387992987683239667 ) ) ;
#1503 = VECTOR ( 'NONE', #4438, 39.37007874015748143 ) ;
#1504 = VERTEX_POINT ( 'NONE', #6734 ) ;
#1505 = CARTESIAN_POINT ( 'NONE',  ( -0.2746690755036382270, 0.04527561499999999822, 0.01145095386418030353 ) ) ;
#1506 = VERTEX_POINT ( 'NONE', #6770 ) ;
#1507 = CARTESIAN_POINT ( 'NONE',  ( -0.2887880313093656448, 0.04330710999999999589, 0.0008765389524856332824 ) ) ;
#1508 = SURFACE_STYLE_FILL_AREA ( #1997 ) ;
#1509 = CARTESIAN_POINT ( 'NONE',  ( -0.2879936252777913763, 0.04330710999999999589, -0.02479452030338303442 ) ) ;
#1510 = AXIS2_PLACEMENT_3D ( 'NONE', #2872, #5034, #6591 ) ;
#1511 = CARTESIAN_POINT ( 'NONE',  ( -0.3035536721080016043, 0.04527561500000000516, -0.02343128196848898170 ) ) ;
#1512 = FACE_BOUND ( 'NONE', #5612, .T. ) ;
#1513 = AXIS2_PLACEMENT_3D ( 'NONE', #5375, #6506, #5892 ) ;
#1514 = MANIFOLD_SOLID_BREP ( 'Scale1[9]', #3800 ) ;
#1515 = LINE ( 'NONE', #3731, #1467 ) ;
#1516 = PRODUCT_DEFINITION_FORMATION_WITH_SPECIFIED_SOURCE ( 'ANY', '', #6499, .NOT_KNOWN. ) ;
#1517 = DIRECTION ( 'NONE',  ( 0.000000000000000000, -1.000000000000000000, 0.000000000000000000 ) ) ;
#1518 = AXIS2_PLACEMENT_3D ( 'NONE', #987, #1480, #403 ) ;
#1519 = EDGE_LOOP ( 'NONE', ( #5763, #4205, #6110, #4668 ) ) ;
#1520 = CARTESIAN_POINT ( 'NONE',  ( -0.05000002700000000244, -0.1200788050000000107, -0.02913387400000000058 ) ) ;
#1521 = VECTOR ( 'NONE', #4512, 39.37007874015748143 ) ;
#1522 = DIRECTION ( 'NONE',  ( 1.000000000000000000, 0.000000000000000000, 0.000000000000000000 ) ) ;
#1523 = DIRECTION ( 'NONE',  ( 1.000000000000000000, 0.000000000000000000, -1.224646799147353207E-16 ) ) ;
#1524 = CARTESIAN_POINT ( 'NONE',  ( 0.1500000810000000073, 0.04527561499999999822, 0.02952757500000000035 ) ) ;
#1525 = FACE_OUTER_BOUND ( 'NONE', #2369, .T. ) ;
#1526 = ORIENTED_EDGE ( 'NONE', *, *, #6149, .T. ) ;
#1527 = AXIS2_PLACEMENT_3D ( 'NONE', #5415, #3352, #2264 ) ;
#1528 = MANIFOLD_SOLID_BREP ( 'Scale1[7]', #6806 ) ;
#1529 =( NAMED_UNIT ( * ) SI_UNIT ( $, .STERADIAN. ) SOLID_ANGLE_UNIT ( ) );
#1530 = ORIENTED_EDGE ( 'NONE', *, *, #3829, .T. ) ;
#1531 = CARTESIAN_POINT ( 'NONE',  ( -0.2932908105661848897, 0.04527561500000000516, 0.02817331349606804619 ) ) ;
#1532 = ORIENTED_EDGE ( 'NONE', *, *, #6099, .F. ) ;
#1533 = UNCERTAINTY_MEASURE_WITH_UNIT (LENGTH_MEASURE( 1.000000000000000082E-05 ), #5956, 'distance_accuracy_value', 'NONE');
#1534 = CARTESIAN_POINT ( 'NONE',  ( 0.2759785115712766190, 0.04330710999999999589, 0.02812502969661697175 ) ) ;
#1535 = DIRECTION ( 'NONE',  ( -0.000000000000000000, 1.000000000000000000, -0.000000000000000000 ) ) ;
#1536 = DIRECTION ( 'NONE',  ( -0.000000000000000000, 1.000000000000000000, -0.000000000000000000 ) ) ;
#1537 = EDGE_LOOP ( 'NONE', ( #4850, #3905, #2407, #3291 ) ) ;
#1538 = ADVANCED_FACE ( 'NONE', ( #4545 ), #2530, .T. ) ;
#1539 = CARTESIAN_POINT ( 'NONE',  ( -0.2746649313000362747, 0.04330710999999999589, 0.01224318147037011320 ) ) ;
#1540 = EDGE_CURVE ( 'NONE', #1394, #3327, #5325, .T. ) ;
#1541 = DIRECTION ( 'NONE',  ( 0.000000000000000000, 0.000000000000000000, -1.000000000000000000 ) ) ;
#1542 = EDGE_CURVE ( 'NONE', #3995, #940, #4286, .T. ) ;
#1543 = EDGE_LOOP ( 'NONE', ( #418, #3734 ) ) ;
#1544 = CARTESIAN_POINT ( 'NONE',  ( -0.2791389401421737748, 0.04527561499999997047, 0.004140423177806690225 ) ) ;
#1545 = FACE_OUTER_BOUND ( 'NONE', #4700, .T. ) ;
#1546 = DIRECTION ( 'NONE',  ( 0.000000000000000000, -1.000000000000000000, 0.000000000000000000 ) ) ;
#1547 = SURFACE_STYLE_USAGE ( .BOTH. , #3097 ) ;
#1548 = CARTESIAN_POINT ( 'NONE',  ( -0.2877954310000000460, -0.04527561499999999822, -0.05905514999999998682 ) ) ;
#1549 = EDGE_CURVE ( 'NONE', #1784, #5912, #2593, .T. ) ;
#1550 = CARTESIAN_POINT ( 'NONE',  ( -0.2884822182040684968, 0.04330710999999998201, -0.005600160213854172946 ) ) ;
#1551 = DIRECTION ( 'NONE',  ( 0.000000000000000000, 0.000000000000000000, -1.000000000000000000 ) ) ;
#1552 = ORIENTED_EDGE ( 'NONE', *, *, #3205, .T. ) ;
#1553 = CARTESIAN_POINT ( 'NONE',  ( 0.3074234615712765906, 0.04330710999999999589, -0.03093012030338303242 ) ) ;
#1554 = FILL_AREA_STYLE_COLOUR ( '', #6707 ) ;
#1555 = CARTESIAN_POINT ( 'NONE',  ( 0.3012878615712766273, 0.04330710999999999589, 0.01614143594661697143 ) ) ;
#1556 = DIRECTION ( 'NONE',  ( 0.000000000000000000, 1.000000000000000000, 0.000000000000000000 ) ) ;
#1557 = LINE ( 'NONE', #969, #1929 ) ;
#1558 = DIRECTION ( 'NONE',  ( 0.000000000000000000, 0.000000000000000000, -1.000000000000000000 ) ) ;
#1559 = ORIENTED_EDGE ( 'NONE', *, *, #6442, .F. ) ;
#1560 = AXIS2_PLACEMENT_3D ( 'NONE', #291, #6622, #1373 ) ;
#1561 = EDGE_LOOP ( 'NONE', ( #5584, #3281, #767, #6651 ) ) ;
#1562 = EDGE_CURVE ( 'NONE', #3699, #3546, #6068, .T. ) ;
#1563 = CYLINDRICAL_SURFACE ( 'NONE', #3746, 0.03937010000000001203 ) ;
#1564 = STYLED_ITEM ( 'NONE', ( #5605 ), #1528 ) ;
#1565 = COLOUR_RGB ( '',0.1019607843137254888, 0.1019607843137254888, 0.1019607843137254888 ) ;
#1566 = VERTEX_POINT ( 'NONE', #4794 ) ;
#1567 = VECTOR ( 'NONE', #1824, 39.37007874015748143 ) ;
#1568 = CYLINDRICAL_SURFACE ( 'NONE', #6169, 0.05708664499999999142 ) ;
#1569 = CARTESIAN_POINT ( 'NONE',  ( 0.05000002700000000244, -0.1220473100000000061, 0.000000000000000000 ) ) ;
#1570 = PRESENTATION_LAYER_ASSIGNMENT (  '', '', ( #5054 ) ) ;
#1571 = CARTESIAN_POINT ( 'NONE',  ( -0.2843136312980406033, 0.04527561500000001904, -0.02442230082101217586 ) ) ;
#1572 = CONICAL_SURFACE ( 'NONE', #5517, 0.02952757500000000035, 1.439896632895325101 ) ;
#1573 = ORIENTED_EDGE ( 'NONE', *, *, #4991, .T. ) ;
#1574 = CARTESIAN_POINT ( 'NONE',  ( -0.2750827754685481463, 0.04330710999999999589, 0.01500837693904688228 ) ) ;
#1575 = CARTESIAN_POINT ( 'NONE',  ( -0.3014716704678463421, 0.04330710999999998895, 0.02340419278881593346 ) ) ;
#1576 = ORIENTED_EDGE ( 'NONE', *, *, #2139, .F. ) ;
#1577 = CARTESIAN_POINT ( 'NONE',  ( -0.2768083057277389569, 0.04527561499999999822, -0.02843498807922953744 ) ) ;
#1578 = DIRECTION ( 'NONE',  ( -0.000000000000000000, 1.000000000000000000, -0.000000000000000000 ) ) ;
#1579 = DIRECTION ( 'NONE',  ( 1.000000000000000000, 0.000000000000000000, 0.000000000000000000 ) ) ;
#1580 = ADVANCED_FACE ( 'NONE', ( #4823 ), #2558, .F. ) ;
#1581 = ORIENTED_EDGE ( 'NONE', *, *, #4991, .F. ) ;
#1582 = CARTESIAN_POINT ( 'NONE',  ( 0.03818899699999998842, -0.04527561499999999822, -0.05590554199999997476 ) ) ;
#1583 = FILL_AREA_STYLE ('',( #501 ) ) ;
#1584 = ORIENTED_EDGE ( 'NONE', *, *, #768, .F. ) ;
#1585 = SURFACE_SIDE_STYLE ('',( #6401 ) ) ;
#1586 = CARTESIAN_POINT ( 'NONE',  ( -0.2736291285032008691, 0.04527561499999997741, 0.02424338214889001572 ) ) ;
#1587 = CARTESIAN_POINT ( 'NONE',  ( -0.05000002700000000244, -0.1771654499999999743, -0.02618111650000000054 ) ) ;
#1588 = DIRECTION ( 'NONE',  ( -0.000000000000000000, 1.000000000000000000, -0.000000000000000000 ) ) ;
#1589 = DIRECTION ( 'NONE',  ( -0.000000000000000000, 1.000000000000000000, -0.000000000000000000 ) ) ;
#1590 = DIRECTION ( 'NONE',  ( 0.000000000000000000, 0.000000000000000000, 1.000000000000000000 ) ) ;
#1591 = DIMENSIONAL_EXPONENTS ( 1.000000000000000000, 0.000000000000000000, 0.000000000000000000, 0.000000000000000000, 0.000000000000000000, 0.000000000000000000, 0.000000000000000000 ) ;
#1592 = ORIENTED_EDGE ( 'NONE', *, *, #89, .T. ) ;
#1593 = EDGE_CURVE ( 'NONE', #5940, #4970, #6890, .T. ) ;
#1594 = CARTESIAN_POINT ( 'NONE',  ( -0.1500000810000000073, -0.1771654499999999743, 0.000000000000000000 ) ) ;
#1595 = VERTEX_POINT ( 'NONE', #5295 ) ;
#1596 = FILL_AREA_STYLE ('',( #3787 ) ) ;
#1597 = ORIENTED_EDGE ( 'NONE', *, *, #2655, .F. ) ;
#1598 = ADVANCED_FACE ( 'NONE', ( #4754 ), #6294, .F. ) ;
#1599 = CARTESIAN_POINT ( 'NONE',  ( 0.05000002700000000244, -0.1771654499999999743, 0.000000000000000000 ) ) ;
#1600 = STYLED_ITEM ( 'NONE', ( #6569 ), #3140 ) ;
#1601 = CARTESIAN_POINT ( 'NONE',  ( -0.03818899699999998842, -0.07223479225994784703, 0.05590554199999997476 ) ) ;
#1602 =( NAMED_UNIT ( * ) PLANE_ANGLE_UNIT ( ) SI_UNIT ( $, .RADIAN. ) );
#1603 = CIRCLE ( 'NONE', #936, 0.003937009999999999468 ) ;
#1604 = PRESENTATION_LAYER_ASSIGNMENT (  '', '', ( #1822 ) ) ;
#1605 = ORIENTED_EDGE ( 'NONE', *, *, #3609, .F. ) ;
#1606 = AXIS2_PLACEMENT_3D ( 'NONE', #4902, #3340, #4414 ) ;
#1607 = CYLINDRICAL_SURFACE ( 'NONE', #6166, 0.05708664499999999142 ) ;
#1608 = ORIENTED_EDGE ( 'NONE', *, *, #6183, .T. ) ;
#1609 = CARTESIAN_POINT ( 'NONE',  ( -0.2283465799999999102, -0.02952757499999999688, 0.06889767499999997769 ) ) ;
#1610 = CIRCLE ( 'NONE', #3642, 0.05905515000000000070 ) ;
#1611 = DIRECTION ( 'NONE',  ( 0.000000000000000000, -0.000000000000000000, -1.000000000000000000 ) ) ;
#1612 = CARTESIAN_POINT ( 'NONE',  ( 0.2877954310000000460, 0.04133860499999999355, 1.762238766916914599E-17 ) ) ;
#1613 = SURFACE_STYLE_FILL_AREA ( #3157 ) ;
#1614 = ORIENTED_EDGE ( 'NONE', *, *, #3646, .T. ) ;
#1615 = MANIFOLD_SOLID_BREP ( 'Scale1[2]', #6478 ) ;
#1616 = DIRECTION ( 'NONE',  ( -0.000000000000000000, 1.000000000000000000, -0.000000000000000000 ) ) ;
#1617 = ORIENTED_EDGE ( 'NONE', *, *, #1789, .T. ) ;
#1618 = AXIS2_PLACEMENT_3D ( 'NONE', #2204, #4818, #77 ) ;
#1619 = PLANE ( 'NONE',  #4449 ) ;
#1620 = LINE ( 'NONE', #5367, #2906 ) ;
#1621 = LINE ( 'NONE', #1765, #3978 ) ;
#1622 = FACE_OUTER_BOUND ( 'NONE', #4013, .T. ) ;
#1623 = TOROIDAL_SURFACE ( 'NONE', #2745, 0.05511814000000000296, 0.003937010000000000336 ) ;
#1624 = DIRECTION ( 'NONE',  ( 1.000000000000000000, 0.000000000000000000, 0.000000000000000000 ) ) ;
#1625 = CARTESIAN_POINT ( 'NONE',  ( 0.3012878615712766273, 0.04330710999999999589, 0.01614143594661697143 ) ) ;
#1626 = EDGE_CURVE ( 'NONE', #6723, #5494, #4723, .T. ) ;
#1627 = ORIENTED_EDGE ( 'NONE', *, *, #1667, .T. ) ;
#1628 = ADVANCED_FACE ( 'NONE', ( #1316 ), #6161, .F. ) ;
#1629 = CARTESIAN_POINT ( 'NONE',  ( 0.03818899699999998842, -0.04527561499999999822, 0.06889767499999997769 ) ) ;
#1630 = STYLED_ITEM ( 'NONE', ( #544 ), #3607 ) ;
#1631 = EDGE_CURVE ( 'NONE', #4291, #3207, #5753, .T. ) ;
#1632 = ADVANCED_FACE ( 'NONE', ( #5237 ), #3561, .T. ) ;
#1633 = CARTESIAN_POINT ( 'NONE',  ( -0.2697543013787945254, 0.04330710999999998895, 0.005036072304007179617 ) ) ;
#1634 = DIRECTION ( 'NONE',  ( 0.000000000000000000, 0.000000000000000000, 1.000000000000000000 ) ) ;
#1635 = ORIENTED_EDGE ( 'NONE', *, *, #262, .T. ) ;
#1636 = CARTESIAN_POINT ( 'NONE',  ( -0.2776278166840414618, 0.04527561499999999822, -0.002409167178383031255 ) ) ;
#1637 = CARTESIAN_POINT ( 'NONE',  ( -0.05000002699999999550, -0.04527561499999999822, 5.409074136996869648E-05 ) ) ;
#1638 = ORIENTED_EDGE ( 'NONE', *, *, #522, .F. ) ;
#1639 = DIRECTION ( 'NONE',  ( 0.000000000000000000, 0.000000000000000000, -1.000000000000000000 ) ) ;
#1640 = CYLINDRICAL_SURFACE ( 'NONE', #2412, 0.05708664500000004000 ) ;
#1641 = DIRECTION ( 'NONE',  ( 0.000000000000000000, 0.000000000000000000, 1.000000000000000000 ) ) ;
#1642 = FILL_AREA_STYLE_COLOUR ( '', #2087 ) ;
#1643 = VERTEX_POINT ( 'NONE', #2402 ) ;
#1644 = DIRECTION ( 'NONE',  ( 0.000000000000000000, 0.000000000000000000, -1.000000000000000000 ) ) ;
#1645 = CARTESIAN_POINT ( 'NONE',  ( 0.03818899699999998842, -0.02952757499999999688, -0.06889767500000000544 ) ) ;
#1646 = ORIENTED_EDGE ( 'NONE', *, *, #2655, .T. ) ;
#1647 = CARTESIAN_POINT ( 'NONE',  ( -0.2991883111940281115, 0.04330710999999998895, -0.01571533419908417717 ) ) ;
#1648 = LINE ( 'NONE', #2661, #2127 ) ;
#1649 = CARTESIAN_POINT ( 'NONE',  ( -0.2991883111940281115, 0.04527561499999999128, -0.01571533419908417717 ) ) ;
#1650 = SURFACE_SIDE_STYLE ('',( #1130 ) ) ;
#1651 = EDGE_LOOP ( 'NONE', ( #5215, #3079, #4298, #1804 ) ) ;
#1652 =( NAMED_UNIT ( * ) PLANE_ANGLE_UNIT ( ) SI_UNIT ( $, .RADIAN. ) );
#1653 = FILL_AREA_STYLE_COLOUR ( '', #5043 ) ;
#1654 = VERTEX_POINT ( 'NONE', #5713 ) ;
#1655 = CARTESIAN_POINT ( 'NONE',  ( 0.2877954310000000460, 0.03346458500000000502, 1.762238766916914599E-17 ) ) ;
#1656 = DIRECTION ( 'NONE',  ( 0.000000000000000000, 0.000000000000000000, 1.000000000000000000 ) ) ;
#1657 = CARTESIAN_POINT ( 'NONE',  ( -0.3053338854340414410, 0.04330710999999999589, -0.01551921874088303156 ) ) ;
#1658 = CARTESIAN_POINT ( 'NONE',  ( -0.2685202854340414946, 0.04330710999999999589, 0.01169552266536697319 ) ) ;
#1659 = CIRCLE ( 'NONE', #5599, 0.02618111650000000054 ) ;
#1660 = PLANE ( 'NONE',  #6747 ) ;
#1661 = CARTESIAN_POINT ( 'NONE',  ( 0.1500000810000000073, -0.1023622599999999966, 0.000000000000000000 ) ) ;
#1662 = EDGE_LOOP ( 'NONE', ( #4881, #4353, #1290, #4460 ) ) ;
#1663 =( NAMED_UNIT ( * ) PLANE_ANGLE_UNIT ( ) SI_UNIT ( $, .RADIAN. ) );
#1664 = EDGE_CURVE ( 'NONE', #2278, #3761, #306, .T. ) ;
#1665 = CARTESIAN_POINT ( 'NONE',  ( -0.2776278166840414618, 0.04330710999999999589, -0.002409167178383031255 ) ) ;
#1666 = CARTESIAN_POINT ( 'NONE',  ( -0.2762347948443870105, 0.04330710999999998895, -0.01376252064385529057 ) ) ;
#1667 = EDGE_CURVE ( 'NONE', #3571, #1200, #2537, .T. ) ;
#1668 = ORIENTED_EDGE ( 'NONE', *, *, #1921, .F. ) ;
#1669 = CARTESIAN_POINT ( 'NONE',  ( 0.2877954310000000460, 0.04133860712598425718, 1.762238766916914599E-17 ) ) ;
#1670 = FACE_OUTER_BOUND ( 'NONE', #2804, .T. ) ;
#1671 = EDGE_CURVE ( 'NONE', #772, #572, #6636, .T. ) ;
#1672 = ORIENTED_EDGE ( 'NONE', *, *, #3980, .F. ) ;
#1673 = AXIS2_PLACEMENT_3D ( 'NONE', #3227, #1616, #5431 ) ;
#1674 = CIRCLE ( 'NONE', #2227, 0.02913387400000000058 ) ;
#1675 = DIRECTION ( 'NONE',  ( -0.000000000000000000, 1.000000000000000000, -0.000000000000000000 ) ) ;
#1676 = VECTOR ( 'NONE', #3152, 39.37007874015748143 ) ;
#1677 = DIRECTION ( 'NONE',  ( 0.000000000000000000, 0.000000000000000000, 1.000000000000000000 ) ) ;
#1678 = CIRCLE ( 'NONE', #5744, 0.02618111650000000748 ) ;
#1679 = VERTEX_POINT ( 'NONE', #1836 ) ;
#1680 = FILL_AREA_STYLE ('',( #1191 ) ) ;
#1681 =( GEOMETRIC_REPRESENTATION_CONTEXT ( 3 ) GLOBAL_UNCERTAINTY_ASSIGNED_CONTEXT ( ( #4153 ) ) GLOBAL_UNIT_ASSIGNED_CONTEXT ( ( #2272, #5523, #3942 ) ) REPRESENTATION_CONTEXT ( 'NONE', 'WORKASPACE' ) );
#1682 = B_SPLINE_SURFACE_WITH_KNOTS ( 'NONE', 3, 1, ( 
 ( #6772, #3099 ),
 ( #5266, #3697 ),
 ( #4756, #5747 ),
 ( #6877, #2630 ),
 ( #6736, #2070 ),
 ( #467, #5708 ),
 ( #6264, #991 ),
 ( #6361, #4170 ),
 ( #1928, #3628 ),
 ( #1550, #1446 ),
 ( #5847, #2002 ) ),
 .UNSPECIFIED., .F., .F., .F.,
 ( 4, 1, 1, 1, 1, 1, 1, 1, 4 ),
 ( 2, 2 ),
 ( 0.000000000000000000, 0.07501569460760516839, 0.1629301842777472198, 0.2646744147797548963, 0.3809699752964724184, 0.5123091530377104075, 0.6582210125869729644, 0.8208323791787914825, 1.000000000000000000 ),
 ( 0.000000000000000000, 1.000000000000000000 ),
 .UNSPECIFIED. ) ;
#1683 = LINE ( 'NONE', #5388, #3818 ) ;
#1684 = AXIS2_PLACEMENT_3D ( 'NONE', #1307, #6623, #2321 ) ;
#1685 = ORIENTED_EDGE ( 'NONE', *, *, #3867, .T. ) ;
#1686 = DIRECTION ( 'NONE',  ( -0.000000000000000000, -1.000000000000000000, -0.000000000000000000 ) ) ;
#1687 = AXIS2_PLACEMENT_3D ( 'NONE', #5712, #6674, #4629 ) ;
#1688 = EDGE_CURVE ( 'NONE', #776, #2404, #1129, .T. ) ;
#1689 = DIRECTION ( 'NONE',  ( 0.000000000000000000, 1.000000000000000000, 0.000000000000000000 ) ) ;
#1690 = DIMENSIONAL_EXPONENTS ( 1.000000000000000000, 0.000000000000000000, 0.000000000000000000, 0.000000000000000000, 0.000000000000000000, 0.000000000000000000, 0.000000000000000000 ) ;
#1691 = DIRECTION ( 'NONE',  ( 0.000000000000000000, 1.000000000000000000, 0.000000000000000000 ) ) ;
#1692 = ORIENTED_EDGE ( 'NONE', *, *, #3137, .T. ) ;
#1693 = VECTOR ( 'NONE', #1410, 39.37007874015748143 ) ;
#1694 = DIRECTION ( 'NONE',  ( -0.000000000000000000, 1.000000000000000000, -0.000000000000000000 ) ) ;
#1695 = ORIENTED_EDGE ( 'NONE', *, *, #5827, .F. ) ;
#1696 = LINE ( 'NONE', #3268, #2752 ) ;
#1697 = VECTOR ( 'NONE', #5876, 39.37007874015748143 ) ;
#1698 = DIRECTION ( 'NONE',  ( 0.000000000000000000, 0.000000000000000000, -1.000000000000000000 ) ) ;
#1699 = DIRECTION ( 'NONE',  ( -0.000000000000000000, 1.000000000000000000, -0.000000000000000000 ) ) ;
#1700 = PLANE ( 'NONE',  #5265 ) ;
#1701 = CARTESIAN_POINT ( 'NONE',  ( -0.1500000810000000073, -0.1220473100000000061, 0.000000000000000000 ) ) ;
#1702 = DIRECTION ( 'NONE',  ( 1.000000000000000000, 0.000000000000000000, -0.000000000000000000 ) ) ;
#1703 = FACE_BOUND ( 'NONE', #146, .T. ) ;
#1704 = DIRECTION ( 'NONE',  ( 0.000000000000000000, 0.000000000000000000, 1.000000000000000000 ) ) ;
#1705 = CARTESIAN_POINT ( 'NONE',  ( -0.2873250634777796964, 0.04330710999999998895, -0.03167271822245115720 ) ) ;
#1706 = ORIENTED_EDGE ( 'NONE', *, *, #4228, .F. ) ;
#1707 = CARTESIAN_POINT ( 'NONE',  ( -0.2746558854340414579, 0.04330710999999999589, 0.01187527657161697135 ) ) ;
#1708 = CARTESIAN_POINT ( 'NONE',  ( -0.2763225666697157745, 0.04330710999999999589, -0.01468344526999535923 ) ) ;
#1709 = ORIENTED_EDGE ( 'NONE', *, *, #1112, .F. ) ;
#1710 = DIRECTION ( 'NONE',  ( 0.000000000000000000, -0.000000000000000000, -1.000000000000000000 ) ) ;
#1711 = EDGE_CURVE ( 'NONE', #5912, #2177, #1976, .T. ) ;
#1712 =( CONVERSION_BASED_UNIT ( 'INCH', #4365 ) LENGTH_UNIT ( ) NAMED_UNIT ( #2928 ) );
#1713 = LINE ( 'NONE', #2762, #3554 ) ;
#1714 = EDGE_LOOP ( 'NONE', ( #1958, #2988, #2452, #1084 ) ) ;
#1715 = CARTESIAN_POINT ( 'NONE',  ( 0.2877954310000000460, 0.03740159499999999582, 0.05905515000000002152 ) ) ;
#1716 = LINE ( 'NONE', #2765, #6597 ) ;
#1717 = ORIENTED_EDGE ( 'NONE', *, *, #1371, .T. ) ;
#1718 = CARTESIAN_POINT ( 'NONE',  ( -0.2873250634777796964, 0.04527561499999999128, -0.03167271822245115720 ) ) ;
#1719 = EDGE_CURVE ( 'NONE', #1200, #6724, #6128, .T. ) ;
#1720 = VERTEX_POINT ( 'NONE', #264 ) ;
#1721 = CIRCLE ( 'NONE', #4865, 0.05708664500000000530 ) ;
#1722 = CARTESIAN_POINT ( 'NONE',  ( -0.03818899699999998842, -0.04527561499999999822, 0.05590554199999997476 ) ) ;
#1723 = CIRCLE ( 'NONE', #3862, 0.05511814000000000296 ) ;
#1724 = ORIENTED_EDGE ( 'NONE', *, *, #3007, .T. ) ;
#1725 = DIRECTION ( 'NONE',  ( 0.000000000000000000, 1.000000000000000000, 0.000000000000000000 ) ) ;
#1726 = AXIS2_PLACEMENT_3D ( 'NONE', #3776, #1174, #6501 ) ;
#1727 = FACE_OUTER_BOUND ( 'NONE', #2366, .T. ) ;
#1728 = ORIENTED_EDGE ( 'NONE', *, *, #1755, .T. ) ;
#1729 = CARTESIAN_POINT ( 'NONE',  ( -0.3005944105938882505, 0.04330710999999999589, -0.004285791742845233843 ) ) ;
#1730 = DIRECTION ( 'NONE',  ( 0.000000000000000000, 0.000000000000000000, -1.000000000000000000 ) ) ;
#1731 = CARTESIAN_POINT ( 'NONE',  ( -0.1500000810000000073, -0.1220473100000000061, 0.000000000000000000 ) ) ;
#1732 = DIRECTION ( 'NONE',  ( 1.214169776012528962E-16, 0.1305261922200484370, -0.9914448613738109373 ) ) ;
#1733 = CARTESIAN_POINT ( 'NONE',  ( -0.2827118544348279361, 0.04330710999999998895, 0.02161963653078221789 ) ) ;
#1734 = CIRCLE ( 'NONE', #2169, 0.05708664499999999142 ) ;
#1735 = FACE_OUTER_BOUND ( 'NONE', #3780, .T. ) ;
#1736 = VERTEX_POINT ( 'NONE', #4033 ) ;
#1737 = DIRECTION ( 'NONE',  ( -1.000000000000000000, -0.000000000000000000, -0.000000000000000000 ) ) ;
#1738 = CARTESIAN_POINT ( 'NONE',  ( -0.2875578546855666606, 0.04330710999999998895, -0.02478496819669168127 ) ) ;
#1739 = ORIENTED_EDGE ( 'NONE', *, *, #872, .F. ) ;
#1740 = CARTESIAN_POINT ( 'NONE',  ( -0.1381890510000000072, -0.04527561499999999822, -0.05590554199999997476 ) ) ;
#1741 = CARTESIAN_POINT ( 'NONE',  ( -0.2877954310000000460, -0.04527561499999999822, 1.762238766916914599E-17 ) ) ;
#1742 = AXIS2_PLACEMENT_3D ( 'NONE', #3974, #4468, #3391 ) ;
#1743 = VERTEX_POINT ( 'NONE', #2471 ) ;
#1744 = COLOUR_RGB ( '',0.1019607843137254888, 0.1019607843137254888, 0.1019607843137254888 ) ;
#1745 = CIRCLE ( 'NONE', #3893, 0.02913387400000000058 ) ;
#1746 = DIRECTION ( 'NONE',  ( 0.000000000000000000, 0.000000000000000000, 1.000000000000000000 ) ) ;
#1747 = AXIS2_PLACEMENT_3D ( 'NONE', #6429, #5398, #2634 ) ;
#1748 = DIRECTION ( 'NONE',  ( 1.000000000000000000, 0.000000000000000000, 0.000000000000000000 ) ) ;
#1749 = ORIENTED_EDGE ( 'NONE', *, *, #2524, .T. ) ;
#1750 = CARTESIAN_POINT ( 'NONE',  ( -0.2877954310000000460, -0.04527561499999999822, 1.762238766916914599E-17 ) ) ;
#1751 = CIRCLE ( 'NONE', #3422, 0.05708664500000004000 ) ;
#1752 = SURFACE_STYLE_FILL_AREA ( #4012 ) ;
#1753 = ORIENTED_EDGE ( 'NONE', *, *, #5076, .F. ) ;
#1754 = CARTESIAN_POINT ( 'NONE',  ( 0.1381890510000000072, -0.04527561499999999822, -0.06889767500000000544 ) ) ;
#1755 = EDGE_CURVE ( 'NONE', #5203, #2967, #1352, .T. ) ;
#1756 = ORIENTED_EDGE ( 'NONE', *, *, #3562, .F. ) ;
#1757 = CARTESIAN_POINT ( 'NONE',  ( -0.2877954310000000460, 0.03346458500000000502, 1.762238766916914599E-17 ) ) ;
#1758 = ADVANCED_FACE ( 'NONE', ( #828 ), #5123, .T. ) ;
#1759 = ORIENTED_EDGE ( 'NONE', *, *, #3567, .F. ) ;
#1760 = EDGE_CURVE ( 'NONE', #3877, #2851, #1386, .T. ) ;
#1761 = EDGE_CURVE ( 'NONE', #1382, #279, #1968, .T. ) ;
#1762 = CARTESIAN_POINT ( 'NONE',  ( -0.2917116505397093218, 0.04527561499999997741, -0.02444698501142631916 ) ) ;
#1763 = VERTEX_POINT ( 'NONE', #4485 ) ;
#1764 = FACE_OUTER_BOUND ( 'NONE', #906, .T. ) ;
#1765 = CARTESIAN_POINT ( 'NONE',  ( 0.03818899699999998842, -0.04527561499999999822, 0.05590554199999997476 ) ) ;
#1766 = DIRECTION ( 'NONE',  ( -0.000000000000000000, -1.000000000000000000, -0.000000000000000000 ) ) ;
#1767 = CARTESIAN_POINT ( 'NONE',  ( 0.03818899699999998842, -0.07223479225994784703, 0.05590554199999997476 ) ) ;
#1768 = EDGE_CURVE ( 'NONE', #76, #4336, #5058, .T. ) ;
#1769 = CARTESIAN_POINT ( 'NONE',  ( 0.1618111109999999797, -0.07223479225994784703, 0.05595963274136995375 ) ) ;
#1770 = CARTESIAN_POINT ( 'NONE',  ( -0.2831540687354286989, 0.04330710999999998895, -0.03122779463336004813 ) ) ;
#1771 = EDGE_CURVE ( 'NONE', #1367, #4103, #4551, .T. ) ;
#1772 = EDGE_LOOP ( 'NONE', ( #5028, #3491, #658, #832 ) ) ;
#1773 = CARTESIAN_POINT ( 'NONE',  ( -0.3068677854340414735, 0.04330710999999999589, 0.008951279696616970191 ) ) ;
#1774 = CARTESIAN_POINT ( 'NONE',  ( -0.2723973472798833506, 0.04330710999999999589, -0.02344719820174155991 ) ) ;
#1775 = EDGE_LOOP ( 'NONE', ( #6251, #1948, #3566, #2255 ) ) ;
#1776 = SURFACE_STYLE_FILL_AREA ( #5514 ) ;
#1777 = LENGTH_MEASURE_WITH_UNIT ( LENGTH_MEASURE( 0.02539999999999999897 ), #6919 );
#1778 = ORIENTED_EDGE ( 'NONE', *, *, #6100, .T. ) ;
#1779 =( NAMED_UNIT ( * ) SI_UNIT ( $, .STERADIAN. ) SOLID_ANGLE_UNIT ( ) );
#1780 = DIRECTION ( 'NONE',  ( -0.000000000000000000, 1.000000000000000000, -0.000000000000000000 ) ) ;
#1781 = VECTOR ( 'NONE', #6460, 39.37007874015748143 ) ;
#1782 = ORIENTED_EDGE ( 'NONE', *, *, #6097, .T. ) ;
#1783 = EDGE_CURVE ( 'NONE', #3689, #2061, #895, .T. ) ;
#1784 = VERTEX_POINT ( 'NONE', #758 ) ;
#1785 = DIRECTION ( 'NONE',  ( -0.000000000000000000, 1.000000000000000000, -0.000000000000000000 ) ) ;
#1786 = VECTOR ( 'NONE', #106, 39.37007874015748143 ) ;
#1787 = ORIENTED_EDGE ( 'NONE', *, *, #4091, .F. ) ;
#1788 = CARTESIAN_POINT ( 'NONE',  ( -0.05000002700000000244, -0.1771654499999999743, 0.000000000000000000 ) ) ;
#1789 = EDGE_CURVE ( 'NONE', #3872, #871, #1869, .T. ) ;
#1790 = ORIENTED_EDGE ( 'NONE', *, *, #3770, .F. ) ;
#1791 = ORIENTED_EDGE ( 'NONE', *, *, #5071, .T. ) ;
#1792 = CIRCLE ( 'NONE', #3469, 0.02618111650000000054 ) ;
#1793 = VERTEX_POINT ( 'NONE', #5681 ) ;
#1794 = MECHANICAL_DESIGN_GEOMETRIC_PRESENTATION_REPRESENTATION (  '', ( #2578 ), #4396 ) ;
#1795 = AXIS2_PLACEMENT_3D ( 'NONE', #5122, #6234, #2401 ) ;
#1796 = EDGE_CURVE ( 'NONE', #809, #1333, #4835, .T. ) ;
#1797 = CARTESIAN_POINT ( 'NONE',  ( -0.2952736893910145044, 0.04527561499999999822, -0.001207529908139055646 ) ) ;
#1798 = CARTESIAN_POINT ( 'NONE',  ( -0.3017997726680342052, 0.04330710999999999589, -0.02602316929325578301 ) ) ;
#1799 = PRESENTATION_LAYER_ASSIGNMENT (  '', '', ( #5304 ) ) ;
#1800 = DIRECTION ( 'NONE',  ( -0.000000000000000000, -1.000000000000000000, -0.000000000000000000 ) ) ;
#1801 = DIRECTION ( 'NONE',  ( -0.000000000000000000, 1.000000000000000000, 0.000000000000000000 ) ) ;
#1802 = AXIS2_PLACEMENT_3D ( 'NONE', #4480, #1801, #3957 ) ;
#1803 = DIRECTION ( 'NONE',  ( 0.000000000000000000, -1.000000000000000000, 0.000000000000000000 ) ) ;
#1804 = ORIENTED_EDGE ( 'NONE', *, *, #2736, .F. ) ;
#1805 = CARTESIAN_POINT ( 'NONE',  ( -0.3026261353952934274, 0.04330710999999998895, 0.02214254449605968303 ) ) ;
#1806 = DIRECTION ( 'NONE',  ( 1.000000000000000000, -0.000000000000000000, 1.224646799147353207E-16 ) ) ;
#1807 = EDGE_LOOP ( 'NONE', ( #2957, #6105, #1810, #5979 ) ) ;
#1808 = CARTESIAN_POINT ( 'NONE',  ( 0.2877954310000000460, 0.04527561499999999822, 1.762238766916914599E-17 ) ) ;
#1809 = DIMENSIONAL_EXPONENTS ( 1.000000000000000000, 0.000000000000000000, 0.000000000000000000, 0.000000000000000000, 0.000000000000000000, 0.000000000000000000, 0.000000000000000000 ) ;
#1810 = ORIENTED_EDGE ( 'NONE', *, *, #4777, .F. ) ;
#1811 = DIRECTION ( 'NONE',  ( -0.000000000000000000, 1.000000000000000000, -0.000000000000000000 ) ) ;
#1812 = FACE_BOUND ( 'NONE', #5135, .T. ) ;
#1813 = ORIENTED_EDGE ( 'NONE', *, *, #3991, .T. ) ;
#1814 = PLANE ( 'NONE',  #5294 ) ;
#1815 = ORIENTED_EDGE ( 'NONE', *, *, #3219, .F. ) ;
#1816 = ORIENTED_EDGE ( 'NONE', *, *, #3055, .F. ) ;
#1817 = DIRECTION ( 'NONE',  ( 0.000000000000000000, 0.000000000000000000, -1.000000000000000000 ) ) ;
#1818 = VERTEX_POINT ( 'NONE', #862 ) ;
#1819 = CARTESIAN_POINT ( 'NONE',  ( -0.2865915448090414763, 0.04527561500000000516, 0.02198942969661697375 ) ) ;
#1820 = CARTESIAN_POINT ( 'NONE',  ( -0.2879936252777913763, 0.04527561499999999822, -0.02479452030338303442 ) ) ;
#1821 =( CONVERSION_BASED_UNIT ( 'INCH', #325 ) LENGTH_UNIT ( ) NAMED_UNIT ( #3801 ) );
#1822 = STYLED_ITEM ( 'NONE', ( #989 ), #443 ) ;
#1823 = VECTOR ( 'NONE', #2148, 39.37007874015748143 ) ;
#1824 = DIRECTION ( 'NONE',  ( 0.000000000000000000, 0.000000000000000000, -1.000000000000000000 ) ) ;
#1825 = CARTESIAN_POINT ( 'NONE',  ( -0.2881973463715414296, 0.04527561499999999128, -0.03169707030338302783 ) ) ;
#1826 = FACE_OUTER_BOUND ( 'NONE', #1662, .T. ) ;
#1827 = CARTESIAN_POINT ( 'NONE',  ( 0.05000002700000000244, -0.1220473100000000061, 0.000000000000000000 ) ) ;
#1828 = CARTESIAN_POINT ( 'NONE',  ( -0.1500000810000000073, -0.1023622599999999966, 0.000000000000000000 ) ) ;
#1829 = AXIS2_PLACEMENT_3D ( 'NONE', #6434, #2149, #2709 ) ;
#1830 = AXIS2_PLACEMENT_3D ( 'NONE', #3401, #328, #4060 ) ;
#1831 = LINE ( 'NONE', #2327, #3949 ) ;
#1832 = CARTESIAN_POINT ( 'NONE',  ( 0.1500000810000000073, -0.1220473100000000061, 0.000000000000000000 ) ) ;
#1833 = ORIENTED_EDGE ( 'NONE', *, *, #608, .F. ) ;
#1834 = CARTESIAN_POINT ( 'NONE',  ( -0.2871188229340413955, 0.04330710999999999589, 0.02889197969661697063 ) ) ;
#1835 = DIRECTION ( 'NONE',  ( 1.000000000000000000, -0.000000000000000000, 0.000000000000000000 ) ) ;
#1836 = CARTESIAN_POINT ( 'NONE',  ( -0.2877954310000000460, -0.09251973500000004735, 0.05905515000000002152 ) ) ;
#1837 = CIRCLE ( 'NONE', #6876, 0.09055122999999995481 ) ;
#1838 = ORIENTED_EDGE ( 'NONE', *, *, #5305, .T. ) ;
#1839 = CARTESIAN_POINT ( 'NONE',  ( -0.2758657441363972507, 0.04527561499999999822, 0.01684574247147230600 ) ) ;
#1840 =( CONVERSION_BASED_UNIT ( 'INCH', #4520 ) LENGTH_UNIT ( ) NAMED_UNIT ( #1940 ) );
#1841 = EDGE_CURVE ( 'NONE', #5347, #2379, #5734, .T. ) ;
#1842 = ORIENTED_EDGE ( 'NONE', *, *, #3527, .F. ) ;
#1843 = EDGE_CURVE ( 'NONE', #6690, #316, #1933, .T. ) ;
#1844 = EDGE_CURVE ( 'NONE', #5092, #1953, #4517, .T. ) ;
#1845 = ADVANCED_FACE ( 'NONE', ( #263 ), #6160, .F. ) ;
#1846 = B_SPLINE_SURFACE_WITH_KNOTS ( 'NONE', 3, 1, ( 
 ( #4505, #1819 ),
 ( #1369, #3982 ),
 ( #6114, #2942 ),
 ( #6688, #4537 ),
 ( #4054, #1920 ),
 ( #5598, #1889 ),
 ( #621, #2749 ),
 ( #4906, #250 ),
 ( #3497, #2905 ),
 ( #2217, #5067 ),
 ( #2382, #4088 ),
 ( #5666, #2977 ),
 ( #6215, #1405 ),
 ( #6382, #3620 ),
 ( #1574, #6833 ),
 ( #947, #1955 ),
 ( #459, #6354 ),
 ( #1539, #2028 ),
 ( #5770, #1992 ) ),
 .UNSPECIFIED., .F., .F., .F.,
 ( 4, 1, 1, 1, 1, 1, 1, 1, 1, 1, 1, 1, 1, 1, 1, 1, 4 ),
 ( 2, 2 ),
 ( 0.000000000000000000, 0.07812529689189359750, 0.1518301493922361300, 0.2221520613979003911, 0.2890233266244045529, 0.3525976224640646750, 0.4148420026739728650, 0.4749348900295488063, 0.5348433958080135442, 0.5934135167521019660, 0.6507869454438937051, 0.7072859995271774114, 0.7634577572775826937, 0.8197238077213158114, 0.8778515259498435030, 0.9374785251711036382, 1.000000000000000000 ),
 ( 0.000000000000000000, 1.000000000000000000 ),
 .UNSPECIFIED. ) ;
#1847 = FACE_OUTER_BOUND ( 'NONE', #2835, .T. ) ;
#1848 = FILL_AREA_STYLE ('',( #834 ) ) ;
#1849 = AXIS2_PLACEMENT_3D ( 'NONE', #908, #3112, #5280 ) ;
#1850 = DIRECTION ( 'NONE',  ( 0.000000000000000000, 0.000000000000000000, -1.000000000000000000 ) ) ;
#1851 = VECTOR ( 'NONE', #2816, 39.37007874015748143 ) ;
#1852 = ORIENTED_EDGE ( 'NONE', *, *, #5264, .T. ) ;
#1853 = SURFACE_STYLE_USAGE ( .BOTH. , #1193 ) ;
#1854 = ORIENTED_EDGE ( 'NONE', *, *, #2195, .F. ) ;
#1855 = AXIS2_PLACEMENT_3D ( 'NONE', #2598, #5950, #1135 ) ;
#1856 = DIRECTION ( 'NONE',  ( 0.000000000000000000, 1.000000000000000000, -0.000000000000000000 ) ) ;
#1857 = EDGE_LOOP ( 'NONE', ( #3931, #5947, #4075 ) ) ;
#1858 = CARTESIAN_POINT ( 'NONE',  ( 0.3008564521962766025, 0.04527561499999999822, 0.02812502969661697175 ) ) ;
#1859 = ORIENTED_EDGE ( 'NONE', *, *, #2352, .T. ) ;
#1860 = AXIS2_PLACEMENT_3D ( 'NONE', #526, #6314, #6283 ) ;
#1861 = EDGE_LOOP ( 'NONE', ( #1890, #6353, #882, #6856 ) ) ;
#1862 = CARTESIAN_POINT ( 'NONE',  ( 0.1500000809999999796, -0.04527561499999999822, 0.0001081814827399373930 ) ) ;
#1863 = CARTESIAN_POINT ( 'NONE',  ( -0.3007321854340414546, 0.04330710999999999589, 0.008184329696616971309 ) ) ;
#1864 = CARTESIAN_POINT ( 'NONE',  ( 0.2877954310000000460, -0.04527561499999999822, -0.05905514999999998682 ) ) ;
#1865 = CARTESIAN_POINT ( 'NONE',  ( 0.05000002700000000244, 0.04527561499999999822, 0.02952757500000001076 ) ) ;
#1866 = LINE ( 'NONE', #4587, #2805 ) ;
#1867 = VERTEX_POINT ( 'NONE', #2470 ) ;
#1868 = DIRECTION ( 'NONE',  ( 0.000000000000000000, 0.000000000000000000, 1.000000000000000000 ) ) ;
#1869 = LINE ( 'NONE', #2368, #3026 ) ;
#1870 = DIRECTION ( 'NONE',  ( 0.000000000000000000, 1.000000000000000000, 0.000000000000000000 ) ) ;
#1871 = CARTESIAN_POINT ( 'NONE',  ( -0.2748258432171898358, 0.04527561499999999822, 0.01401589062114849335 ) ) ;
#1872 = CARTESIAN_POINT ( 'NONE',  ( -0.3060312306308869412, 0.04527561499999999128, 0.01529549912568891647 ) ) ;
#1873 = ORIENTED_EDGE ( 'NONE', *, *, #6017, .F. ) ;
#1874 = EDGE_CURVE ( 'NONE', #3537, #160, #1462, .T. ) ;
#1875 = CARTESIAN_POINT ( 'NONE',  ( -0.1618111109999999797, -0.02952757499999999688, 0.06889767499999997769 ) ) ;
#1876 = LENGTH_MEASURE_WITH_UNIT ( LENGTH_MEASURE( 0.02539999999999999897 ), #5132 );
#1877 = EDGE_CURVE ( 'NONE', #723, #5526, #2960, .T. ) ;
#1878 = CARTESIAN_POINT ( 'NONE',  ( -0.2878857729340414395, 0.04330710999999999589, -0.005452999990883026712 ) ) ;
#1879 = EDGE_LOOP ( 'NONE', ( #4683, #1759, #5405, #2113 ) ) ;
#1880 = EDGE_CURVE ( 'NONE', #4040, #1566, #1422, .T. ) ;
#1881 = EDGE_CURVE ( 'NONE', #394, #4872, #3560, .T. ) ;
#1882 = ORIENTED_EDGE ( 'NONE', *, *, #5136, .T. ) ;
#1883 = FACE_OUTER_BOUND ( 'NONE', #2645, .T. ) ;
#1884 = CIRCLE ( 'NONE', #4926, 0.02618111650000000054 ) ;
#1885 = ORIENTED_EDGE ( 'NONE', *, *, #4354, .T. ) ;
#1886 = CARTESIAN_POINT ( 'NONE',  ( 0.2877954310000000460, -0.1003937550000000151, 1.762238766916914599E-17 ) ) ;
#1887 = UNCERTAINTY_MEASURE_WITH_UNIT (LENGTH_MEASURE( 1.000000000000000082E-05 ), #2535, 'distance_accuracy_value', 'NONE');
#1888 = ORIENTED_EDGE ( 'NONE', *, *, #6930, .T. ) ;
#1889 = CARTESIAN_POINT ( 'NONE',  ( -0.2815735424467962766, 0.04527561499999999822, 0.02129958936025705060 ) ) ;
#1890 = ORIENTED_EDGE ( 'NONE', *, *, #4046, .T. ) ;
#1891 = DIRECTION ( 'NONE',  ( -0.000000000000000000, 1.000000000000000000, -0.000000000000000000 ) ) ;
#1892 = SURFACE_STYLE_USAGE ( .BOTH. , #986 ) ;
#1893 = CARTESIAN_POINT ( 'NONE',  ( 0.05000002700000000244, 0.04527561499999999822, -0.02952757500000001076 ) ) ;
#1894 = COLOUR_RGB ( '',1.000000000000000000, 0.8117647058823529438, 0.5019607843137254832 ) ;
#1895 = DIRECTION ( 'NONE',  ( 0.000000000000000000, -1.000000000000000000, 0.000000000000000000 ) ) ;
#1896 = CARTESIAN_POINT ( 'NONE',  ( -0.2877954310000000460, -0.04527561499999999822, 0.07086617999999997308 ) ) ;
#1897 = PRESENTATION_LAYER_ASSIGNMENT (  '', '', ( #5287 ) ) ;
#1898 = CARTESIAN_POINT ( 'NONE',  ( -0.2750827754685481463, 0.04330710999999999589, 0.01500837693904688228 ) ) ;
#1899 =( GEOMETRIC_REPRESENTATION_CONTEXT ( 3 ) GLOBAL_UNCERTAINTY_ASSIGNED_CONTEXT ( ( #1335 ) ) GLOBAL_UNIT_ASSIGNED_CONTEXT ( ( #5702, #1962, #3121 ) ) REPRESENTATION_CONTEXT ( 'NONE', 'WORKASPACE' ) );
#1900 = LINE ( 'NONE', #1769, #5966 ) ;
#1901 =( NAMED_UNIT ( * ) SI_UNIT ( $, .STERADIAN. ) SOLID_ANGLE_UNIT ( ) );
#1902 = EDGE_LOOP ( 'NONE', ( #3798, #3785 ) ) ;
#1903 = AXIS2_PLACEMENT_3D ( 'NONE', #4694, #5269, #5234 ) ;
#1904 =( LENGTH_UNIT ( ) NAMED_UNIT ( * ) SI_UNIT ( $, .METRE. ) );
#1905 = DIRECTION ( 'NONE',  ( 0.000000000000000000, 1.000000000000000000, 0.000000000000000000 ) ) ;
#1906 = CARTESIAN_POINT ( 'NONE',  ( -0.2877954310000000460, 0.04133860499999999355, -0.05511813999999998215 ) ) ;
#1907 = CARTESIAN_POINT ( 'NONE',  ( 0.1500000809999999796, -0.04527561499999999822, 0.0001081814827399373930 ) ) ;
#1908 = CARTESIAN_POINT ( 'NONE',  ( -0.2854744997245423632, 0.04527561499999997047, -0.02463222818722319435 ) ) ;
#1909 = ORIENTED_EDGE ( 'NONE', *, *, #177, .T. ) ;
#1910 = CIRCLE ( 'NONE', #3143, 0.09100030497545502639 ) ;
#1911 =( CONVERSION_BASED_UNIT ( 'INCH', #2411 ) LENGTH_UNIT ( ) NAMED_UNIT ( #6118 ) );
#1912 = CARTESIAN_POINT ( 'NONE',  ( -0.2830615729190518182, 0.04527561499999997741, -0.004221136755202040992 ) ) ;
#1913 = ORIENTED_EDGE ( 'NONE', *, *, #1330, .T. ) ;
#1914 = VERTEX_POINT ( 'NONE', #5611 ) ;
#1915 = LINE ( 'NONE', #4707, #5116 ) ;
#1916 = LINE ( 'NONE', #3181, #1192 ) ;
#1917 = ORIENTED_EDGE ( 'NONE', *, *, #2524, .F. ) ;
#1918 = CARTESIAN_POINT ( 'NONE',  ( -0.2690389199139515131, 0.04330710999999999589, 0.007108263452207753096 ) ) ;
#1919 = VERTEX_POINT ( 'NONE', #231 ) ;
#1920 = CARTESIAN_POINT ( 'NONE',  ( -0.2827118544348279361, 0.04527561499999999822, 0.02161963653078221789 ) ) ;
#1921 = EDGE_CURVE ( 'NONE', #5310, #3872, #5015, .T. ) ;
#1922 = PRESENTATION_STYLE_ASSIGNMENT (( #4158 ) ) ;
#1923 = ORIENTED_EDGE ( 'NONE', *, *, #3435, .T. ) ;
#1924 = FILL_AREA_STYLE ('',( #6189 ) ) ;
#1925 = LINE ( 'NONE', #368, #4804 ) ;
#1926 = DIRECTION ( 'NONE',  ( 0.000000000000000000, -1.000000000000000000, 0.000000000000000000 ) ) ;
#1927 = CARTESIAN_POINT ( 'NONE',  ( -0.2764014363036511601, 0.04330711000000000976, 0.01769356849699999304 ) ) ;
#1928 = CARTESIAN_POINT ( 'NONE',  ( -0.2896199933193643328, 0.04330710999999998201, -0.005880882097440183129 ) ) ;
#1929 = VECTOR ( 'NONE', #1455, 39.37007874015748143 ) ;
#1930 = CARTESIAN_POINT ( 'NONE',  ( 0.2006744615700000178, -0.06594491749999999153, 0.02628673032544806901 ) ) ;
#1931 = ORIENTED_EDGE ( 'NONE', *, *, #352, .T. ) ;
#1932 =( NAMED_UNIT ( * ) SI_UNIT ( $, .STERADIAN. ) SOLID_ANGLE_UNIT ( ) );
#1933 = LINE ( 'NONE', #6741, #6606 ) ;
#1934 = PRESENTATION_LAYER_ASSIGNMENT (  '', '', ( #4319 ) ) ;
#1935 =( NAMED_UNIT ( * ) SI_UNIT ( $, .STERADIAN. ) SOLID_ANGLE_UNIT ( ) );
#1936 = CARTESIAN_POINT ( 'NONE',  ( -0.2852383056904384540, 0.04527561499999999822, 0.02196192948305196110 ) ) ;
#1937 = CARTESIAN_POINT ( 'NONE',  ( -0.2984953874332663126, 0.04527561499999997741, 0.02590310141538208766 ) ) ;
#1938 = CIRCLE ( 'NONE', #5551, 0.03937009999999999121 ) ;
#1939 = AXIS2_PLACEMENT_3D ( 'NONE', #2743, #2707, #2214 ) ;
#1940 = DIMENSIONAL_EXPONENTS ( 1.000000000000000000, 0.000000000000000000, 0.000000000000000000, 0.000000000000000000, 0.000000000000000000, 0.000000000000000000, 0.000000000000000000 ) ;
#1941 = EDGE_LOOP ( 'NONE', ( #1149, #3064, #5590, #1093, #2763, #3613, #2418, #5597, #4015, #796, #1016, #5016, #4773, #6272, #4214, #6428 ) ) ;
#1942 = AXIS2_PLACEMENT_3D ( 'NONE', #2769, #6421, #6391 ) ;
#1943 = CARTESIAN_POINT ( 'NONE',  ( -0.2690549332144062666, 0.04330710999999999589, 0.01639423124726207409 ) ) ;
#1944 = VERTEX_POINT ( 'NONE', #1315 ) ;
#1945 = AXIS2_PLACEMENT_3D ( 'NONE', #5483, #6542, #161 ) ;
#1946 = FILL_AREA_STYLE ('',( #5796 ) ) ;
#1947 = CIRCLE ( 'NONE', #511, 0.02913387400000002139 ) ;
#1948 = ORIENTED_EDGE ( 'NONE', *, *, #5130, .T. ) ;
#1949 = DIRECTION ( 'NONE',  ( 0.000000000000000000, 0.000000000000000000, 1.000000000000000000 ) ) ;
#1950 = AXIS2_PLACEMENT_3D ( 'NONE', #826, #1905, #6634 ) ;
#1951 = DIRECTION ( 'NONE',  ( -1.000000000000000000, 0.000000000000000000, 0.000000000000000000 ) ) ;
#1952 = UNCERTAINTY_MEASURE_WITH_UNIT (LENGTH_MEASURE( 1.000000000000000082E-05 ), #1381, 'distance_accuracy_value', 'NONE');
#1953 = VERTEX_POINT ( 'NONE', #4592 ) ;
#1954 = AXIS2_PLACEMENT_3D ( 'NONE', #382, #4702, #5131 ) ;
#1955 = CARTESIAN_POINT ( 'NONE',  ( -0.2748258432171898358, 0.04527561500000000516, 0.01401589062114849335 ) ) ;
#1956 = CIRCLE ( 'NONE', #2303, 0.08661422212598421377 ) ;
#1957 = CARTESIAN_POINT ( 'NONE',  ( -0.03818899699999998842, -0.02952757499999999688, -0.06889767500000000544 ) ) ;
#1958 = ORIENTED_EDGE ( 'NONE', *, *, #5421, .F. ) ;
#1959 = ADVANCED_FACE ( 'NONE', ( #791 ), #6635, .T. ) ;
#1960 = CARTESIAN_POINT ( 'NONE',  ( 0.05000002700000000244, -0.1220473100000000061, 0.000000000000000000 ) ) ;
#1961 = EDGE_CURVE ( 'NONE', #3195, #2459, #6700, .T. ) ;
#1962 =( NAMED_UNIT ( * ) PLANE_ANGLE_UNIT ( ) SI_UNIT ( $, .RADIAN. ) );
#1963 = CARTESIAN_POINT ( 'NONE',  ( -0.2861944118814569449, 0.04330711000000000283, 0.02886915393189916010 ) ) ;
#1964 =( GEOMETRIC_REPRESENTATION_CONTEXT ( 3 ) GLOBAL_UNCERTAINTY_ASSIGNED_CONTEXT ( ( #3495 ) ) GLOBAL_UNIT_ASSIGNED_CONTEXT ( ( #1712, #1602, #5900 ) ) REPRESENTATION_CONTEXT ( 'NONE', 'WORKASPACE' ) );
#1965 = EDGE_CURVE ( 'NONE', #6078, #776, #5083, .T. ) ;
#1966 = FACE_OUTER_BOUND ( 'NONE', #3971, .T. ) ;
#1967 = PRESENTATION_STYLE_ASSIGNMENT (( #2464 ) ) ;
#1968 = LINE ( 'NONE', #827, #6388 ) ;
#1969 = FACE_OUTER_BOUND ( 'NONE', #4527, .T. ) ;
#1970 = VECTOR ( 'NONE', #6168, 39.37007874015748143 ) ;
#1971 = PRESENTATION_STYLE_ASSIGNMENT (( #5783 ) ) ;
#1972 = ORIENTED_EDGE ( 'NONE', *, *, #4400, .F. ) ;
#1973 = EDGE_CURVE ( 'NONE', #1475, #354, #3601, .T. ) ;
#1974 =( LENGTH_UNIT ( ) NAMED_UNIT ( * ) SI_UNIT ( $, .METRE. ) );
#1975 = CARTESIAN_POINT ( 'NONE',  ( -0.05000002700000000244, 0.04527561499999999822, 0.02952757500000001076 ) ) ;
#1976 = LINE ( 'NONE', #4141, #5298 ) ;
#1977 = CARTESIAN_POINT ( 'NONE',  ( -0.2913363750064600910, 0.04527561499999997047, 0.02859052145730782771 ) ) ;
#1978 = VERTEX_POINT ( 'NONE', #4281 ) ;
#1979 = EDGE_CURVE ( 'NONE', #5728, #4970, #6300, .T. ) ;
#1980 = AXIS2_PLACEMENT_3D ( 'NONE', #2431, #3507, #4511 ) ;
#1981 = CARTESIAN_POINT ( 'NONE',  ( -0.2685463490359360494, 0.04527561499999999822, 0.01249651606225361811 ) ) ;
#1982 = DIRECTION ( 'NONE',  ( 0.000000000000000000, -0.000000000000000000, -1.000000000000000000 ) ) ;
#1983 = ORIENTED_EDGE ( 'NONE', *, *, #234, .F. ) ;
#1984 = SURFACE_SIDE_STYLE ('',( #6827 ) ) ;
#1985 = DIMENSIONAL_EXPONENTS ( 1.000000000000000000, 0.000000000000000000, 0.000000000000000000, 0.000000000000000000, 0.000000000000000000, 0.000000000000000000, 0.000000000000000000 ) ;
#1986 = VERTEX_POINT ( 'NONE', #1975 ) ;
#1987 = CARTESIAN_POINT ( 'NONE',  ( -0.2877954310000000460, 0.03346458500000000502, 1.762238766916914599E-17 ) ) ;
#1988 = CARTESIAN_POINT ( 'NONE',  ( -0.2762347948443870105, 0.04527561499999999128, -0.01376252064385529057 ) ) ;
#1989 = CLOSED_SHELL ( 'NONE', ( #2477, #2694, #1959, #2261, #1262, #2446, #2188, #4262, #5926, #864, #1758, #6860, #3300, #3612, #2563, #4087, #6815, #4408, #3745 ) ) ;
#1990 = CARTESIAN_POINT ( 'NONE',  ( -0.2877954310000000460, 0.04527561499999999822, -0.08661422212598421377 ) ) ;
#1991 = ORIENTED_EDGE ( 'NONE', *, *, #3334, .T. ) ;
#1992 = CARTESIAN_POINT ( 'NONE',  ( -0.2746558854340414579, 0.04527561500000000516, 0.01187527657161697135 ) ) ;
#1993 = FACE_OUTER_BOUND ( 'NONE', #5867, .T. ) ;
#1994 = ORIENTED_EDGE ( 'NONE', *, *, #5630, .F. ) ;
#1995 = CARTESIAN_POINT ( 'NONE',  ( -0.2791389401421737748, 0.04330710999999998201, 0.004140423177806690225 ) ) ;
#1996 = EDGE_CURVE ( 'NONE', #3622, #3579, #6882, .T. ) ;
#1997 = FILL_AREA_STYLE ('',( #6801 ) ) ;
#1998 = CARTESIAN_POINT ( 'NONE',  ( -0.2939879638473605894, 0.04330710999999999589, -0.0007063738470592794295 ) ) ;
#1999 = CARTESIAN_POINT ( 'NONE',  ( -0.3007108572510175937, 0.04527561499999997741, -0.02718727971311975938 ) ) ;
#2000 = DIRECTION ( 'NONE',  ( 0.000000000000000000, -1.000000000000000000, 0.000000000000000000 ) ) ;
#2001 =( GEOMETRIC_REPRESENTATION_CONTEXT ( 3 ) GLOBAL_UNCERTAINTY_ASSIGNED_CONTEXT ( ( #3578 ) ) GLOBAL_UNIT_ASSIGNED_CONTEXT ( ( #2210, #6019, #1203 ) ) REPRESENTATION_CONTEXT ( 'NONE', 'WORKASPACE' ) );
#2002 = CARTESIAN_POINT ( 'NONE',  ( -0.2878857729340414395, 0.04527561499999999822, -0.005452999990883026712 ) ) ;
#2003 = EDGE_CURVE ( 'NONE', #6642, #671, #2637, .T. ) ;
#2004 = CARTESIAN_POINT ( 'NONE',  ( -0.2903385702375578803, 0.04527561499999999128, 0.02160479453292677224 ) ) ;
#2005 = ORIENTED_EDGE ( 'NONE', *, *, #3695, .T. ) ;
#2006 = MECHANICAL_DESIGN_GEOMETRIC_PRESENTATION_REPRESENTATION (  '', ( #782 ), #3700 ) ;
#2007 = FILL_AREA_STYLE_COLOUR ( '', #2798 ) ;
#2008 = STYLED_ITEM ( 'NONE', ( #6798 ), #5507 ) ;
#2009 = CARTESIAN_POINT ( 'NONE',  ( -0.06181105699999998176, -0.07223479225994784703, -0.05590554199999997476 ) ) ;
#2010 = DIRECTION ( 'NONE',  ( 0.000000000000000000, -1.000000000000000000, 0.000000000000000000 ) ) ;
#2011 = VECTOR ( 'NONE', #3265, 39.37007874015748143 ) ;
#2012 = CARTESIAN_POINT ( 'NONE',  ( -0.3005944105938882505, 0.04527561499999999822, -0.004285791742845233843 ) ) ;
#2013 = DIRECTION ( 'NONE',  ( 0.000000000000000000, -1.000000000000000000, 0.000000000000000000 ) ) ;
#2014 = CARTESIAN_POINT ( 'NONE',  ( -0.2984953874332663126, 0.04330710999999999589, 0.02590310141538208766 ) ) ;
#2015 = ORIENTED_EDGE ( 'NONE', *, *, #6241, .F. ) ;
#2016 = AXIS2_PLACEMENT_3D ( 'NONE', #4637, #5208, #6412 ) ;
#2017 = CARTESIAN_POINT ( 'NONE',  ( -0.2844084288528592741, 0.04330711000000000283, 0.02882505403901407595 ) ) ;
#2018 = FILL_AREA_STYLE ('',( #6748 ) ) ;
#2019 = AXIS2_PLACEMENT_3D ( 'NONE', #4104, #5785, #6775 ) ;
#2020 = VERTEX_POINT ( 'NONE', #2108 ) ;
#2021 = EDGE_CURVE ( 'NONE', #923, #3826, #5333, .T. ) ;
#2022 = UNCERTAINTY_MEASURE_WITH_UNIT (LENGTH_MEASURE( 1.000000000000000082E-05 ), #404, 'distance_accuracy_value', 'NONE');
#2023 = SURFACE_SIDE_STYLE ('',( #5247 ) ) ;
#2024 = FACE_OUTER_BOUND ( 'NONE', #27, .T. ) ;
#2025 = LINE ( 'NONE', #4189, #5357 ) ;
#2026 = DIRECTION ( 'NONE',  ( 1.000000000000000000, 0.000000000000000000, 0.000000000000000000 ) ) ;
#2027 = ORIENTED_EDGE ( 'NONE', *, *, #1877, .F. ) ;
#2028 = CARTESIAN_POINT ( 'NONE',  ( -0.2746649313000362747, 0.04527561500000000516, 0.01224318147037011320 ) ) ;
#2029 = AXIS2_PLACEMENT_3D ( 'NONE', #5488, #2233, #2764 ) ;
#2030 = DIRECTION ( 'NONE',  ( 0.000000000000000000, -1.000000000000000000, 0.000000000000000000 ) ) ;
#2031 = VERTEX_POINT ( 'NONE', #505 ) ;
#2032 = CARTESIAN_POINT ( 'NONE',  ( -0.2818723945075569115, 0.04330710999999999589, 0.002983838964311399770 ) ) ;
#2033 = CARTESIAN_POINT ( 'NONE',  ( -0.3044808859453432826, 0.04330710999999999589, -0.01002497763917849401 ) ) ;
#2034 = CARTESIAN_POINT ( 'NONE',  ( -0.03818899699999998842, -0.02952757499999999688, 0.05590554199999997476 ) ) ;
#2035 = DIRECTION ( 'NONE',  ( -0.000000000000000000, 1.000000000000000000, -0.000000000000000000 ) ) ;
#2036 = CARTESIAN_POINT ( 'NONE',  ( -0.3053206596913567439, 0.04527561499999999822, -0.01609915045276414172 ) ) ;
#2037 = CARTESIAN_POINT ( 'NONE',  ( -0.3007321854340414546, 0.04527561499999999822, 0.008184329696616971309 ) ) ;
#2038 = CARTESIAN_POINT ( 'NONE',  ( 0.2877954310000000460, -0.1003937550000000151, 1.762238766916914599E-17 ) ) ;
#2039 = LINE ( 'NONE', #1447, #6375 ) ;
#2040 = ORIENTED_EDGE ( 'NONE', *, *, #3980, .T. ) ;
#2041 =( CONVERSION_BASED_UNIT ( 'INCH', #3599 ) LENGTH_UNIT ( ) NAMED_UNIT ( #4836 ) );
#2042 = CARTESIAN_POINT ( 'NONE',  ( -0.2283465799999999102, -0.04527561499999999822, 0.06889767499999997769 ) ) ;
#2043 = DIRECTION ( 'NONE',  ( 0.000000000000000000, 0.000000000000000000, -1.000000000000000000 ) ) ;
#2044 = DIRECTION ( 'NONE',  ( 0.000000000000000000, 0.000000000000000000, 1.000000000000000000 ) ) ;
#2045 = FACE_OUTER_BOUND ( 'NONE', #6529, .T. ) ;
#2046 = DIRECTION ( 'NONE',  ( 0.000000000000000000, -1.000000000000000000, 0.000000000000000000 ) ) ;
#2047 = EDGE_LOOP ( 'NONE', ( #5662, #2279 ) ) ;
#2048 = AXIS2_PLACEMENT_3D ( 'NONE', #2079, #579, #3165 ) ;
#2049 = STYLED_ITEM ( 'NONE', ( #3272 ), #3228 ) ;
#2050 = ORIENTED_EDGE ( 'NONE', *, *, #4138, .F. ) ;
#2051 = EDGE_CURVE ( 'NONE', #6200, #1944, #3102, .T. ) ;
#2052 = EDGE_CURVE ( 'NONE', #3368, #3106, #6912, .T. ) ;
#2053 = VERTEX_POINT ( 'NONE', #1587 ) ;
#2054 = ADVANCED_FACE ( 'NONE', ( #5786 ), #5270, .F. ) ;
#2055 = MECHANICAL_DESIGN_GEOMETRIC_PRESENTATION_REPRESENTATION (  '', ( #3636 ), #2504 ) ;
#2056 = AXIS2_PLACEMENT_3D ( 'NONE', #49, #1064, #2180 ) ;
#2057 = PLANE ( 'NONE',  #227 ) ;
#2058 = CARTESIAN_POINT ( 'NONE',  ( -0.2006744615699999623, -0.04527561499999999822, 0.02628673032544818003 ) ) ;
#2059 = CARTESIAN_POINT ( 'NONE',  ( -0.2796354770518548749, 0.04527561499999999822, -0.02197813541035827448 ) ) ;
#2060 = CIRCLE ( 'NONE', #2403, 0.003937009999999999468 ) ;
#2061 = VERTEX_POINT ( 'NONE', #2503 ) ;
#2062 = DIRECTION ( 'NONE',  ( 0.000000000000000000, -1.000000000000000000, 0.000000000000000000 ) ) ;
#2063 = ORIENTED_EDGE ( 'NONE', *, *, #653, .F. ) ;
#2064 = CARTESIAN_POINT ( 'NONE',  ( -0.2876027011035143244, 0.04330710999999999589, 0.001201674182431325269 ) ) ;
#2065 = LINE ( 'NONE', #2699, #5060 ) ;
#2066 = CARTESIAN_POINT ( 'NONE',  ( -0.2928023170955245669, 0.04527561499999999128, -0.02415546852002453670 ) ) ;
#2067 = CIRCLE ( 'NONE', #3078, 0.07086617999999995920 ) ;
#2068 = CARTESIAN_POINT ( 'NONE',  ( 0.1500000810000000073, -0.1220473100000000061, 0.03937010000000001203 ) ) ;
#2069 = PRESENTATION_LAYER_ASSIGNMENT (  '', '', ( #4670 ) ) ;
#2070 = CARTESIAN_POINT ( 'NONE',  ( -0.2950173702018015764, 0.04527561500000001210, -0.007784096638600814487 ) ) ;
#2071 = DIRECTION ( 'NONE',  ( 0.000000000000000000, -0.000000000000000000, -1.000000000000000000 ) ) ;
#2072 = AXIS2_PLACEMENT_3D ( 'NONE', #2336, #3969, #5554 ) ;
#2073 = EDGE_CURVE ( 'NONE', #233, #5561, #4767, .T. ) ;
#2074 = VERTEX_POINT ( 'NONE', #5854 ) ;
#2075 = DIRECTION ( 'NONE',  ( -0.000000000000000000, 1.000000000000000000, -0.000000000000000000 ) ) ;
#2076 = CIRCLE ( 'NONE', #4559, 0.003937009999999999468 ) ;
#2077 = LINE ( 'NONE', #2042, #1234 ) ;
#2078 = FACE_OUTER_BOUND ( 'NONE', #4626, .T. ) ;
#2079 = CARTESIAN_POINT ( 'NONE',  ( -0.05000002700000000244, -0.1771654499999999743, 0.02224410649999999587 ) ) ;
#2080 = CARTESIAN_POINT ( 'NONE',  ( -0.2877954310000000460, -0.04527561499999999822, 1.762238766916914599E-17 ) ) ;
#2081 = FACE_OUTER_BOUND ( 'NONE', #4855, .T. ) ;
#2082 = ORIENTED_EDGE ( 'NONE', *, *, #211, .F. ) ;
#2083 = CARTESIAN_POINT ( 'NONE',  ( -0.2708463755346470769, 0.04330710999999999589, 0.02066183863074979796 ) ) ;
#2084 = ORIENTED_EDGE ( 'NONE', *, *, #253, .F. ) ;
#2085 = DIRECTION ( 'NONE',  ( 0.000000000000000000, 0.000000000000000000, -1.000000000000000000 ) ) ;
#2086 = ORIENTED_EDGE ( 'NONE', *, *, #3055, .T. ) ;
#2087 = COLOUR_RGB ( '',1.000000000000000000, 0.8117647058823529438, 0.5019607843137254832 ) ;
#2088 = UNCERTAINTY_MEASURE_WITH_UNIT (LENGTH_MEASURE( 1.000000000000000082E-05 ), #4367, 'distance_accuracy_value', 'NONE');
#2089 = CARTESIAN_POINT ( 'NONE',  ( 0.1500000810000000073, -0.04527561499999999822, 0.000000000000000000 ) ) ;
#2090 = CARTESIAN_POINT ( 'NONE',  ( 0.1500000810000000073, -0.1200788050000000107, 0.000000000000000000 ) ) ;
#2091 = ADVANCED_FACE ( 'NONE', ( #1030 ), #5197, .F. ) ;
#2092 = FACE_OUTER_BOUND ( 'NONE', #3316, .T. ) ;
#2093 = ORIENTED_EDGE ( 'NONE', *, *, #5264, .F. ) ;
#2094 = CARTESIAN_POINT ( 'NONE',  ( 0.2877954310000000460, -0.09251973500000004735, -0.05905514999999998682 ) ) ;
#2095 = CARTESIAN_POINT ( 'NONE',  ( 0.2698429115712766002, 0.04527561499999999822, 0.02812502969661697175 ) ) ;
#2096 = ORIENTED_EDGE ( 'NONE', *, *, #6677, .T. ) ;
#2097 = DIRECTION ( 'NONE',  ( 0.000000000000000000, 0.000000000000000000, -1.000000000000000000 ) ) ;
#2098 = B_SPLINE_CURVE_WITH_KNOTS ( 'NONE', 3,
 ( #5765, #1988, #4297, #4150, #5353, #420, #2548, #6861, #5866, #2059, #4708, #3684, #3652, #1046, #1571, #5799, #978, #2126, #5833 ),
 .UNSPECIFIED., .F., .F.,
 ( 4, 1, 1, 1, 1, 1, 1, 1, 1, 1, 1, 1, 1, 1, 1, 1, 4 ),
 ( 0.000000000000000000, 0.07657281352907585603, 0.1493228985313979906, 0.2172186749416069318, 0.2820872493082847710, 0.3432655771108285570, 0.4022310899227248826, 0.4584773865507863477, 0.5141512058041759481, 0.5690726415643317937, 0.6243527363272776132, 0.6811913672928024965, 0.7394041584491248820, 0.7998297883091698424, 0.8628307336450727894, 0.9296455439554848210, 0.9999999999999998890 ),
 .UNSPECIFIED. ) ;
#2099 = LINE ( 'NONE', #5842, #3031 ) ;
#2100 = CARTESIAN_POINT ( 'NONE',  ( 0.2877954310000000460, -0.04527561499999999822, 1.762238766916914599E-17 ) ) ;
#2101 = CARTESIAN_POINT ( 'NONE',  ( -0.3027403013186097391, 0.04527561499999999822, -0.02476117142142575736 ) ) ;
#2102 =( NAMED_UNIT ( * ) SI_UNIT ( $, .STERADIAN. ) SOLID_ANGLE_UNIT ( ) );
#2103 = CARTESIAN_POINT ( 'NONE',  ( -0.2283465799999999102, -0.02952757499999999688, -0.06889767500000000544 ) ) ;
#2104 = DIRECTION ( 'NONE',  ( 0.000000000000000000, -1.000000000000000000, 0.000000000000000000 ) ) ;
#2105 = EDGE_LOOP ( 'NONE', ( #6108, #2880, #2116, #6527 ) ) ;
#2106 = DIRECTION ( 'NONE',  ( 0.000000000000000000, -0.000000000000000000, 1.000000000000000000 ) ) ;
#2107 = CARTESIAN_POINT ( 'NONE',  ( -0.2844084288528592741, 0.04527561500000000516, 0.02882505403901407595 ) ) ;
#2108 = CARTESIAN_POINT ( 'NONE',  ( -0.05000002699999999550, -0.04527561499999999822, 0.05714073574136996347 ) ) ;
#2109 = CARTESIAN_POINT ( 'NONE',  ( -0.2964456437994549276, 0.04527561499999997741, -0.001683482018620254027 ) ) ;
#2110 = CARTESIAN_POINT ( 'NONE',  ( -0.2877954310000000460, 0.03346458500000000502, 0.07086617999999997308 ) ) ;
#2111 = AXIS2_PLACEMENT_3D ( 'NONE', #4412, #678, #2282 ) ;
#2112 = LINE ( 'NONE', #3742, #2392 ) ;
#2113 = ORIENTED_EDGE ( 'NONE', *, *, #6155, .T. ) ;
#2114 = COLOUR_RGB ( '',0.9686274509803921573, 0.8784313725490195957, 0.5999999999999999778 ) ;
#2115 = CARTESIAN_POINT ( 'NONE',  ( -0.05000002700000000244, -0.1220473100000000061, 0.02913387400000000058 ) ) ;
#2116 = ORIENTED_EDGE ( 'NONE', *, *, #6014, .T. ) ;
#2117 = CARTESIAN_POINT ( 'NONE',  ( -0.3013803778871502193, 0.04527561499999999128, 0.02354331303734851638 ) ) ;
#2118 = VECTOR ( 'NONE', #5536, 39.37007874015748143 ) ;
#2119 = COLOUR_RGB ( '',0.1019607843137254888, 0.1019607843137254888, 0.1019607843137254888 ) ;
#2120 = ORIENTED_EDGE ( 'NONE', *, *, #2225, .T. ) ;
#2121 = VECTOR ( 'NONE', #5196, 39.37007874015748143 ) ;
#2122 = VECTOR ( 'NONE', #6095, 39.37007874015748143 ) ;
#2123 = CARTESIAN_POINT ( 'NONE',  ( -0.2881973463715414296, 0.04330710999999999589, -0.03169707030338302783 ) ) ;
#2124 = CARTESIAN_POINT ( 'NONE',  ( -0.2993887214150193210, 0.04527561499999999822, 0.01432373367727431991 ) ) ;
#2125 = AXIS2_PLACEMENT_3D ( 'NONE', #1832, #260, #3556 ) ;
#2126 = CARTESIAN_POINT ( 'NONE',  ( -0.2875578546855666606, 0.04527561499999999128, -0.02478496819669168127 ) ) ;
#2127 = VECTOR ( 'NONE', #1018, 39.37007874015748143 ) ;
#2128 = ORIENTED_EDGE ( 'NONE', *, *, #5594, .T. ) ;
#2129 = DIRECTION ( 'NONE',  ( 1.000000000000000000, 0.000000000000000000, 0.000000000000000000 ) ) ;
#2130 = VECTOR ( 'NONE', #3983, 39.37007874015748143 ) ;
#2131 = CARTESIAN_POINT ( 'NONE',  ( 0.1500000810000000073, 0.04527561499999999822, 0.000000000000000000 ) ) ;
#2132 = ORIENTED_EDGE ( 'NONE', *, *, #2140, .T. ) ;
#2133 = CARTESIAN_POINT ( 'NONE',  ( -0.2706698627550360170, 0.04527561499999997741, -0.01907942125413170792 ) ) ;
#2134 = EDGE_CURVE ( 'NONE', #3546, #3699, #6101, .T. ) ;
#2135 = CARTESIAN_POINT ( 'NONE',  ( -0.06181105699999998176, -0.04527561499999999822, -0.05590554199999997476 ) ) ;
#2136 = DIRECTION ( 'NONE',  ( 0.000000000000000000, 0.000000000000000000, 1.000000000000000000 ) ) ;
#2137 = CARTESIAN_POINT ( 'NONE',  ( -0.2936253262646816298, 0.04527561499999999822, -0.03109289957254887660 ) ) ;
#2138 = VERTEX_POINT ( 'NONE', #5752 ) ;
#2139 = EDGE_CURVE ( 'NONE', #1303, #5655, #4763, .T. ) ;
#2140 = EDGE_CURVE ( 'NONE', #2899, #2690, #6269, .T. ) ;
#2141 = CARTESIAN_POINT ( 'NONE',  ( 0.2283465800000000212, -0.02952757499999999688, 0.06889767499999997769 ) ) ;
#2142 = DIRECTION ( 'NONE',  ( 0.000000000000000000, 0.000000000000000000, -1.000000000000000000 ) ) ;
#2143 = EDGE_LOOP ( 'NONE', ( #141, #502, #3071, #4044 ) ) ;
#2144 = CARTESIAN_POINT ( 'NONE',  ( -0.05000002700000000244, -0.1811024599999999929, 0.000000000000000000 ) ) ;
#2145 = SURFACE_STYLE_FILL_AREA ( #48 ) ;
#2146 = LINE ( 'NONE', #616, #3748 ) ;
#2147 = CARTESIAN_POINT ( 'NONE',  ( -0.2994461568950158026, 0.04527561499999999822, -0.003357854368925008992 ) ) ;
#2148 = DIRECTION ( 'NONE',  ( -0.000000000000000000, -1.000000000000000000, -0.000000000000000000 ) ) ;
#2149 = DIRECTION ( 'NONE',  ( -0.000000000000000000, 1.000000000000000000, -0.000000000000000000 ) ) ;
#2150 = ORIENTED_EDGE ( 'NONE', *, *, #2539, .F. ) ;
#2151 = CARTESIAN_POINT ( 'NONE',  ( -0.2993887214150193210, 0.04330710999999999589, 0.01432373367727431991 ) ) ;
#2152 = LINE ( 'NONE', #6408, #6886 ) ;
#2153 = CARTESIAN_POINT ( 'NONE',  ( -0.2714001019317104912, 0.04330711000000000976, -0.02135638846448164457 ) ) ;
#2154 = VERTEX_POINT ( 'NONE', #1452 ) ;
#2155 = CARTESIAN_POINT ( 'NONE',  ( -0.2685202854340414946, 0.04527561499999999822, 0.01169552266536697319 ) ) ;
#2156 = DIRECTION ( 'NONE',  ( 0.000000000000000000, 0.000000000000000000, 1.000000000000000000 ) ) ;
#2157 = VERTEX_POINT ( 'NONE', #926 ) ;
#2158 = DIRECTION ( 'NONE',  ( -0.000000000000000000, -1.000000000000000000, -0.000000000000000000 ) ) ;
#2159 = CIRCLE ( 'NONE', #4203, 0.09055122999999995481 ) ;
#2160 = CARTESIAN_POINT ( 'NONE',  ( -0.2993887214150193210, 0.04330710999999999589, 0.01432373367727431991 ) ) ;
#2161 = DIRECTION ( 'NONE',  ( -0.000000000000000000, 1.000000000000000000, -0.000000000000000000 ) ) ;
#2162 = COLOUR_RGB ( '',0.1019607843137254888, 0.1019607843137254888, 0.1019607843137254888 ) ;
#2163 = ORIENTED_EDGE ( 'NONE', *, *, #4404, .T. ) ;
#2164 = VECTOR ( 'NONE', #4583, 39.37007874015748143 ) ;
#2165 = DIRECTION ( 'NONE',  ( -0.000000000000000000, 1.000000000000000000, -0.000000000000000000 ) ) ;
#2166 = FACE_OUTER_BOUND ( 'NONE', #5974, .T. ) ;
#2167 = ORIENTED_EDGE ( 'NONE', *, *, #6426, .T. ) ;
#2168 = CARTESIAN_POINT ( 'NONE',  ( -0.1500000810000000073, -0.07223479225994784703, 0.05719482648273991471 ) ) ;
#2169 = AXIS2_PLACEMENT_3D ( 'NONE', #6557, #808, #1817 ) ;
#2170 =( LENGTH_UNIT ( ) NAMED_UNIT ( * ) SI_UNIT ( $, .METRE. ) );
#2171 = DIMENSIONAL_EXPONENTS ( 1.000000000000000000, 0.000000000000000000, 0.000000000000000000, 0.000000000000000000, 0.000000000000000000, 0.000000000000000000, 0.000000000000000000 ) ;
#2172 = CARTESIAN_POINT ( 'NONE',  ( -0.2877954310000000460, -0.04527561499999999822, -0.09055122999999995481 ) ) ;
#2173 = ORIENTED_EDGE ( 'NONE', *, *, #5891, .F. ) ;
#2174 = DIRECTION ( 'NONE',  ( 0.000000000000000000, -1.000000000000000000, 0.000000000000000000 ) ) ;
#2175 = EDGE_CURVE ( 'NONE', #34, #6423, #5878, .T. ) ;
#2176 = SURFACE_STYLE_USAGE ( .BOTH. , #6528 ) ;
#2177 = VERTEX_POINT ( 'NONE', #4695 ) ;
#2178 = LINE ( 'NONE', #6911, #6776 ) ;
#2179 = EDGE_CURVE ( 'NONE', #1944, #597, #6540, .T. ) ;
#2180 = DIRECTION ( 'NONE',  ( 0.000000000000000000, -0.000000000000000000, -1.000000000000000000 ) ) ;
#2181 = CIRCLE ( 'NONE', #1294, 0.02224410650000000975 ) ;
#2182 = CARTESIAN_POINT ( 'NONE',  ( 0.05000002700000000244, -0.1771654499999999743, 0.000000000000000000 ) ) ;
#2183 = CARTESIAN_POINT ( 'NONE',  ( -0.2697543013787945254, 0.04527561499999999128, 0.005036072304007179617 ) ) ;
#2184 = ORIENTED_EDGE ( 'NONE', *, *, #4598, .T. ) ;
#2185 = EDGE_LOOP ( 'NONE', ( #6852, #5700, #2474, #3749 ) ) ;
#2186 = CARTESIAN_POINT ( 'NONE',  ( 0.1500000810000000073, 0.04527561499999999822, 0.000000000000000000 ) ) ;
#2187 = CIRCLE ( 'NONE', #1406, 0.02618111650000000054 ) ;
#2188 = ADVANCED_FACE ( 'NONE', ( #2078 ), #4213, .T. ) ;
#2189 = DIRECTION ( 'NONE',  ( -0.000000000000000000, 1.000000000000000000, -0.000000000000000000 ) ) ;
#2190 = CARTESIAN_POINT ( 'NONE',  ( -0.2808548407539397385, 0.04330710999999999589, -0.03055453924445479183 ) ) ;
#2191 = ORIENTED_EDGE ( 'NONE', *, *, #6712, .T. ) ;
#2192 = DIRECTION ( 'NONE',  ( -0.000000000000000000, 1.000000000000000000, -0.000000000000000000 ) ) ;
#2193 = CARTESIAN_POINT ( 'NONE',  ( 0.05000002699999999550, -0.02952757499999999688, -5.409074136996869648E-05 ) ) ;
#2194 = VECTOR ( 'NONE', #4781, 39.37007874015748143 ) ;
#2195 = EDGE_CURVE ( 'NONE', #249, #5410, #6323, .T. ) ;
#2196 = VERTEX_POINT ( 'NONE', #578 ) ;
#2197 = DIRECTION ( 'NONE',  ( 1.000000000000000000, 0.000000000000000000, -0.000000000000000000 ) ) ;
#2198 = SURFACE_STYLE_USAGE ( .BOTH. , #70 ) ;
#2199 = PRESENTATION_STYLE_ASSIGNMENT (( #72 ) ) ;
#2200 = ORIENTED_EDGE ( 'NONE', *, *, #3667, .F. ) ;
#2201 = PRESENTATION_STYLE_ASSIGNMENT (( #74 ) ) ;
#2202 = CARTESIAN_POINT ( 'NONE',  ( -0.2877954310000000460, -0.1003937550000000151, 1.762238766916914599E-17 ) ) ;
#2203 = EDGE_LOOP ( 'NONE', ( #1931, #2096, #3387, #4160 ) ) ;
#2204 = CARTESIAN_POINT ( 'NONE',  ( 0.05000002699999999550, -0.04527561499999999822, -5.409074136996869648E-05 ) ) ;
#2205 = AXIS2_PLACEMENT_3D ( 'NONE', #1209, #6568, #187 ) ;
#2206 = DIRECTION ( 'NONE',  ( 0.000000000000000000, 0.000000000000000000, -1.000000000000000000 ) ) ;
#2207 = CARTESIAN_POINT ( 'NONE',  ( -0.2991883111940281115, 0.04330710999999998895, -0.01571533419908417717 ) ) ;
#2208 = ORIENTED_EDGE ( 'NONE', *, *, #4900, .F. ) ;
#2209 = LINE ( 'NONE', #4373, #4159 ) ;
#2210 =( CONVERSION_BASED_UNIT ( 'INCH', #2740 ) LENGTH_UNIT ( ) NAMED_UNIT ( #1690 ) );
#2211 = ORIENTED_EDGE ( 'NONE', *, *, #903, .T. ) ;
#2212 = FACE_OUTER_BOUND ( 'NONE', #5141, .T. ) ;
#2213 = CARTESIAN_POINT ( 'NONE',  ( 0.2877954310000000460, -0.04527561499999999822, 0.05905515000000002152 ) ) ;
#2214 = DIRECTION ( 'NONE',  ( 0.000000000000000000, -0.000000000000000000, 1.000000000000000000 ) ) ;
#2215 = CARTESIAN_POINT ( 'NONE',  ( -0.2776278166840414618, 0.04330710999999999589, -0.002409167178383031255 ) ) ;
#2216 = CARTESIAN_POINT ( 'NONE',  ( -0.2861317939763694529, 0.04330710999999999589, 0.02198008674612776311 ) ) ;
#2217 = CARTESIAN_POINT ( 'NONE',  ( -0.2777871408192225666, 0.04330711000000000976, 0.01920593186324980745 ) ) ;
#2218 = EDGE_CURVE ( 'NONE', #408, #1595, #5328, .T. ) ;
#2219 = CARTESIAN_POINT ( 'NONE',  ( -0.2896199933193643328, 0.04330710999999998201, -0.005880882097440183129 ) ) ;
#2220 = DIRECTION ( 'NONE',  ( 0.000000000000000000, 1.000000000000000000, 0.000000000000000000 ) ) ;
#2221 = CARTESIAN_POINT ( 'NONE',  ( -0.2877954310000000460, 0.04133860712598425025, -0.08661422212598421377 ) ) ;
#2222 = ORIENTED_EDGE ( 'NONE', *, *, #2689, .F. ) ;
#2223 = CARTESIAN_POINT ( 'NONE',  ( -0.2761897854340414349, 0.04330710999999999589, -0.01329027030338302863 ) ) ;
#2224 = ORIENTED_EDGE ( 'NONE', *, *, #89, .F. ) ;
#2225 = EDGE_CURVE ( 'NONE', #6572, #6584, #3887, .T. ) ;
#2226 = CIRCLE ( 'NONE', #4709, 0.05708664499999999142 ) ;
#2227 = AXIS2_PLACEMENT_3D ( 'NONE', #4785, #2485, #4645 ) ;
#2228 = CARTESIAN_POINT ( 'NONE',  ( -0.2920861433719179057, 0.04330710999999998201, 0.02109758867167412996 ) ) ;
#2229 = FILL_AREA_STYLE ('',( #2724 ) ) ;
#2230 = CIRCLE ( 'NONE', #5616, 0.07086617999999995920 ) ;
#2231 = STYLED_ITEM ( 'NONE', ( #4128 ), #4572 ) ;
#2232 = VERTEX_POINT ( 'NONE', #16 ) ;
#2233 = DIRECTION ( 'NONE',  ( 0.000000000000000000, 0.000000000000000000, -1.000000000000000000 ) ) ;
#2234 = AXIS2_PLACEMENT_3D ( 'NONE', #2651, #2158, #1008 ) ;
#2235 = CARTESIAN_POINT ( 'NONE',  ( -0.1500000810000000073, -0.04527561499999999822, 0.0001081814827399373930 ) ) ;
#2236 = VECTOR ( 'NONE', #4790, 39.37007874015748854 ) ;
#2237 = ORIENTED_EDGE ( 'NONE', *, *, #4472, .F. ) ;
#2238 = FACE_OUTER_BOUND ( 'NONE', #5102, .T. ) ;
#2239 = AXIS2_PLACEMENT_3D ( 'NONE', #2441, #6701, #6198 ) ;
#2240 = EDGE_CURVE ( 'NONE', #5513, #5693, #2286, .T. ) ;
#2241 = ORIENTED_EDGE ( 'NONE', *, *, #6809, .T. ) ;
#2242 = DIRECTION ( 'NONE',  ( -0.000000000000000000, 1.000000000000000000, -0.000000000000000000 ) ) ;
#2243 = DIRECTION ( 'NONE',  ( 0.000000000000000000, 0.000000000000000000, 1.000000000000000000 ) ) ;
#2244 = VERTEX_POINT ( 'NONE', #119 ) ;
#2245 = CIRCLE ( 'NONE', #3477, 0.05708664499999997755 ) ;
#2246 = LINE ( 'NONE', #2141, #1697 ) ;
#2247 = FILL_AREA_STYLE ('',( #1653 ) ) ;
#2248 = EDGE_LOOP ( 'NONE', ( #3866, #1026, #4824, #1753 ) ) ;
#2249 = SURFACE_STYLE_FILL_AREA ( #2421 ) ;
#2250 = CARTESIAN_POINT ( 'NONE',  ( -0.2685978483147422047, 0.04527561499999999822, 0.01407920530201252698 ) ) ;
#2251 = CARTESIAN_POINT ( 'NONE',  ( -0.3053206596913567439, 0.04330710999999999589, -0.01609915045276414172 ) ) ;
#2252 = LINE ( 'NONE', #1243, #4976 ) ;
#2253 = CYLINDRICAL_SURFACE ( 'NONE', #4713, 0.05708664500000000530 ) ;
#2254 = LINE ( 'NONE', #3744, #4289 ) ;
#2255 = ORIENTED_EDGE ( 'NONE', *, *, #2567, .T. ) ;
#2256 = LINE ( 'NONE', #5960, #630 ) ;
#2257 = CARTESIAN_POINT ( 'NONE',  ( -0.2761897854340414349, 0.04330710999999999589, -0.01329027030338302863 ) ) ;
#2258 = ORIENTED_EDGE ( 'NONE', *, *, #4469, .F. ) ;
#2259 = PRESENTATION_STYLE_ASSIGNMENT (( #2789 ) ) ;
#2260 = ORIENTED_EDGE ( 'NONE', *, *, #5255, .F. ) ;
#2261 = ADVANCED_FACE ( 'NONE', ( #150, #2776 ), #1208, .T. ) ;
#2262 = EDGE_CURVE ( 'NONE', #4569, #4994, #1621, .T. ) ;
#2263 =( CONVERSION_BASED_UNIT ( 'INCH', #729 ) LENGTH_UNIT ( ) NAMED_UNIT ( #5248 ) );
#2264 = DIRECTION ( 'NONE',  ( 0.000000000000000000, 0.000000000000000000, -1.000000000000000000 ) ) ;
#2265 = EDGE_CURVE ( 'NONE', #1007, #2295, #4377, .T. ) ;
#2266 = EDGE_CURVE ( 'NONE', #5901, #4422, #2146, .T. ) ;
#2267 = CARTESIAN_POINT ( 'NONE',  ( -0.2975662268442000880, 0.04527561499999999822, -0.009764097039290186783 ) ) ;
#2268 = EDGE_CURVE ( 'NONE', #3278, #949, #4932, .T. ) ;
#2269 = ORIENTED_EDGE ( 'NONE', *, *, #6100, .F. ) ;
#2270 = PLANE ( 'NONE',  #2029 ) ;
#2271 = TOROIDAL_SURFACE ( 'NONE', #2829, 0.02224410649999999587, 0.003937010000000000336 ) ;
#2272 =( CONVERSION_BASED_UNIT ( 'INCH', #140 ) LENGTH_UNIT ( ) NAMED_UNIT ( #2171 ) );
#2273 = ADVANCED_FACE ( 'NONE', ( #4830, #649 ), #3848, .T. ) ;
#2274 = ORIENTED_EDGE ( 'NONE', *, *, #5587, .T. ) ;
#2275 = ORIENTED_EDGE ( 'NONE', *, *, #942, .T. ) ;
#2276 = AXIS2_PLACEMENT_3D ( 'NONE', #4696, #3674, #4801 ) ;
#2277 = DIRECTION ( 'NONE',  ( 0.000000000000000000, 0.000000000000000000, -1.000000000000000000 ) ) ;
#2278 = VERTEX_POINT ( 'NONE', #3918 ) ;
#2279 = ORIENTED_EDGE ( 'NONE', *, *, #2179, .F. ) ;
#2280 =( NAMED_UNIT ( * ) PLANE_ANGLE_UNIT ( ) SI_UNIT ( $, .RADIAN. ) );
#2281 = CIRCLE ( 'NONE', #6213, 0.05905515000000000070 ) ;
#2282 = DIRECTION ( 'NONE',  ( 0.000000000000000000, 0.000000000000000000, -1.000000000000000000 ) ) ;
#2283 = ORIENTED_EDGE ( 'NONE', *, *, #5164, .T. ) ;
#2284 = PLANE ( 'NONE',  #2643 ) ;
#2285 = CARTESIAN_POINT ( 'NONE',  ( -0.2983948761573704256, 0.04527561499999997741, -0.002694375723416117096 ) ) ;
#2286 = LINE ( 'NONE', #6464, #3512 ) ;
#2287 =( CONVERSION_BASED_UNIT ( 'INCH', #4903 ) LENGTH_UNIT ( ) NAMED_UNIT ( #6593 ) );
#2288 = CARTESIAN_POINT ( 'NONE',  ( 0.2006744615700000178, -0.04527561499999999822, -0.02628673032544805166 ) ) ;
#2289 = DIRECTION ( 'NONE',  ( 0.000000000000000000, 0.000000000000000000, 1.000000000000000000 ) ) ;
#2290 = CIRCLE ( 'NONE', #1942, 0.05708664499999999142 ) ;
#2291 = EDGE_CURVE ( 'NONE', #2894, #2053, #3070, .T. ) ;
#2292 = CARTESIAN_POINT ( 'NONE',  ( -0.2884822182040684968, 0.04527561499999997741, -0.005600160213854172946 ) ) ;
#2293 = AXIS2_PLACEMENT_3D ( 'NONE', #1113, #2197, #3863 ) ;
#2294 = CARTESIAN_POINT ( 'NONE',  ( 0.05000002700000000244, -0.1023622599999999966, 0.000000000000000000 ) ) ;
#2295 = VERTEX_POINT ( 'NONE', #6530 ) ;
#2296 = PLANE ( 'NONE',  #288 ) ;
#2297 = CARTESIAN_POINT ( 'NONE',  ( -0.2877954310000000460, 0.04527561499999999822, 1.762238766916914599E-17 ) ) ;
#2298 = ORIENTED_EDGE ( 'NONE', *, *, #677, .F. ) ;
#2299 = DIRECTION ( 'NONE',  ( 0.000000000000000000, 0.000000000000000000, 1.000000000000000000 ) ) ;
#2300 = FACE_BOUND ( 'NONE', #6720, .T. ) ;
#2301 = AXIS2_PLACEMENT_3D ( 'NONE', #4490, #6611, #6038 ) ;
#2302 = EDGE_LOOP ( 'NONE', ( #971, #2150, #2866, #1854 ) ) ;
#2303 = AXIS2_PLACEMENT_3D ( 'NONE', #2297, #1180, #1634 ) ;
#2304 = FACE_OUTER_BOUND ( 'NONE', #4368, .T. ) ;
#2305 = CARTESIAN_POINT ( 'NONE',  ( -0.2283465799999999102, -0.02952757499999999688, 0.06889767499999997769 ) ) ;
#2306 = STYLED_ITEM ( 'NONE', ( #280 ), #3611 ) ;
#2307 = FACE_OUTER_BOUND ( 'NONE', #1408, .T. ) ;
#2308 = ORIENTED_EDGE ( 'NONE', *, *, #2920, .F. ) ;
#2309 = CARTESIAN_POINT ( 'NONE',  ( -0.2877954310000000460, 0.03346458499999999808, -0.05905514999999998682 ) ) ;
#2310 = MECHANICAL_DESIGN_GEOMETRIC_PRESENTATION_REPRESENTATION (  '', ( #6244 ), #848 ) ;
#2311 = ADVANCED_FACE ( 'NONE', ( #5953 ), #3464, .T. ) ;
#2312 = FILL_AREA_STYLE_COLOUR ( '', #1565 ) ;
#2313 = EDGE_LOOP ( 'NONE', ( #2719, #4533, #4576, #3839 ) ) ;
#2314 = SURFACE_SIDE_STYLE ('',( #771 ) ) ;
#2315 = EDGE_LOOP ( 'NONE', ( #4180, #3713, #3496, #4457 ) ) ;
#2316 = LINE ( 'NONE', #4995, #1285 ) ;
#2317 = ORIENTED_EDGE ( 'NONE', *, *, #2865, .F. ) ;
#2318 = CARTESIAN_POINT ( 'NONE',  ( -0.2955805427851438405, 0.04527561499999999822, -0.02280372807039395683 ) ) ;
#2319 = TOROIDAL_SURFACE ( 'NONE', #6903, 0.05511814000000000296, 0.003937010000000000336 ) ;
#2320 = CARTESIAN_POINT ( 'NONE',  ( -0.05000002700000000244, -0.1200788050000000107, 0.000000000000000000 ) ) ;
#2321 = DIRECTION ( 'NONE',  ( 0.000000000000000000, 0.000000000000000000, 1.000000000000000000 ) ) ;
#2322 = PRESENTATION_STYLE_ASSIGNMENT (( #5533 ) ) ;
#2323 = CARTESIAN_POINT ( 'NONE',  ( -0.2830615729190518182, 0.04330710999999998201, -0.004221136755202040992 ) ) ;
#2324 = DIRECTION ( 'NONE',  ( -0.000000000000000000, 1.000000000000000000, -0.000000000000000000 ) ) ;
#2325 = CARTESIAN_POINT ( 'NONE',  ( 0.3074234615712765906, 0.04527561499999999822, -0.03093012030338303242 ) ) ;
#2326 = EDGE_CURVE ( 'NONE', #76, #3557, #4982, .T. ) ;
#2327 = CARTESIAN_POINT ( 'NONE',  ( -0.2878857729340414395, 0.04330710999999999589, -0.005452999990883026712 ) ) ;
#2328 = CYLINDRICAL_SURFACE ( 'NONE', #3029, 0.02913387400000002139 ) ;
#2329 = ORIENTED_EDGE ( 'NONE', *, *, #732, .T. ) ;
#2330 = CARTESIAN_POINT ( 'NONE',  ( -0.3060312306308869412, 0.04330711000000000283, 0.01529549912568891647 ) ) ;
#2331 = CARTESIAN_POINT ( 'NONE',  ( 0.2877954310000000460, -0.1003937550000000151, 1.762238766916914599E-17 ) ) ;
#2332 = EDGE_LOOP ( 'NONE', ( #5442, #3981 ) ) ;
#2333 = ORIENTED_EDGE ( 'NONE', *, *, #4261, .T. ) ;
#2334 = DIRECTION ( 'NONE',  ( 1.000000000000000000, 0.000000000000000000, 0.000000000000000000 ) ) ;
#2335 = FILL_AREA_STYLE_COLOUR ( '', #5348 ) ;
#2336 = CARTESIAN_POINT ( 'NONE',  ( -0.1500000810000000073, -0.1220473100000000061, 0.000000000000000000 ) ) ;
#2337 = VECTOR ( 'NONE', #5070, 39.37007874015748143 ) ;
#2338 = VERTEX_POINT ( 'NONE', #186 ) ;
#2339 = CARTESIAN_POINT ( 'NONE',  ( 0.1500000810000000073, -0.1200788050000000107, 0.000000000000000000 ) ) ;
#2340 = DIMENSIONAL_EXPONENTS ( 1.000000000000000000, 0.000000000000000000, 0.000000000000000000, 0.000000000000000000, 0.000000000000000000, 0.000000000000000000, 0.000000000000000000 ) ;
#2341 = AXIS2_PLACEMENT_3D ( 'NONE', #685, #1800, #3372 ) ;
#2342 = ORIENTED_EDGE ( 'NONE', *, *, #4561, .T. ) ;
#2343 = CARTESIAN_POINT ( 'NONE',  ( -0.2991779551850775043, 0.04527561499999999128, -0.01476610887293659628 ) ) ;
#2344 = AXIS2_PLACEMENT_3D ( 'NONE', #4028, #4514, #259 ) ;
#2345 = EDGE_LOOP ( 'NONE', ( #4788, #1484, #963, #480 ) ) ;
#2346 = LINE ( 'NONE', #1990, #5556 ) ;
#2347 = ORIENTED_EDGE ( 'NONE', *, *, #3870, .F. ) ;
#2348 = AXIS2_PLACEMENT_3D ( 'NONE', #4328, #6445, #1639 ) ;
#2349 = FACE_OUTER_BOUND ( 'NONE', #5057, .T. ) ;
#2350 = CARTESIAN_POINT ( 'NONE',  ( -0.2963437146646267784, 0.04527561499999999822, -0.02218727814545808433 ) ) ;
#2351 = VECTOR ( 'NONE', #6359, 39.37007874015748143 ) ;
#2352 = EDGE_CURVE ( 'NONE', #2295, #354, #2430, .T. ) ;
#2353 = CARTESIAN_POINT ( 'NONE',  ( 0.1618111109999999797, -0.02952757499999999688, 0.06889767499999997769 ) ) ;
#2354 = EDGE_CURVE ( 'NONE', #2899, #3195, #6151, .T. ) ;
#2355 = CARTESIAN_POINT ( 'NONE',  ( 0.3074234615712765906, 0.04527561499999999822, 0.02812502969661697175 ) ) ;
#2356 = FACE_OUTER_BOUND ( 'NONE', #1879, .T. ) ;
#2357 = DIRECTION ( 'NONE',  ( 0.000000000000000000, -0.000000000000000000, 1.000000000000000000 ) ) ;
#2358 = EDGE_CURVE ( 'NONE', #2031, #1077, #4653, .T. ) ;
#2359 = PLANE ( 'NONE',  #6666 ) ;
#2360 = EDGE_CURVE ( 'NONE', #1425, #357, #4542, .T. ) ;
#2361 = CYLINDRICAL_SURFACE ( 'NONE', #2341, 0.02913387400000002139 ) ;
#2362 = ADVANCED_FACE ( 'NONE', ( #2356 ), #6664, .F. ) ;
#2363 = DIRECTION ( 'NONE',  ( 0.000000000000000000, 0.000000000000000000, -1.000000000000000000 ) ) ;
#2364 = AXIS2_PLACEMENT_3D ( 'NONE', #1133, #5980, #2665 ) ;
#2365 = FACE_OUTER_BOUND ( 'NONE', #704, .T. ) ;
#2366 = EDGE_LOOP ( 'NONE', ( #5972, #1336, #2832, #4154 ) ) ;
#2367 = CARTESIAN_POINT ( 'NONE',  ( -0.3037238451804166184, 0.04330710999999999589, 0.02061520957055486269 ) ) ;
#2368 = CARTESIAN_POINT ( 'NONE',  ( 0.03818899699999998842, -0.02952757499999999688, 0.05590554199999997476 ) ) ;
#2369 = EDGE_LOOP ( 'NONE', ( #6064, #4783, #3534, #4110 ) ) ;
#2370 = DIRECTION ( 'NONE',  ( 0.000000000000000000, -1.000000000000000000, 0.000000000000000000 ) ) ;
#2371 =( LENGTH_UNIT ( ) NAMED_UNIT ( * ) SI_UNIT ( $, .METRE. ) );
#2372 = ORIENTED_EDGE ( 'NONE', *, *, #5531, .T. ) ;
#2373 = CARTESIAN_POINT ( 'NONE',  ( 0.1000000540000000049, -0.1023622599999999966, 0.000000000000000000 ) ) ;
#2374 = ORIENTED_EDGE ( 'NONE', *, *, #4646, .F. ) ;
#2375 = EDGE_CURVE ( 'NONE', #3278, #4569, #2955, .T. ) ;
#2376 = CYLINDRICAL_SURFACE ( 'NONE', #5836, 0.02263780749999999911 ) ;
#2377 = ORIENTED_EDGE ( 'NONE', *, *, #4135, .F. ) ;
#2378 = DIRECTION ( 'NONE',  ( 0.000000000000000000, 0.000000000000000000, 1.000000000000000000 ) ) ;
#2379 = VERTEX_POINT ( 'NONE', #1893 ) ;
#2380 = CARTESIAN_POINT ( 'NONE',  ( -0.1500000810000000073, -0.1200788050000000107, -0.02913387400000002139 ) ) ;
#2381 = ORIENTED_EDGE ( 'NONE', *, *, #3120, .F. ) ;
#2382 = CARTESIAN_POINT ( 'NONE',  ( -0.2770602828159770548, 0.04330710999999996813, 0.01846801284098649812 ) ) ;
#2383 = CARTESIAN_POINT ( 'NONE',  ( -0.2991687554480017552, 0.04527561499999999822, -0.01638178712921748922 ) ) ;
#2384 = SURFACE_SIDE_STYLE ('',( #3501 ) ) ;
#2385 = AXIS2_PLACEMENT_3D ( 'NONE', #139, #5868, #1050 ) ;
#2386 = AXIS2_PLACEMENT_3D ( 'NONE', #5788, #3638, #6368 ) ;
#2387 = CARTESIAN_POINT ( 'NONE',  ( -0.2974807554292910883, 0.04330711000000000283, -0.002194250003118405293 ) ) ;
#2388 = DIRECTION ( 'NONE',  ( -1.000000000000000000, -0.000000000000000000, -0.000000000000000000 ) ) ;
#2389 = FILL_AREA_STYLE_COLOUR ( '', #1086 ) ;
#2390 = DIRECTION ( 'NONE',  ( -0.000000000000000000, 1.000000000000000000, -0.000000000000000000 ) ) ;
#2391 = LENGTH_MEASURE_WITH_UNIT ( LENGTH_MEASURE( 0.02539999999999999897 ), #1310 );
#2392 = VECTOR ( 'NONE', #2640, 39.37007874015748143 ) ;
#2393 = ADVANCED_FACE ( 'NONE', ( #2462 ), #1279, .T. ) ;
#2394 = ADVANCED_FACE ( 'NONE', ( #4620 ), #4792, .T. ) ;
#2395 = AXIS2_PLACEMENT_3D ( 'NONE', #6814, #2010, #4174 ) ;
#2396 = DIRECTION ( 'NONE',  ( -0.000000000000000000, -0.000000000000000000, -1.000000000000000000 ) ) ;
#2397 = EDGE_CURVE ( 'NONE', #316, #1198, #3072, .T. ) ;
#2398 = CARTESIAN_POINT ( 'NONE',  ( -0.3053338854340414410, 0.04527561499999999822, -0.01551921874088303156 ) ) ;
#2399 = ORIENTED_EDGE ( 'NONE', *, *, #1501, .F. ) ;
#2400 = CARTESIAN_POINT ( 'NONE',  ( -0.2984953874332663126, 0.04330710999999999589, 0.02590310141538208766 ) ) ;
#2401 = DIRECTION ( 'NONE',  ( 0.000000000000000000, 0.000000000000000000, -1.000000000000000000 ) ) ;
#2402 = CARTESIAN_POINT ( 'NONE',  ( 0.1381890509999999794, -0.02952757499999999688, 0.06889767499999997769 ) ) ;
#2403 = AXIS2_PLACEMENT_3D ( 'NONE', #5031, #5596, #210 ) ;
#2404 = VERTEX_POINT ( 'NONE', #6837 ) ;
#2405 = CARTESIAN_POINT ( 'NONE',  ( -0.2764014363036511601, 0.04527561500000001210, 0.01769356849699999304 ) ) ;
#2406 = CARTESIAN_POINT ( 'NONE',  ( -0.3054127741390711970, 0.04330710999999999589, 0.01718333846491707992 ) ) ;
#2407 = ORIENTED_EDGE ( 'NONE', *, *, #4684, .T. ) ;
#2408 = B_SPLINE_SURFACE_WITH_KNOTS ( 'NONE', 3, 1, ( 
 ( #1509, #3094 ),
 ( #3122, #3587 ),
 ( #5743, #2556 ),
 ( #917, #4197 ),
 ( #6325, #3057 ),
 ( #3663, #2066 ),
 ( #6358, #4236 ),
 ( #5225, #5810 ),
 ( #37, #3802 ),
 ( #3262, #3189 ),
 ( #5361, #6490 ),
 ( #5392, #5493 ),
 ( #2662, #4889 ),
 ( #2802, #1056 ),
 ( #4410, #5427 ),
 ( #537, #5873 ),
 ( #5944, #4340 ),
 ( #2207, #1649 ),
 ( #3295, #672 ) ),
 .UNSPECIFIED., .F., .F., .F.,
 ( 4, 1, 1, 1, 1, 1, 1, 1, 1, 1, 1, 1, 1, 1, 1, 1, 4 ),
 ( 2, 2 ),
 ( 0.000000000000000000, 0.08042359312847491282, 0.1554478660209154262, 0.2274865779056513826, 0.2949489652405906104, 0.3597986509905196084, 0.4210200219417485901, 0.4819019994984995447, 0.5406082872412761864, 0.5984821386513654584, 0.6551515363375456369, 0.7102010032718244492, 0.7655971895723557852, 0.8217224591483821561, 0.8791641554936606706, 0.9383687171181127606, 1.000000000000000000 ),
 ( 0.000000000000000000, 1.000000000000000000 ),
 .UNSPECIFIED. ) ;
#2409 = EDGE_CURVE ( 'NONE', #6458, #1654, #5917, .T. ) ;
#2410 = APPLICATION_PROTOCOL_DEFINITION ( 'draft international standard', 'automotive_design', 1998, #3860 ) ;
#2411 = LENGTH_MEASURE_WITH_UNIT ( LENGTH_MEASURE( 0.02539999999999999897 ), #5053 );
#2412 = AXIS2_PLACEMENT_3D ( 'NONE', #6479, #5352, #4296 ) ;
#2413 = CARTESIAN_POINT ( 'NONE',  ( -0.2987778948085572095, 0.04527561499999999822, -0.01197544858108255846 ) ) ;
#2414 = CIRCLE ( 'NONE', #5679, 0.02618111650000000748 ) ;
#2415 = ORIENTED_EDGE ( 'NONE', *, *, #1783, .F. ) ;
#2416 = CIRCLE ( 'NONE', #6015, 0.05708664499999999142 ) ;
#2417 = PRESENTATION_STYLE_ASSIGNMENT (( #2861 ) ) ;
#2418 = ORIENTED_EDGE ( 'NONE', *, *, #6430, .F. ) ;
#2419 = VECTOR ( 'NONE', #1442, 39.37007874015748143 ) ;
#2420 = CYLINDRICAL_SURFACE ( 'NONE', #62, 0.02618111650000000054 ) ;
#2421 = FILL_AREA_STYLE ('',( #6684 ) ) ;
#2422 = EDGE_LOOP ( 'NONE', ( #5560, #594, #2612, #3644 ) ) ;
#2423 = FACE_OUTER_BOUND ( 'NONE', #5085, .T. ) ;
#2424 = ORIENTED_EDGE ( 'NONE', *, *, #6713, .F. ) ;
#2425 = CIRCLE ( 'NONE', #5250, 0.05905515000000000070 ) ;
#2426 = ORIENTED_EDGE ( 'NONE', *, *, #2266, .T. ) ;
#2427 = CYLINDRICAL_SURFACE ( 'NONE', #3606, 0.02913387400000000058 ) ;
#2428 = ORIENTED_EDGE ( 'NONE', *, *, #3739, .F. ) ;
#2429 = DIRECTION ( 'NONE',  ( 0.000000000000000000, 0.000000000000000000, -1.000000000000000000 ) ) ;
#2430 = LINE ( 'NONE', #1863, #716 ) ;
#2431 = CARTESIAN_POINT ( 'NONE',  ( -0.1500000810000000073, -0.1023622599999999966, 0.000000000000000000 ) ) ;
#2432 = DIRECTION ( 'NONE',  ( -0.000000000000000000, -1.000000000000000000, -0.000000000000000000 ) ) ;
#2433 = FILL_AREA_STYLE_COLOUR ( '', #673 ) ;
#2434 = B_SPLINE_SURFACE_WITH_KNOTS ( 'NONE', 3, 1, ( 
 ( #3821, #3855 ),
 ( #1705, #6472 ),
 ( #4359, #4459 ),
 ( #58, #3784 ),
 ( #2190, #2714 ),
 ( #5994, #5925 ),
 ( #689, #2817 ),
 ( #4972, #6437 ),
 ( #5481, #4388 ),
 ( #1774, #129 ),
 ( #2153, #3930 ),
 ( #4943, #6067 ),
 ( #4871, #657 ),
 ( #2787, #1252 ),
 ( #158, #5961 ) ),
 .UNSPECIFIED., .F., .F., .F.,
 ( 4, 1, 1, 1, 1, 1, 1, 1, 1, 1, 1, 1, 4 ),
 ( 2, 2 ),
 ( 0.000000000000000000, 0.09191484500950586334, 0.1793500136985497762, 0.2627602509497596883, 0.3438245629315453966, 0.4230536694981507639, 0.5001537638566708743, 0.5774020559630037575, 0.6564709802344417255, 0.7376500484536384628, 0.8208783262149128568, 0.9079232481193409976, 1.000000000000000000 ),
 ( 0.000000000000000000, 1.000000000000000000 ),
 .UNSPECIFIED. ) ;
#2435 = CARTESIAN_POINT ( 'NONE',  ( -0.05000002700000000244, -0.02952757499999999688, 0.000000000000000000 ) ) ;
#2436 = SURFACE_STYLE_FILL_AREA ( #6737 ) ;
#2437 = EDGE_LOOP ( 'NONE', ( #2929, #1126 ) ) ;
#2438 = CARTESIAN_POINT ( 'NONE',  ( -0.06181105699999998176, -0.02952757499999999688, -0.05590554199999997476 ) ) ;
#2439 = CARTESIAN_POINT ( 'NONE',  ( -0.2877954310000000460, -0.1003937550000000151, 1.762238766916914599E-17 ) ) ;
#2440 = DIRECTION ( 'NONE',  ( 1.000000000000000000, 0.000000000000000000, 0.000000000000000000 ) ) ;
#2441 = CARTESIAN_POINT ( 'NONE',  ( 0.2698429115712766002, 0.04330710999999999589, -0.03093012030338303242 ) ) ;
#2442 = CARTESIAN_POINT ( 'NONE',  ( -0.2800256783804286886, 0.04330710999999999589, 0.003723070801681944552 ) ) ;
#2443 = DIRECTION ( 'NONE',  ( -0.000000000000000000, -0.000000000000000000, 1.000000000000000000 ) ) ;
#2444 = EDGE_CURVE ( 'NONE', #4886, #2973, #5260, .T. ) ;
#2445 = ORIENTED_EDGE ( 'NONE', *, *, #527, .T. ) ;
#2446 = ADVANCED_FACE ( 'NONE', ( #2491 ), #4751, .T. ) ;
#2447 = VERTEX_POINT ( 'NONE', #2034 ) ;
#2448 = ADVANCED_FACE ( 'NONE', ( #402 ), #2408, .T. ) ;
#2449 = ORIENTED_EDGE ( 'NONE', *, *, #2913, .T. ) ;
#2450 = CARTESIAN_POINT ( 'NONE',  ( -0.2877954310000000460, 0.04527561499999999822, 1.762238766916914599E-17 ) ) ;
#2451 = AXIS2_PLACEMENT_3D ( 'NONE', #6085, #6148, #779 ) ;
#2452 = ORIENTED_EDGE ( 'NONE', *, *, #2784, .T. ) ;
#2453 = CARTESIAN_POINT ( 'NONE',  ( -0.1500000810000000073, -0.1023622599999999966, 0.03937010000000001203 ) ) ;
#2454 = UNCERTAINTY_MEASURE_WITH_UNIT (LENGTH_MEASURE( 1.000000000000000082E-05 ), #362, 'distance_accuracy_value', 'NONE');
#2455 = EDGE_LOOP ( 'NONE', ( #6522, #4148 ) ) ;
#2456 = DIRECTION ( 'NONE',  ( -0.000000000000000000, 1.000000000000000000, -0.000000000000000000 ) ) ;
#2457 = VECTOR ( 'NONE', #1891, 39.37007874015748143 ) ;
#2458 = FILL_AREA_STYLE ('',( #5257 ) ) ;
#2459 = VERTEX_POINT ( 'NONE', #2700 ) ;
#2460 = DIRECTION ( 'NONE',  ( 0.000000000000000000, 0.000000000000000000, -1.000000000000000000 ) ) ;
#2461 = DIRECTION ( 'NONE',  ( -1.000000000000000000, -0.000000000000000000, 0.000000000000000000 ) ) ;
#2462 = FACE_OUTER_BOUND ( 'NONE', #1651, .T. ) ;
#2463 = PRESENTATION_LAYER_ASSIGNMENT (  '', '', ( #782 ) ) ;
#2464 = SURFACE_STYLE_USAGE ( .BOTH. , #3591 ) ;
#2465 = CARTESIAN_POINT ( 'NONE',  ( -0.2872360638707434077, 0.04330710999999999589, 0.02196913165237651677 ) ) ;
#2466 = MECHANICAL_DESIGN_GEOMETRIC_PRESENTATION_REPRESENTATION (  '', ( #2904 ), #680 ) ;
#2467 = ORIENTED_EDGE ( 'NONE', *, *, #602, .T. ) ;
#2468 = FACE_OUTER_BOUND ( 'NONE', #5801, .T. ) ;
#2469 = DIRECTION ( 'NONE',  ( 0.000000000000000000, -0.000000000000000000, -1.000000000000000000 ) ) ;
#2470 = CARTESIAN_POINT ( 'NONE',  ( 0.05000002700000000244, -0.1200788050000000107, 0.02913387400000000058 ) ) ;
#2471 = CARTESIAN_POINT ( 'NONE',  ( 0.3012878615712766273, 0.04527561499999999822, -0.03093012030338303242 ) ) ;
#2472 = DIRECTION ( 'NONE',  ( 0.000000000000000000, 0.000000000000000000, -1.000000000000000000 ) ) ;
#2473 = CARTESIAN_POINT ( 'NONE',  ( -0.2879936252777913763, 0.04527561499999999128, -0.02479452030338303442 ) ) ;
#2474 = ORIENTED_EDGE ( 'NONE', *, *, #2139, .T. ) ;
#2475 = DIRECTION ( 'NONE',  ( 0.000000000000000000, -1.000000000000000000, 0.000000000000000000 ) ) ;
#2476 = VERTEX_POINT ( 'NONE', #2172 ) ;
#2477 = ADVANCED_FACE ( 'NONE', ( #6526 ), #6545, .T. ) ;
#2478 = DIRECTION ( 'NONE',  ( 0.000000000000000000, -0.000000000000000000, -1.000000000000000000 ) ) ;
#2479 = EDGE_LOOP ( 'NONE', ( #3220, #4693, #6885, #4549 ) ) ;
#2480 = ADVANCED_FACE ( 'NONE', ( #6456 ), #4304, .F. ) ;
#2481 = EDGE_CURVE ( 'NONE', #3966, #510, #4959, .T. ) ;
#2482 = ORIENTED_EDGE ( 'NONE', *, *, #3215, .F. ) ;
#2483 = CARTESIAN_POINT ( 'NONE',  ( 0.1500000810000000073, -0.1023622599999999966, 0.000000000000000000 ) ) ;
#2484 = ORIENTED_EDGE ( 'NONE', *, *, #4074, .F. ) ;
#2485 = DIRECTION ( 'NONE',  ( 0.000000000000000000, -1.000000000000000000, 0.000000000000000000 ) ) ;
#2486 = PRODUCT_RELATED_PRODUCT_CATEGORY ( 'part', '', ( #6499 ) ) ;
#2487 =( LENGTH_UNIT ( ) NAMED_UNIT ( * ) SI_UNIT ( $, .METRE. ) );
#2488 = VERTEX_POINT ( 'NONE', #2735 ) ;
#2489 = CARTESIAN_POINT ( 'NONE',  ( -0.2900846550111985112, 0.04330710999999996813, -0.03165956947806318478 ) ) ;
#2490 = DIRECTION ( 'NONE',  ( -0.000000000000000000, 1.000000000000000000, -0.000000000000000000 ) ) ;
#2491 = FACE_OUTER_BOUND ( 'NONE', #290, .T. ) ;
#2492 = PRESENTATION_STYLE_ASSIGNMENT (( #5149 ) ) ;
#2493 = DIRECTION ( 'NONE',  ( 0.000000000000000000, 0.000000000000000000, 1.000000000000000000 ) ) ;
#2494 = EDGE_CURVE ( 'NONE', #6473, #324, #1837, .T. ) ;
#2495 = CARTESIAN_POINT ( 'NONE',  ( -0.2877954310000000460, 0.03346458500000000502, 0.05905515000000002152 ) ) ;
#2496 = EDGE_CURVE ( 'NONE', #2379, #5347, #1054, .T. ) ;
#2497 = CARTESIAN_POINT ( 'NONE',  ( -0.03818899699999998842, -0.07223479225994784703, -0.05590554199999997476 ) ) ;
#2498 =( GEOMETRIC_REPRESENTATION_CONTEXT ( 3 ) GLOBAL_UNCERTAINTY_ASSIGNED_CONTEXT ( ( #2649 ) ) GLOBAL_UNIT_ASSIGNED_CONTEXT ( ( #3035, #865, #4072 ) ) REPRESENTATION_CONTEXT ( 'NONE', 'WORKASPACE' ) );
#2499 = CARTESIAN_POINT ( 'NONE',  ( -0.1500000810000000073, -0.1200788050000000107, 0.000000000000000000 ) ) ;
#2500 = EDGE_LOOP ( 'NONE', ( #3710, #5982, #5042, #842 ) ) ;
#2501 = PRESENTATION_STYLE_ASSIGNMENT (( #994 ) ) ;
#2502 = PRESENTATION_STYLE_ASSIGNMENT (( #966 ) ) ;
#2503 = CARTESIAN_POINT ( 'NONE',  ( -0.06181105699999998176, -0.02952757499999999688, 0.05590554199999997476 ) ) ;
#2504 =( GEOMETRIC_REPRESENTATION_CONTEXT ( 3 ) GLOBAL_UNCERTAINTY_ASSIGNED_CONTEXT ( ( #3717 ) ) GLOBAL_UNIT_ASSIGNED_CONTEXT ( ( #1840, #1288, #4945 ) ) REPRESENTATION_CONTEXT ( 'NONE', 'WORKASPACE' ) );
#2505 = CARTESIAN_POINT ( 'NONE',  ( 0.1381890509999999794, -0.07223479225994784703, 0.05595963274136995375 ) ) ;
#2506 = CARTESIAN_POINT ( 'NONE',  ( -0.2878465880360887019, 0.04527561499999997741, 0.02887671920880574561 ) ) ;
#2507 = AXIS2_PLACEMENT_3D ( 'NONE', #1750, #3907, #1226 ) ;
#2508 = AXIS2_PLACEMENT_3D ( 'NONE', #6366, #1523, #3033 ) ;
#2509 = ADVANCED_FACE ( 'NONE', ( #1163 ), #4268, .F. ) ;
#2510 = VERTEX_POINT ( 'NONE', #110 ) ;
#2511 = AXIS2_PLACEMENT_3D ( 'NONE', #1197, #3842, #5978 ) ;
#2512 = APPLICATION_PROTOCOL_DEFINITION ( 'draft international standard', 'automotive_design', 1998, #4226 ) ;
#2513 = CARTESIAN_POINT ( 'NONE',  ( -0.2685978483147422047, 0.04330710999999999589, 0.01407920530201252698 ) ) ;
#2514 = CARTESIAN_POINT ( 'NONE',  ( -0.2878465880360887019, 0.04527561499999999822, 0.02887671920880574561 ) ) ;
#2515 = EDGE_LOOP ( 'NONE', ( #4294, #4925, #261, #1448 ) ) ;
#2516 = CIRCLE ( 'NONE', #1618, 0.05708664499999999142 ) ;
#2517 = ORIENTED_EDGE ( 'NONE', *, *, #2920, .T. ) ;
#2518 = CARTESIAN_POINT ( 'NONE',  ( 0.03818899699999998842, -0.07223479225994784703, -0.05590554199999997476 ) ) ;
#2519 = CARTESIAN_POINT ( 'NONE',  ( -0.06181105699999998176, -0.07223479225994784703, 0.06889767499999997769 ) ) ;
#2520 = CIRCLE ( 'NONE', #3653, 0.003937009999999999468 ) ;
#2521 = CARTESIAN_POINT ( 'NONE',  ( -0.2697543013787945254, 0.04330710999999998895, 0.005036072304007179617 ) ) ;
#2522 = UNCERTAINTY_MEASURE_WITH_UNIT (LENGTH_MEASURE( 1.000000000000000082E-05 ), #1361, 'distance_accuracy_value', 'NONE');
#2523 = ORIENTED_EDGE ( 'NONE', *, *, #6265, .F. ) ;
#2524 = EDGE_CURVE ( 'NONE', #1736, #5209, #2290, .T. ) ;
#2525 = CARTESIAN_POINT ( 'NONE',  ( -0.2757938692560801819, 0.04527561499999999822, 0.007271085165341731674 ) ) ;
#2526 = CIRCLE ( 'NONE', #3192, 0.03937010000000001203 ) ;
#2527 = ORIENTED_EDGE ( 'NONE', *, *, #3296, .F. ) ;
#2528 = CARTESIAN_POINT ( 'NONE',  ( -0.2746558854340414579, 0.04527561499999999128, 0.01187527657161697135 ) ) ;
#2529 = PRESENTATION_LAYER_ASSIGNMENT (  '', '', ( #745 ) ) ;
#2530 = CYLINDRICAL_SURFACE ( 'NONE', #3, 0.02618111650000000054 ) ;
#2531 = PRESENTATION_STYLE_ASSIGNMENT (( #5231 ) ) ;
#2532 = CARTESIAN_POINT ( 'NONE',  ( -0.2993887214150193210, 0.04527561499999999822, 0.01432373367727431991 ) ) ;
#2533 = ORIENTED_EDGE ( 'NONE', *, *, #1173, .F. ) ;
#2534 = DIRECTION ( 'NONE',  ( -0.000000000000000000, 1.000000000000000000, -0.000000000000000000 ) ) ;
#2535 =( CONVERSION_BASED_UNIT ( 'INCH', #410 ) LENGTH_UNIT ( ) NAMED_UNIT ( #6641 ) );
#2536 = DIRECTION ( 'NONE',  ( 0.000000000000000000, 0.000000000000000000, 1.000000000000000000 ) ) ;
#2537 = LINE ( 'NONE', #792, #232 ) ;
#2538 = DIRECTION ( 'NONE',  ( 0.000000000000000000, 0.000000000000000000, -1.000000000000000000 ) ) ;
#2539 = EDGE_CURVE ( 'NONE', #775, #572, #1610, .T. ) ;
#2540 = CARTESIAN_POINT ( 'NONE',  ( 0.03818899699999998842, -0.04527561499999999822, -0.05590554199999997476 ) ) ;
#2541 = ORIENTED_EDGE ( 'NONE', *, *, #5851, .F. ) ;
#2542 = CIRCLE ( 'NONE', #2648, 0.05708664500000004000 ) ;
#2543 = CARTESIAN_POINT ( 'NONE',  ( -0.2721247543640256117, 0.04330710999999999589, 0.02255977364869210175 ) ) ;
#2544 = CARTESIAN_POINT ( 'NONE',  ( -0.2784677826397585210, 0.04330710999999999589, -0.002772779555858423048 ) ) ;
#2545 = ORIENTED_EDGE ( 'NONE', *, *, #1330, .F. ) ;
#2546 = CARTESIAN_POINT ( 'NONE',  ( -0.1500000810000000073, -0.1771654499999999743, 0.000000000000000000 ) ) ;
#2547 = DIRECTION ( 'NONE',  ( -0.000000000000000000, -1.000000000000000000, -0.000000000000000000 ) ) ;
#2548 = CARTESIAN_POINT ( 'NONE',  ( -0.2777519821829086411, 0.04527561499999999822, -0.01942058161109104161 ) ) ;
#2549 = CARTESIAN_POINT ( 'NONE',  ( 0.2283465800000000212, -0.04527561499999999822, 0.06889767499999997769 ) ) ;
#2550 = ORIENTED_EDGE ( 'NONE', *, *, #3732, .F. ) ;
#2551 = CARTESIAN_POINT ( 'NONE',  ( -0.05000002700000000244, -0.1220473100000000061, 0.000000000000000000 ) ) ;
#2552 = CARTESIAN_POINT ( 'NONE',  ( -0.2283465799999999102, -0.04527561499999999822, -0.06889767500000000544 ) ) ;
#2553 = ORIENTED_EDGE ( 'NONE', *, *, #4435, .T. ) ;
#2554 = CARTESIAN_POINT ( 'NONE',  ( -0.3050727111622569820, 0.04330710999999999589, -0.01890775858033752130 ) ) ;
#2555 = CYLINDRICAL_SURFACE ( 'NONE', #1241, 0.05708664499999999142 ) ;
#2556 = CARTESIAN_POINT ( 'NONE',  ( -0.2892954168336081544, 0.04527561499999997741, -0.02478337026389326389 ) ) ;
#2557 = LENGTH_MEASURE_WITH_UNIT ( LENGTH_MEASURE( 0.02539999999999999897 ), #5293 );
#2558 = PLANE ( 'NONE',  #124 ) ;
#2559 = CARTESIAN_POINT ( 'NONE',  ( 0.1618111110000000352, -0.07223479225994784703, -0.05590554199999997476 ) ) ;
#2560 = CIRCLE ( 'NONE', #6820, 0.05708664500000004000 ) ;
#2561 = EDGE_CURVE ( 'NONE', #5172, #4264, #6013, .T. ) ;
#2562 = DIRECTION ( 'NONE',  ( -0.000000000000000000, 1.000000000000000000, -0.000000000000000000 ) ) ;
#2563 = ADVANCED_FACE ( 'NONE', ( #3726 ), #5908, .T. ) ;
#2564 = DIRECTION ( 'NONE',  ( 0.000000000000000000, -1.000000000000000000, 0.000000000000000000 ) ) ;
#2565 = ORIENTED_EDGE ( 'NONE', *, *, #6813, .T. ) ;
#2566 = LINE ( 'NONE', #336, #2688 ) ;
#2567 = EDGE_CURVE ( 'NONE', #2814, #4814, #1302, .T. ) ;
#2568 = PRESENTATION_LAYER_ASSIGNMENT (  '', '', ( #5506 ) ) ;
#2569 =( NAMED_UNIT ( * ) SI_UNIT ( $, .STERADIAN. ) SOLID_ANGLE_UNIT ( ) );
#2570 = CARTESIAN_POINT ( 'NONE',  ( -0.1500000810000000073, -0.1220473100000000061, 0.000000000000000000 ) ) ;
#2571 = EDGE_CURVE ( 'NONE', #4807, #5032, #3365, .T. ) ;
#2572 = AXIS2_PLACEMENT_3D ( 'NONE', #645, #4961, #1339 ) ;
#2573 = DIRECTION ( 'NONE',  ( -1.214169776012528962E-16, 0.1305261922200484370, 0.9914448613738109373 ) ) ;
#2574 = CARTESIAN_POINT ( 'NONE',  ( 0.1500000810000000073, -0.1811024599999999929, 0.000000000000000000 ) ) ;
#2575 = CARTESIAN_POINT ( 'NONE',  ( -0.2685202854340414946, 0.04527561499999999822, 0.01169552266536697319 ) ) ;
#2576 = EDGE_LOOP ( 'NONE', ( #2839, #3412, #3378, #2891 ) ) ;
#2577 = AXIS2_PLACEMENT_3D ( 'NONE', #2546, #839, #3648 ) ;
#2578 = STYLED_ITEM ( 'NONE', ( #2502 ), #4356 ) ;
#2579 = COLOUR_RGB ( '',0.1019607843137254888, 0.1019607843137254888, 0.1019607843137254888 ) ;
#2580 = DIRECTION ( 'NONE',  ( -0.000000000000000000, -1.000000000000000000, -0.000000000000000000 ) ) ;
#2581 = CIRCLE ( 'NONE', #4398, 0.05511814000000000296 ) ;
#2582 = ORIENTED_EDGE ( 'NONE', *, *, #2654, .T. ) ;
#2583 = CARTESIAN_POINT ( 'NONE',  ( -0.2804971642436654422, 0.04527561499999997741, -0.003455810296413547051 ) ) ;
#2584 = DIRECTION ( 'NONE',  ( 0.000000000000000000, 0.000000000000000000, -1.000000000000000000 ) ) ;
#2585 = CARTESIAN_POINT ( 'NONE',  ( 0.03818899699999998842, -0.02952757499999999688, -0.05590554199999997476 ) ) ;
#2586 = ORIENTED_EDGE ( 'NONE', *, *, #3209, .F. ) ;
#2588 = ADVANCED_FACE ( 'NONE', ( #283 ), #6618, .T. ) ;
#2587 = CARTESIAN_POINT ( 'NONE',  ( -0.2877954309999999349, -0.02952757499999999688, 1.762238766916914599E-17 ) ) ;
#2589 = ORIENTED_EDGE ( 'NONE', *, *, #2948, .T. ) ;
#2590 = CARTESIAN_POINT ( 'NONE',  ( -0.2808634504809255916, 0.04527561499999997047, 0.003363318233962866565 ) ) ;
#2591 = DIRECTION ( 'NONE',  ( 0.000000000000000000, 0.000000000000000000, -1.000000000000000000 ) ) ;
#2592 =( NAMED_UNIT ( * ) PLANE_ANGLE_UNIT ( ) SI_UNIT ( $, .RADIAN. ) );
#2593 = LINE ( 'NONE', #1481, #5625 ) ;
#2594 = CARTESIAN_POINT ( 'NONE',  ( -0.2877954310000000460, 0.03346458500000000502, 1.762238766916914599E-17 ) ) ;
#2595 = FACE_OUTER_BOUND ( 'NONE', #6602, .T. ) ;
#2596 = DIRECTION ( 'NONE',  ( 0.000000000000000000, 0.000000000000000000, -1.000000000000000000 ) ) ;
#2597 = ORIENTED_EDGE ( 'NONE', *, *, #178, .F. ) ;
#2598 = CARTESIAN_POINT ( 'NONE',  ( 0.2877954310000000460, 0.03740159499999999582, -0.05511813999999998215 ) ) ;
#2599 = CARTESIAN_POINT ( 'NONE',  ( -0.2283465799999999102, -0.02952757499999999688, -0.06889767500000000544 ) ) ;
#2600 = DIRECTION ( 'NONE',  ( -1.000000000000000000, 0.000000000000000000, -0.000000000000000000 ) ) ;
#2601 = CARTESIAN_POINT ( 'NONE',  ( -0.2872980702213435711, 0.04330710999999998895, -0.005311217293554978090 ) ) ;
#2602 = DIRECTION ( 'NONE',  ( 0.000000000000000000, 0.000000000000000000, -1.000000000000000000 ) ) ;
#2603 = DIRECTION ( 'NONE',  ( 0.000000000000000000, -1.000000000000000000, 0.000000000000000000 ) ) ;
#2604 = EDGE_CURVE ( 'NONE', #5665, #335, #5230, .T. ) ;
#2605 = VERTEX_POINT ( 'NONE', #3394 ) ;
#2606 = EDGE_CURVE ( 'NONE', #4973, #700, #2316, .T. ) ;
#2607 = ADVANCED_FACE ( 'NONE', ( #5663 ), #6143, .F. ) ;
#2608 = CIRCLE ( 'NONE', #2385, 0.05708664500000000530 ) ;
#2609 = CARTESIAN_POINT ( 'NONE',  ( -0.2698017630852226900, 0.04527561499999999128, 0.01860037995639516120 ) ) ;
#2610 = ORIENTED_EDGE ( 'NONE', *, *, #2860, .T. ) ;
#2611 = CARTESIAN_POINT ( 'NONE',  ( -0.3026261353952934274, 0.04527561499999999128, 0.02214254449605968303 ) ) ;
#2612 = ORIENTED_EDGE ( 'NONE', *, *, #5419, .T. ) ;
#2613 = VECTOR ( 'NONE', #305, 39.37007874015748143 ) ;
#2614 = DIRECTION ( 'NONE',  ( -0.000000000000000000, 0.000000000000000000, -1.000000000000000000 ) ) ;
#2615 = CARTESIAN_POINT ( 'NONE',  ( -0.2903385702375578803, 0.04330710999999998895, 0.02160479453292677224 ) ) ;
#2616 = CARTESIAN_POINT ( 'NONE',  ( -0.2877954310000000460, -0.04527561499999999822, 1.762238766916914599E-17 ) ) ;
#2617 = CIRCLE ( 'NONE', #3753, 0.003937010000000002070 ) ;
#2618 = VERTEX_POINT ( 'NONE', #2833 ) ;
#2619 = CARTESIAN_POINT ( 'NONE',  ( -0.2887880313093656448, 0.04527561499999999822, 0.0008765389524856332824 ) ) ;
#2620 = CARTESIAN_POINT ( 'NONE',  ( 0.3012878615712766273, 0.04330710999999999589, -0.03093012030338303242 ) ) ;
#2621 = ORIENTED_EDGE ( 'NONE', *, *, #1877, .T. ) ;
#2622 = COLOUR_RGB ( '',1.000000000000000000, 0.8117647058823529438, 0.5019607843137254832 ) ;
#2623 = CARTESIAN_POINT ( 'NONE',  ( -0.1500000810000000073, -0.1023622599999999966, 0.05708664500000000530 ) ) ;
#2624 = LINE ( 'NONE', #4267, #2236 ) ;
#2625 = CARTESIAN_POINT ( 'NONE',  ( -0.2994461568950158026, 0.04330710999999999589, -0.003357854368925008992 ) ) ;
#2626 = AXIS2_PLACEMENT_3D ( 'NONE', #2450, #5251, #5210 ) ;
#2627 = CARTESIAN_POINT ( 'NONE',  ( 0.05000002700000000244, -0.1811024599999999929, 0.000000000000000000 ) ) ;
#2628 = FACE_BOUND ( 'NONE', #5240, .T. ) ;
#2629 = AXIS2_PLACEMENT_3D ( 'NONE', #6032, #6574, #6507 ) ;
#2630 = CARTESIAN_POINT ( 'NONE',  ( -0.2959263123492578140, 0.04527561499999999822, -0.008308123487875018753 ) ) ;
#2631 = CARTESIAN_POINT ( 'NONE',  ( -0.2865915448090414208, 0.04527561499999999822, 0.02198942969661697375 ) ) ;
#2632 = CIRCLE ( 'NONE', #4004, 0.003937009999999999468 ) ;
#2633 = VERTEX_POINT ( 'NONE', #4534 ) ;
#2634 = DIRECTION ( 'NONE',  ( 0.000000000000000000, 0.000000000000000000, -1.000000000000000000 ) ) ;
#2635 = VECTOR ( 'NONE', #1276, 39.37007874015747433 ) ;
#2636 =( CONVERSION_BASED_UNIT ( 'INCH', #4311 ) LENGTH_UNIT ( ) NAMED_UNIT ( #4877 ) );
#2637 = LINE ( 'NONE', #6333, #5664 ) ;
#2638 = DIRECTION ( 'NONE',  ( 0.000000000000000000, -0.000000000000000000, 1.000000000000000000 ) ) ;
#2639 = LINE ( 'NONE', #6884, #6640 ) ;
#2640 = DIRECTION ( 'NONE',  ( -0.000000000000000000, 1.000000000000000000, -0.000000000000000000 ) ) ;
#2641 = EDGE_CURVE ( 'NONE', #3605, #3619, #2867, .T. ) ;
#2642 = VERTEX_POINT ( 'NONE', #1334 ) ;
#2643 = AXIS2_PLACEMENT_3D ( 'NONE', #6718, #1331, #4444 ) ;
#2644 = CARTESIAN_POINT ( 'NONE',  ( -0.2685202854340414946, 0.04330710999999999589, 0.01169552266536697319 ) ) ;
#2645 = EDGE_LOOP ( 'NONE', ( #2664, #6607 ) ) ;
#2646 = CARTESIAN_POINT ( 'NONE',  ( -0.1500000810000000073, -0.1220473100000000061, 0.000000000000000000 ) ) ;
#2647 = ORIENTED_EDGE ( 'NONE', *, *, #4949, .F. ) ;
#2648 = AXIS2_PLACEMENT_3D ( 'NONE', #4584, #3020, #4099 ) ;
#2649 = UNCERTAINTY_MEASURE_WITH_UNIT (LENGTH_MEASURE( 1.000000000000000082E-05 ), #3035, 'distance_accuracy_value', 'NONE');
#2650 = EDGE_CURVE ( 'NONE', #4872, #1362, #3467, .T. ) ;
#2651 = CARTESIAN_POINT ( 'NONE',  ( -0.05000002700000000244, -0.1200788050000000107, 0.000000000000000000 ) ) ;
#2652 = CARTESIAN_POINT ( 'NONE',  ( -0.3000093770040704877, 0.04330710999999999589, 0.01252137568120612228 ) ) ;
#2653 = CYLINDRICAL_SURFACE ( 'NONE', #4565, 0.05905515000000000070 ) ;
#2654 = EDGE_CURVE ( 'NONE', #2196, #4636, #5781, .T. ) ;
#2655 = EDGE_CURVE ( 'NONE', #2053, #2894, #5887, .T. ) ;
#2656 = ORIENTED_EDGE ( 'NONE', *, *, #6306, .T. ) ;
#2657 = CYLINDRICAL_SURFACE ( 'NONE', #6534, 0.05708664499999999142 ) ;
#2658 = DIRECTION ( 'NONE',  ( 0.000000000000000000, 0.000000000000000000, -1.000000000000000000 ) ) ;
#2659 = ORIENTED_EDGE ( 'NONE', *, *, #4647, .T. ) ;
#2660 = CARTESIAN_POINT ( 'NONE',  ( -0.2917116505397093218, 0.04330710999999998201, -0.02444698501142631916 ) ) ;
#2661 = CARTESIAN_POINT ( 'NONE',  ( -0.1000000540000000188, -0.1023622599999999966, 0.02754781910342992204 ) ) ;
#2662 = CARTESIAN_POINT ( 'NONE',  ( -0.2981028562917627522, 0.04330710999999999589, -0.01999746868061573479 ) ) ;
#2663 =( LENGTH_UNIT ( ) NAMED_UNIT ( * ) SI_UNIT ( $, .METRE. ) );
#2664 = ORIENTED_EDGE ( 'NONE', *, *, #4010, .T. ) ;
#2665 = DIRECTION ( 'NONE',  ( 0.000000000000000000, 0.000000000000000000, 1.000000000000000000 ) ) ;
#2666 = CARTESIAN_POINT ( 'NONE',  ( -0.1500000810000000073, 0.04527561499999999822, 0.000000000000000000 ) ) ;
#2667 = ORIENTED_EDGE ( 'NONE', *, *, #2051, .F. ) ;
#2668 = LINE ( 'NONE', #5983, #175 ) ;
#2669 = DIRECTION ( 'NONE',  ( -0.000000000000000000, 1.000000000000000000, -0.000000000000000000 ) ) ;
#2670 = CARTESIAN_POINT ( 'NONE',  ( 0.05000002699999999550, -0.07223479225994784703, 0.05714073574136996347 ) ) ;
#2671 = DIRECTION ( 'NONE',  ( 0.000000000000000000, 0.000000000000000000, 1.000000000000000000 ) ) ;
#2672 = CARTESIAN_POINT ( 'NONE',  ( -0.05000002700000000244, -0.1200788050000000107, 0.000000000000000000 ) ) ;
#2673 = AXIS2_PLACEMENT_3D ( 'NONE', #4275, #1517, #5267 ) ;
#2674 = DIRECTION ( 'NONE',  ( -0.000000000000000000, 1.000000000000000000, -0.000000000000000000 ) ) ;
#2675 = VERTEX_POINT ( 'NONE', #2900 ) ;
#2676 = FACE_OUTER_BOUND ( 'NONE', #4941, .T. ) ;
#2677 = AXIS2_PLACEMENT_3D ( 'NONE', #6147, #5699, #1436 ) ;
#2678 = COLOUR_RGB ( '',0.9686274509803921573, 0.8784313725490195957, 0.5999999999999999778 ) ;
#2679 = CARTESIAN_POINT ( 'NONE',  ( -0.2720696004342240681, 0.04330710999999999589, 0.001433081516908632329 ) ) ;
#2680 = ORIENTED_EDGE ( 'NONE', *, *, #3852, .T. ) ;
#2681 = AXIS2_PLACEMENT_3D ( 'NONE', #4740, #6754, #2478 ) ;
#2682 = ORIENTED_EDGE ( 'NONE', *, *, #942, .F. ) ;
#2683 = CIRCLE ( 'NONE', #6603, 0.05708664500000000530 ) ;
#2684 = AXIS2_PLACEMENT_3D ( 'NONE', #3448, #4106, #2991 ) ;
#2685 = FACE_OUTER_BOUND ( 'NONE', #1459, .T. ) ;
#2686 = CARTESIAN_POINT ( 'NONE',  ( -0.2986219419750341109, 0.04330710999999998895, 0.01589020907903221369 ) ) ;
#2687 = CARTESIAN_POINT ( 'NONE',  ( -0.05000002700000000244, -0.02952757499999999688, 0.000000000000000000 ) ) ;
#2688 = VECTOR ( 'NONE', #3672, 39.37007874015748143 ) ;
#2689 = EDGE_CURVE ( 'NONE', #5161, #1736, #1734, .T. ) ;
#2690 = VERTEX_POINT ( 'NONE', #1365 ) ;
#2691 = EDGE_CURVE ( 'NONE', #6868, #597, #247, .T. ) ;
#2692 = CARTESIAN_POINT ( 'NONE',  ( 0.2877954310000000460, 0.04527561499999999822, -0.05511813999999998215 ) ) ;
#2693 = VECTOR ( 'NONE', #2396, 39.37007874015748143 ) ;
#2694 = ADVANCED_FACE ( 'NONE', ( #2423 ), #499, .T. ) ;
#2695 = DIRECTION ( 'NONE',  ( -0.000000000000000000, -1.000000000000000000, -0.000000000000000000 ) ) ;
#2696 = EDGE_CURVE ( 'NONE', #6443, #5221, #6111, .T. ) ;
#2697 = ORIENTED_EDGE ( 'NONE', *, *, #903, .F. ) ;
#2698 = CARTESIAN_POINT ( 'NONE',  ( -0.2831540687354286989, 0.04527561499999999128, -0.03122779463336004813 ) ) ;
#2699 = CARTESIAN_POINT ( 'NONE',  ( 0.2877954310000000460, -0.04527561499999999822, -0.05905514999999998682 ) ) ;
#2700 = CARTESIAN_POINT ( 'NONE',  ( -0.06181105699999998176, -0.02952757499999999688, 0.06889767499999997769 ) ) ;
#2701 = LENGTH_MEASURE_WITH_UNIT ( LENGTH_MEASURE( 0.02539999999999999897 ), #2663 );
#2702 = ORIENTED_EDGE ( 'NONE', *, *, #3867, .F. ) ;
#2703 =( CONVERSION_BASED_UNIT ( 'INCH', #5193 ) LENGTH_UNIT ( ) NAMED_UNIT ( #5823 ) );
#2704 = DIRECTION ( 'NONE',  ( 0.000000000000000000, 0.000000000000000000, 1.000000000000000000 ) ) ;
#2705 = ORIENTED_EDGE ( 'NONE', *, *, #4949, .T. ) ;
#2706 = CARTESIAN_POINT ( 'NONE',  ( -0.2877954310000000460, 0.04133860499999999355, 0.05905515000000002152 ) ) ;
#2707 = DIRECTION ( 'NONE',  ( 0.000000000000000000, 1.000000000000000000, 0.000000000000000000 ) ) ;
#2708 =( LENGTH_UNIT ( ) NAMED_UNIT ( * ) SI_UNIT ( $, .METRE. ) );
#2709 = DIRECTION ( 'NONE',  ( 0.000000000000000000, 0.000000000000000000, 1.000000000000000000 ) ) ;
#2710 = EDGE_CURVE ( 'NONE', #1228, #1425, #4436, .T. ) ;
#2711 = ORIENTED_EDGE ( 'NONE', *, *, #427, .T. ) ;
#2712 = DIRECTION ( 'NONE',  ( 0.000000000000000000, -1.000000000000000000, 0.000000000000000000 ) ) ;
#2713 = LINE ( 'NONE', #4942, #1400 ) ;
#2714 = CARTESIAN_POINT ( 'NONE',  ( -0.2808548407539397385, 0.04527561499999996353, -0.03055453924445479183 ) ) ;
#2715 = ORIENTED_EDGE ( 'NONE', *, *, #5969, .T. ) ;
#2716 = FILL_AREA_STYLE_COLOUR ( '', #6758 ) ;
#2717 = EDGE_CURVE ( 'NONE', #756, #5088, #1231, .T. ) ;
#2718 = CARTESIAN_POINT ( 'NONE',  ( -0.3068355443488749446, 0.04527561499999999822, 0.009699153651421902819 ) ) ;
#2719 = ORIENTED_EDGE ( 'NONE', *, *, #213, .T. ) ;
#2720 = VECTOR ( 'NONE', #5637, 39.37007874015748143 ) ;
#2721 = FACE_OUTER_BOUND ( 'NONE', #246, .T. ) ;
#2722 = AXIS2_PLACEMENT_3D ( 'NONE', #6302, #2013, #4177 ) ;
#2723 = DIRECTION ( 'NONE',  ( -0.4677324356742748046, 0.000000000000000000, -0.8838701084538441721 ) ) ;
#2724 = FILL_AREA_STYLE_COLOUR ( '', #6349 ) ;
#2725 = CARTESIAN_POINT ( 'NONE',  ( -0.1500000810000000073, -0.07223479225994784703, 0.0001081814827399373930 ) ) ;
#2726 =( GEOMETRIC_REPRESENTATION_CONTEXT ( 3 ) GLOBAL_UNCERTAINTY_ASSIGNED_CONTEXT ( ( #6377 ) ) GLOBAL_UNIT_ASSIGNED_CONTEXT ( ( #5018, #5613, #3965 ) ) REPRESENTATION_CONTEXT ( 'NONE', 'WORKASPACE' ) );
#2727 = ORIENTED_EDGE ( 'NONE', *, *, #6242, .T. ) ;
#2728 = STYLED_ITEM ( 'NONE', ( #2322 ), #2393 ) ;
#2729 = SURFACE_SIDE_STYLE ('',( #1156 ) ) ;
#2730 = FACE_OUTER_BOUND ( 'NONE', #2422, .T. ) ;
#2731 = ORIENTED_EDGE ( 'NONE', *, *, #1880, .T. ) ;
#2732 = CARTESIAN_POINT ( 'NONE',  ( 0.2877954310000000460, -0.04527561499999999822, 0.09055122999999995481 ) ) ;
#2733 = AXIS2_PLACEMENT_3D ( 'NONE', #6585, #4574, #5103 ) ;
#2734 = DIRECTION ( 'NONE',  ( 0.000000000000000000, 0.000000000000000000, -1.000000000000000000 ) ) ;
#2735 = CARTESIAN_POINT ( 'NONE',  ( -0.05000002700000000244, 0.04138823600355093918, 0.000000000000000000 ) ) ;
#2736 = EDGE_CURVE ( 'NONE', #3525, #3117, #2060, .T. ) ;
#2737 = PRESENTATION_STYLE_ASSIGNMENT (( #604 ) ) ;
#2738 = EDGE_LOOP ( 'NONE', ( #2788, #1597, #5025, #3948 ) ) ;
#2739 = CARTESIAN_POINT ( 'NONE',  ( -0.05000002700000000244, -0.1200788050000000107, 0.000000000000000000 ) ) ;
#2740 = LENGTH_MEASURE_WITH_UNIT ( LENGTH_MEASURE( 0.02539999999999999897 ), #5471 );
#2741 = ORIENTED_EDGE ( 'NONE', *, *, #4047, .T. ) ;
#2742 = CARTESIAN_POINT ( 'NONE',  ( -0.1500000810000000073, 0.04527561499999999822, -0.02952757500000000035 ) ) ;
#2743 = CARTESIAN_POINT ( 'NONE',  ( 0.2877954310000000460, 0.04527561499999999822, 1.762238766916914599E-17 ) ) ;
#2744 =( LENGTH_UNIT ( ) NAMED_UNIT ( * ) SI_UNIT ( $, .METRE. ) );
#2745 = AXIS2_PLACEMENT_3D ( 'NONE', #2849, #3447, #3962 ) ;
#2746 = EDGE_CURVE ( 'NONE', #3050, #867, #2346, .T. ) ;
#2747 = SURFACE_STYLE_USAGE ( .BOTH. , #2843 ) ;
#2748 = LINE ( 'NONE', #222, #2118 ) ;
#2749 = CARTESIAN_POINT ( 'NONE',  ( -0.2805011860406071422, 0.04527561499999999822, 0.02092532751244396624 ) ) ;
#2750 = AXIS2_PLACEMENT_3D ( 'NONE', #1293, #2793, #5486 ) ;
#2751 = CARTESIAN_POINT ( 'NONE',  ( -0.1381890510000000072, -0.07223479225994784703, -0.05590554199999997476 ) ) ;
#2752 = VECTOR ( 'NONE', #3304, 39.37007874015748143 ) ;
#2753 = CARTESIAN_POINT ( 'NONE',  ( -0.1500000810000000073, -0.1023622599999999966, 0.05708664500000000530 ) ) ;
#2754 = CARTESIAN_POINT ( 'NONE',  ( -0.2867082378198390624, 0.04330711000000000976, -0.02476634456514563085 ) ) ;
#2755 = VERTEX_POINT ( 'NONE', #2585 ) ;
#2756 = CARTESIAN_POINT ( 'NONE',  ( -0.2746947665547498363, 0.04330711000000000283, 0.01062447631722800157 ) ) ;
#2757 = CARTESIAN_POINT ( 'NONE',  ( 0.2877954310000000460, -0.04527561499999999822, -0.07086617999999994533 ) ) ;
#2758 = VECTOR ( 'NONE', #5731, 39.37007874015748143 ) ;
#2759 = ORIENTED_EDGE ( 'NONE', *, *, #5077, .T. ) ;
#2760 = DIRECTION ( 'NONE',  ( 0.000000000000000000, -1.000000000000000000, 0.000000000000000000 ) ) ;
#2761 = LINE ( 'NONE', #3254, #5011 ) ;
#2762 = CARTESIAN_POINT ( 'NONE',  ( -0.1500000810000000073, -0.1811024599999999929, -0.02618111650000000748 ) ) ;
#2763 = ORIENTED_EDGE ( 'NONE', *, *, #5009, .F. ) ;
#2764 = DIRECTION ( 'NONE',  ( -1.000000000000000000, 0.000000000000000000, -0.000000000000000000 ) ) ;
#2765 = CARTESIAN_POINT ( 'NONE',  ( 0.03818899699999998842, -0.07223479225994784703, 0.05590554199999997476 ) ) ;
#2766 = ORIENTED_EDGE ( 'NONE', *, *, #732, .F. ) ;
#2767 = CARTESIAN_POINT ( 'NONE',  ( -0.2991687554480017552, 0.04330710999999999589, -0.01638178712921748922 ) ) ;
#2768 = DIRECTION ( 'NONE',  ( -0.000000000000000000, 1.000000000000000000, -0.000000000000000000 ) ) ;
#2769 = CARTESIAN_POINT ( 'NONE',  ( 0.1500000809999999796, -0.02952757499999999688, 0.0001081814827399373930 ) ) ;
#2770 = ORIENTED_EDGE ( 'NONE', *, *, #1965, .F. ) ;
#2771 = FACE_OUTER_BOUND ( 'NONE', #4596, .T. ) ;
#2772 = DIRECTION ( 'NONE',  ( 0.000000000000000000, 0.000000000000000000, 1.000000000000000000 ) ) ;
#2773 = ORIENTED_EDGE ( 'NONE', *, *, #1626, .F. ) ;
#2774 = LENGTH_MEASURE_WITH_UNIT ( LENGTH_MEASURE( 0.02539999999999999897 ), #5661 );
#2775 = CARTESIAN_POINT ( 'NONE',  ( 0.2877954310000000460, -0.04527561499999999822, 1.762238766916914599E-17 ) ) ;
#2776 = FACE_BOUND ( 'NONE', #655, .T. ) ;
#2777 = CARTESIAN_POINT ( 'NONE',  ( -0.2721247543640256117, 0.04330710999999999589, 0.02255977364869210175 ) ) ;
#2778 = FACE_OUTER_BOUND ( 'NONE', #4082, .T. ) ;
#2779 = ADVANCED_FACE ( 'NONE', ( #4679 ), #281, .T. ) ;
#2780 = EDGE_CURVE ( 'NONE', #3916, #1038, #4744, .T. ) ;
#2781 = CARTESIAN_POINT ( 'NONE',  ( -0.2966899088940606055, 0.04330710999999998895, -0.008806232242918413458 ) ) ;
#2782 = ADVANCED_FACE ( 'NONE', ( #3654 ), #3083, .F. ) ;
#2783 = VERTEX_POINT ( 'NONE', #3786 ) ;
#2784 = EDGE_CURVE ( 'NONE', #5290, #1490, #277, .T. ) ;
#2785 = VECTOR ( 'NONE', #2919, 39.37007874015748143 ) ;
#2786 = CARTESIAN_POINT ( 'NONE',  ( -0.2685962008386617028, 0.04330710999999999589, 0.009347968799010203389 ) ) ;
#2787 = CARTESIAN_POINT ( 'NONE',  ( -0.2701015841427292785, 0.04330710999999998201, -0.01493022366029021948 ) ) ;
#2788 = ORIENTED_EDGE ( 'NONE', *, *, #515, .F. ) ;
#2789 = SURFACE_STYLE_USAGE ( .BOTH. , #3932 ) ;
#2790 = ORIENTED_EDGE ( 'NONE', *, *, #859, .F. ) ;
#2791 = CARTESIAN_POINT ( 'NONE',  ( 0.03818899699999998842, -0.02952757499999999688, 0.06889767499999997769 ) ) ;
#2792 = VECTOR ( 'NONE', #5183, 39.37007874015748143 ) ;
#2793 = DIRECTION ( 'NONE',  ( 0.000000000000000000, -1.000000000000000000, 0.000000000000000000 ) ) ;
#2794 = COLOUR_RGB ( '',0.1019607843137254888, 0.1019607843137254888, 0.1019607843137254888 ) ;
#2795 = ORIENTED_EDGE ( 'NONE', *, *, #6444, .T. ) ;
#2796 = CARTESIAN_POINT ( 'NONE',  ( -0.1500000810000000073, -0.1811024599999999929, 0.000000000000000000 ) ) ;
#2797 = CARTESIAN_POINT ( 'NONE',  ( -0.2006744615699999623, -0.04527561499999999822, -0.02628673032544816268 ) ) ;
#2798 = COLOUR_RGB ( '',0.9686274509803921573, 0.8784313725490195957, 0.5999999999999999778 ) ;
#2799 = ORIENTED_EDGE ( 'NONE', *, *, #5594, .F. ) ;
#2800 = LINE ( 'NONE', #35, #3530 ) ;
#2801 = VERTEX_POINT ( 'NONE', #2453 ) ;
#2802 = CARTESIAN_POINT ( 'NONE',  ( -0.2984947545293659132, 0.04330711000000000283, -0.01916406992474872784 ) ) ;
#2803 = EDGE_CURVE ( 'NONE', #3557, #6620, #2617, .T. ) ;
#2804 = EDGE_LOOP ( 'NONE', ( #470, #1614, #2445 ) ) ;
#2805 = VECTOR ( 'NONE', #225, 39.37007874015747433 ) ;
#2806 = CARTESIAN_POINT ( 'NONE',  ( -0.05000002699999999550, -0.07223479225994784703, 0.05714073574136996347 ) ) ;
#2807 =( NAMED_UNIT ( * ) PLANE_ANGLE_UNIT ( ) SI_UNIT ( $, .RADIAN. ) );
#2808 = ORIENTED_EDGE ( 'NONE', *, *, #213, .F. ) ;
#2809 = DIRECTION ( 'NONE',  ( -0.000000000000000000, 1.000000000000000000, -0.000000000000000000 ) ) ;
#2810 = LINE ( 'NONE', #4024, #1567 ) ;
#2811 = CARTESIAN_POINT ( 'NONE',  ( -0.3041959415166746172, 0.04330710999999998201, -0.02200163123815658192 ) ) ;
#2812 = CARTESIAN_POINT ( 'NONE',  ( 0.1500000810000000073, -0.1811024599999999929, 0.000000000000000000 ) ) ;
#2813 = CARTESIAN_POINT ( 'NONE',  ( -0.2970863835088824456, 0.04330710999999999589, -0.009201589745866319697 ) ) ;
#2814 = VERTEX_POINT ( 'NONE', #4640 ) ;
#2815 = PRODUCT_DEFINITION_CONTEXT ( 'detailed design', #4226, 'design' ) ;
#2816 = DIRECTION ( 'NONE',  ( -0.000000000000000000, 1.000000000000000000, -0.000000000000000000 ) ) ;
#2817 = CARTESIAN_POINT ( 'NONE',  ( -0.2768083057277389569, 0.04527561499999996353, -0.02843498807922953744 ) ) ;
#2818 = B_SPLINE_CURVE_WITH_KNOTS ( 'NONE', 3,
 ( #3355, #6645, #2858, #2413, #3904, #2267, #5519 ),
 .UNSPECIFIED., .F., .F.,
 ( 4, 1, 1, 1, 4 ),
 ( 0.000000000000000000, 0.2837744943495265626, 0.5395840214497867882, 0.7756449623277227312, 1.000000000000000000 ),
 .UNSPECIFIED. ) ;
#2819 = ORIENTED_EDGE ( 'NONE', *, *, #5466, .F. ) ;
#2820 = LINE ( 'NONE', #1147, #2845 ) ;
#2821 = FILL_AREA_STYLE ('',( #4392 ) ) ;
#2822 = EDGE_CURVE ( 'NONE', #6458, #2244, #910, .T. ) ;
#2823 = ORIENTED_EDGE ( 'NONE', *, *, #4182, .F. ) ;
#2824 =( LENGTH_UNIT ( ) NAMED_UNIT ( * ) SI_UNIT ( $, .METRE. ) );
#2825 = DIRECTION ( 'NONE',  ( 0.000000000000000000, 0.000000000000000000, 1.000000000000000000 ) ) ;
#2826 = DIRECTION ( 'NONE',  ( 1.000000000000000000, 0.000000000000000000, -1.224646799147353207E-16 ) ) ;
#2827 = VERTEX_POINT ( 'NONE', #3114 ) ;
#2828 = DIRECTION ( 'NONE',  ( 0.000000000000000000, 0.000000000000000000, -1.000000000000000000 ) ) ;
#2829 = AXIS2_PLACEMENT_3D ( 'NONE', #2182, #618, #6532 ) ;
#2830 = ORIENTED_EDGE ( 'NONE', *, *, #3555, .F. ) ;
#2831 = CARTESIAN_POINT ( 'NONE',  ( -0.2991779551850775043, 0.04330710999999998895, -0.01476610887293659628 ) ) ;
#2832 = ORIENTED_EDGE ( 'NONE', *, *, #4689, .F. ) ;
#2833 = CARTESIAN_POINT ( 'NONE',  ( 0.05000002700000000244, -0.02952757499999999688, 0.05708664500000004000 ) ) ;
#2834 = VECTOR ( 'NONE', #3440, 39.37007874015748143 ) ;
#2835 = EDGE_LOOP ( 'NONE', ( #5146, #1782, #2005, #6619 ) ) ;
#2836 = LINE ( 'NONE', #183, #353 ) ;
#2837 = VECTOR ( 'NONE', #4190, 39.37007874015748143 ) ;
#2838 = DIRECTION ( 'NONE',  ( -0.000000000000000000, 1.000000000000000000, -0.000000000000000000 ) ) ;
#2839 = ORIENTED_EDGE ( 'NONE', *, *, #6347, .F. ) ;
#2840 = LINE ( 'NONE', #2355, #4282 ) ;
#2841 = CARTESIAN_POINT ( 'NONE',  ( -0.3007108572510175937, 0.04527561499999997047, -0.02718727971311975938 ) ) ;
#2842 = CARTESIAN_POINT ( 'NONE',  ( -0.2784677826397585210, 0.04330710999999999589, -0.002772779555858423048 ) ) ;
#2843 = SURFACE_SIDE_STYLE ('',( #712 ) ) ;
#2844 = CARTESIAN_POINT ( 'NONE',  ( 0.2877954310000000460, -0.1003937550000000151, 0.05118113000000002605 ) ) ;
#2845 = VECTOR ( 'NONE', #2192, 39.37007874015748143 ) ;
#2846 = CARTESIAN_POINT ( 'NONE',  ( -0.2877954309999999349, -0.04527561499999999822, 1.762238766916914599E-17 ) ) ;
#2847 = CARTESIAN_POINT ( 'NONE',  ( -0.2877954310000000460, 0.04133860712598425718, -0.08661422212598421377 ) ) ;
#2848 = ORIENTED_EDGE ( 'NONE', *, *, #5384, .T. ) ;
#2849 = CARTESIAN_POINT ( 'NONE',  ( 0.2877954310000000460, 0.04133860499999999355, 1.762238766916914599E-17 ) ) ;
#2850 = CARTESIAN_POINT ( 'NONE',  ( -0.2768750459083192950, 0.04330710999999999589, -0.01724344340921513813 ) ) ;
#2851 = VERTEX_POINT ( 'NONE', #6757 ) ;
#2852 = CARTESIAN_POINT ( 'NONE',  ( 0.2877954310000000460, 0.04527561499999999822, 1.762238766916914599E-17 ) ) ;
#2853 = ORIENTED_EDGE ( 'NONE', *, *, #1477, .T. ) ;
#2854 = AXIS2_PLACEMENT_3D ( 'NONE', #1345, #1926, #5672 ) ;
#2855 = DIRECTION ( 'NONE',  ( 0.000000000000000000, 0.000000000000000000, -1.000000000000000000 ) ) ;
#2856 = PRESENTATION_LAYER_ASSIGNMENT (  '', '', ( #4230 ) ) ;
#2857 = CIRCLE ( 'NONE', #4793, 0.05118113000000000523 ) ;
#2858 = CARTESIAN_POINT ( 'NONE',  ( -0.2991392981608858581, 0.04527561499999999128, -0.01360754039972294702 ) ) ;
#2859 = ORIENTED_EDGE ( 'NONE', *, *, #1301, .F. ) ;
#2860 = EDGE_CURVE ( 'NONE', #4019, #394, #421, .T. ) ;
#2861 = SURFACE_STYLE_USAGE ( .BOTH. , #3459 ) ;
#2862 = VERTEX_POINT ( 'NONE', #2549 ) ;
#2863 = CARTESIAN_POINT ( 'NONE',  ( -0.2991982854340414777, 0.04330710999999999589, -0.01537541561588303025 ) ) ;
#2864 = EDGE_CURVE ( 'NONE', #310, #5363, #2281, .T. ) ;
#2865 = EDGE_CURVE ( 'NONE', #4462, #2338, #4710, .T. ) ;
#2866 = ORIENTED_EDGE ( 'NONE', *, *, #5719, .T. ) ;
#2867 = LINE ( 'NONE', #703, #159 ) ;
#2868 = EDGE_LOOP ( 'NONE', ( #1146, #5268 ) ) ;
#2869 = CARTESIAN_POINT ( 'NONE',  ( -0.2283465799999999102, -0.04527561499999999822, -0.06889767500000000544 ) ) ;
#2870 = CARTESIAN_POINT ( 'NONE',  ( -0.2991982854340414777, 0.04527561499999999822, -0.01537541561588303025 ) ) ;
#2871 = AXIS2_PLACEMENT_3D ( 'NONE', #5819, #996, #3132 ) ;
#2872 = CARTESIAN_POINT ( 'NONE',  ( 0.1500000809999999796, -0.07223479225994784703, 0.0001081814827399373930 ) ) ;
#2873 = DIRECTION ( 'NONE',  ( -1.000000000000000000, 0.000000000000000000, -0.000000000000000000 ) ) ;
#2874 =( CONVERSION_BASED_UNIT ( 'INCH', #750 ) LENGTH_UNIT ( ) NAMED_UNIT ( #5727 ) );
#2875 = FACE_OUTER_BOUND ( 'NONE', #3641, .T. ) ;
#2876 = LINE ( 'NONE', #257, #1521 ) ;
#2877 = CARTESIAN_POINT ( 'NONE',  ( -0.2877954310000000460, 0.04527561499999999822, 1.762238766916914599E-17 ) ) ;
#2878 = FACE_OUTER_BOUND ( 'NONE', #7, .T. ) ;
#2879 = LINE ( 'NONE', #6632, #2785 ) ;
#2880 = ORIENTED_EDGE ( 'NONE', *, *, #4386, .T. ) ;
#2881 = CLOSED_SHELL ( 'NONE', ( #1289, #2588, #4218, #4133, #6010, #3002 ) ) ;
#2882 = FILL_AREA_STYLE ('',( #757 ) ) ;
#2883 = DIRECTION ( 'NONE',  ( -0.000000000000000000, -0.000000000000000000, -1.000000000000000000 ) ) ;
#2884 = ORIENTED_EDGE ( 'NONE', *, *, #2903, .F. ) ;
#2885 = CARTESIAN_POINT ( 'NONE',  ( -0.2808634504809255916, 0.04330710999999998201, 0.003363318233962866565 ) ) ;
#2886 = FACE_BOUND ( 'NONE', #5393, .T. ) ;
#2887 = VERTEX_POINT ( 'NONE', #456 ) ;
#2888 = DIRECTION ( 'NONE',  ( -0.8838371702776054439, 0.000000000000000000, 0.4677946733724904216 ) ) ;
#2889 = LINE ( 'NONE', #697, #69 ) ;
#2890 = AXIS2_PLACEMENT_3D ( 'NONE', #4897, #3266, #5911 ) ;
#2891 = ORIENTED_EDGE ( 'NONE', *, *, #6760, .T. ) ;
#2892 = SURFACE_STYLE_FILL_AREA ( #6107 ) ;
#2893 = CIRCLE ( 'NONE', #6823, 0.01574804000000000481 ) ;
#2894 = VERTEX_POINT ( 'NONE', #6831 ) ;
#2895 = CARTESIAN_POINT ( 'NONE',  ( 0.1381890510000000072, -0.07223479225994784703, -0.06889767499999997769 ) ) ;
#2896 = AXIS2_PLACEMENT_3D ( 'NONE', #6485, #4787, #2658 ) ;
#2897 = AXIS2_PLACEMENT_3D ( 'NONE', #2739, #3193, #3333 ) ;
#2898 = EDGE_CURVE ( 'NONE', #1367, #6473, #3577, .T. ) ;
#2899 = VERTEX_POINT ( 'NONE', #5213 ) ;
#2900 = CARTESIAN_POINT ( 'NONE',  ( 0.1000000540000000188, -0.02952757499999999688, 0.02754781910342991164 ) ) ;
#2901 = ADVANCED_FACE ( 'NONE', ( #197 ), #5964, .T. ) ;
#2902 = ORIENTED_EDGE ( 'NONE', *, *, #6555, .T. ) ;
#2903 = EDGE_CURVE ( 'NONE', #1007, #1475, #2820, .T. ) ;
#2904 = STYLED_ITEM ( 'NONE', ( #4588 ), #5943 ) ;
#2905 = CARTESIAN_POINT ( 'NONE',  ( -0.2786114479521625831, 0.04527561499999999128, 0.01986246257351311287 ) ) ;
#2906 = VECTOR ( 'NONE', #3809, 39.37007874015748143 ) ;
#2907 = CARTESIAN_POINT ( 'NONE',  ( -0.2990377522587766013, 0.04527561499999999822, -0.01735852787467613567 ) ) ;
#2908 = PRESENTATION_LAYER_ASSIGNMENT (  '', '', ( #5958 ) ) ;
#2909 = FACE_OUTER_BOUND ( 'NONE', #3468, .T. ) ;
#2910 = CARTESIAN_POINT ( 'NONE',  ( -0.2910354835796720163, 0.04527561499999997741, 0.0002472847754685713142 ) ) ;
#2911 = CARTESIAN_POINT ( 'NONE',  ( -0.2981879954129469379, 0.04330710999999998895, -0.02917250811758003923 ) ) ;
#2913 = EDGE_CURVE ( 'NONE', #6078, #2862, #3244, .T. ) ;
#2912 = VECTOR ( 'NONE', #4235, 39.37007874015748143 ) ;
#2914 = DIRECTION ( 'NONE',  ( 1.000000000000000000, 0.000000000000000000, 0.000000000000000000 ) ) ;
#2915 = DIRECTION ( 'NONE',  ( 0.000000000000000000, 0.000000000000000000, -1.000000000000000000 ) ) ;
#2916 = CARTESIAN_POINT ( 'NONE',  ( -0.2795249734694338906, 0.04330711000000000976, 0.02042636375934870838 ) ) ;
#2917 = CARTESIAN_POINT ( 'NONE',  ( -0.2951948869907417561, 0.04330711000000000976, 0.01945403311107948494 ) ) ;
#2918 = AXIS2_PLACEMENT_3D ( 'NONE', #5675, #6061, #3444 ) ;
#2919 = DIRECTION ( 'NONE',  ( -1.000000000000000000, 0.000000000000000000, 0.000000000000000000 ) ) ;
#2920 = EDGE_CURVE ( 'NONE', #2476, #1367, #3182, .T. ) ;
#2921 = VERTEX_POINT ( 'NONE', #1740 ) ;
#2922 = SURFACE_STYLE_USAGE ( .BOTH. , #230 ) ;
#2923 = DIRECTION ( 'NONE',  ( 1.000000000000000000, 0.000000000000000000, 0.000000000000000000 ) ) ;
#2924 = CARTESIAN_POINT ( 'NONE',  ( 0.2759785115712766190, 0.04330710999999999589, -0.01888660858463303213 ) ) ;
#2925 = ORIENTED_EDGE ( 'NONE', *, *, #270, .F. ) ;
#2926 = CARTESIAN_POINT ( 'NONE',  ( -0.2877954310000000460, -0.09251973500000004735, 1.762238766916914599E-17 ) ) ;
#2927 = CARTESIAN_POINT ( 'NONE',  ( -0.3037238451804166184, 0.04527561499999997741, 0.02061520957055486269 ) ) ;
#2928 = DIMENSIONAL_EXPONENTS ( 1.000000000000000000, 0.000000000000000000, 0.000000000000000000, 0.000000000000000000, 0.000000000000000000, 0.000000000000000000, 0.000000000000000000 ) ;
#2929 = ORIENTED_EDGE ( 'NONE', *, *, #326, .F. ) ;
#2930 = AXIS2_PLACEMENT_3D ( 'NONE', #5420, #105, #1644 ) ;
#2931 = ADVANCED_FACE ( 'NONE', ( #3899 ), #6577, .F. ) ;
#2932 = DIRECTION ( 'NONE',  ( -0.000000000000000000, 1.000000000000000000, -0.000000000000000000 ) ) ;
#2933 = ORIENTED_EDGE ( 'NONE', *, *, #1711, .T. ) ;
#2934 = PRESENTATION_STYLE_ASSIGNMENT (( #1853 ) ) ;
#2935 = ORIENTED_EDGE ( 'NONE', *, *, #4046, .F. ) ;
#2936 = CARTESIAN_POINT ( 'NONE',  ( 0.2877954310000000460, -0.09251973500000004735, 1.762238766916914599E-17 ) ) ;
#2937 = PLANE ( 'NONE',  #3543 ) ;
#2938 = ORIENTED_EDGE ( 'NONE', *, *, #3511, .F. ) ;
#2939 = DIRECTION ( 'NONE',  ( -0.000000000000000000, 1.000000000000000000, -0.000000000000000000 ) ) ;
#2940 = UNCERTAINTY_MEASURE_WITH_UNIT (LENGTH_MEASURE( 1.000000000000000082E-05 ), #2263, 'distance_accuracy_value', 'NONE');
#2941 = VERTEX_POINT ( 'NONE', #724 ) ;
#2942 = CARTESIAN_POINT ( 'NONE',  ( -0.2852383056904384540, 0.04527561500000000516, 0.02196192948305196110 ) ) ;
#2943 = CARTESIAN_POINT ( 'NONE',  ( -0.2283465799999999102, -0.02952757499999999688, 0.06889767499999997769 ) ) ;
#2944 = ORIENTED_EDGE ( 'NONE', *, *, #5273, .T. ) ;
#2945 = PRESENTATION_STYLE_ASSIGNMENT (( #4507 ) ) ;
#2946 =( GEOMETRIC_REPRESENTATION_CONTEXT ( 3 ) GLOBAL_UNCERTAINTY_ASSIGNED_CONTEXT ( ( #2088 ) ) GLOBAL_UNIT_ASSIGNED_CONTEXT ( ( #4367, #3217, #4333 ) ) REPRESENTATION_CONTEXT ( 'NONE', 'WORKASPACE' ) );
#2947 = CIRCLE ( 'NONE', #5094, 0.08661422212598421377 ) ;
#2948 = EDGE_CURVE ( 'NONE', #3207, #3050, #2947, .T. ) ;
#2949 = DIRECTION ( 'NONE',  ( -0.000000000000000000, -1.000000000000000000, -0.000000000000000000 ) ) ;
#2950 = CARTESIAN_POINT ( 'NONE',  ( -0.3007108572510175937, 0.04330710999999998201, -0.02718727971311975938 ) ) ;
#2951 = CARTESIAN_POINT ( 'NONE',  ( -0.1500000810000000073, -0.1023622599999999966, 0.000000000000000000 ) ) ;
#2952 = CARTESIAN_POINT ( 'NONE',  ( 0.3012878615712766273, 0.04330710999999999589, 0.01614143594661697143 ) ) ;
#2953 = DIRECTION ( 'NONE',  ( 0.000000000000000000, 0.000000000000000000, -1.000000000000000000 ) ) ;
#2954 = CIRCLE ( 'NONE', #1829, 0.05708664499999999142 ) ;
#2955 = CIRCLE ( 'NONE', #6870, 0.05708664499999999142 ) ;
#2956 = CARTESIAN_POINT ( 'NONE',  ( -0.2920861433719179057, 0.04330710999999998201, 0.02109758867167412996 ) ) ;
#2957 = ORIENTED_EDGE ( 'NONE', *, *, #2326, .F. ) ;
#2958 = EDGE_CURVE ( 'NONE', #5410, #249, #1723, .T. ) ;
#2959 = CARTESIAN_POINT ( 'NONE',  ( 0.2877954310000000460, 0.04133860712598425718, 0.08661422212598424153 ) ) ;
#2960 = LINE ( 'NONE', #5157, #388 ) ;
#2961 = AXIS2_PLACEMENT_3D ( 'NONE', #4656, #6292, #5778 ) ;
#2962 = CARTESIAN_POINT ( 'NONE',  ( -0.3000028436301397372, 0.04527561499999997047, 0.02480581877568112034 ) ) ;
#2963 = ORIENTED_EDGE ( 'NONE', *, *, #1973, .T. ) ;
#2964 = CIRCLE ( 'NONE', #4452, 0.09100030497545502639 ) ;
#2965 = CARTESIAN_POINT ( 'NONE',  ( -0.2892667265150145606, 0.04527561499999999822, 0.02884694036136315268 ) ) ;
#2966 = VECTOR ( 'NONE', #553, 39.37007874015748143 ) ;
#2967 = VERTEX_POINT ( 'NONE', #60 ) ;
#2968 = VECTOR ( 'NONE', #4952, 39.37007874015748143 ) ;
#2969 = ORIENTED_EDGE ( 'NONE', *, *, #478, .T. ) ;
#2970 = CIRCLE ( 'NONE', #6345, 0.05905515000000000070 ) ;
#2971 =( CONVERSION_BASED_UNIT ( 'INCH', #701 ) LENGTH_UNIT ( ) NAMED_UNIT ( #4352 ) );
#2972 =( NAMED_UNIT ( * ) SI_UNIT ( $, .STERADIAN. ) SOLID_ANGLE_UNIT ( ) );
#2973 = VERTEX_POINT ( 'NONE', #6474 ) ;
#2974 = DIRECTION ( 'NONE',  ( 0.000000000000000000, 0.000000000000000000, -1.000000000000000000 ) ) ;
#2975 = ORIENTED_EDGE ( 'NONE', *, *, #6237, .T. ) ;
#2976 = CIRCLE ( 'NONE', #5903, 0.02952757500000000035 ) ;
#2977 = CARTESIAN_POINT ( 'NONE',  ( -0.2764014363036511601, 0.04527561500000001904, 0.01769356849699999304 ) ) ;
#2978 =( NAMED_UNIT ( * ) PLANE_ANGLE_UNIT ( ) SI_UNIT ( $, .RADIAN. ) );
#2979 = ORIENTED_EDGE ( 'NONE', *, *, #5502, .F. ) ;
#2980 = LINE ( 'NONE', #748, #4997 ) ;
#2981 = DIRECTION ( 'NONE',  ( 0.000000000000000000, 0.000000000000000000, 1.000000000000000000 ) ) ;
#2982 = CARTESIAN_POINT ( 'NONE',  ( -0.2981879954129469379, 0.04527561499999997741, -0.02917250811758003923 ) ) ;
#2983 = SURFACE_SIDE_STYLE ('',( #5704 ) ) ;
#2984 = CARTESIAN_POINT ( 'NONE',  ( 0.2877954310000000460, -0.09251973500000004735, -0.05905514999999998682 ) ) ;
#2985 = CIRCLE ( 'NONE', #6138, 0.02224410649999999587 ) ;
#2986 = CARTESIAN_POINT ( 'NONE',  ( 0.1381890509999999794, -0.02952757499999999688, 0.05595963274136995375 ) ) ;
#2987 = DIRECTION ( 'NONE',  ( -0.000000000000000000, 1.000000000000000000, -0.000000000000000000 ) ) ;
#2988 = ORIENTED_EDGE ( 'NONE', *, *, #5586, .T. ) ;
#2989 = FILL_AREA_STYLE ('',( #2007 ) ) ;
#2990 = LENGTH_MEASURE_WITH_UNIT ( LENGTH_MEASURE( 0.02539999999999999897 ), #4139 );
#2991 = DIRECTION ( 'NONE',  ( 0.000000000000000000, 0.000000000000000000, 1.000000000000000000 ) ) ;
#2992 = EDGE_CURVE ( 'NONE', #679, #4411, #6318, .T. ) ;
#2993 = DIRECTION ( 'NONE',  ( 0.000000000000000000, -0.000000000000000000, -1.000000000000000000 ) ) ;
#2994 = CARTESIAN_POINT ( 'NONE',  ( -0.3068355443488749446, 0.04330710999999999589, 0.009699153651421902819 ) ) ;
#2995 = EDGE_CURVE ( 'NONE', #1953, #5179, #2159, .T. ) ;
#2996 = ORIENTED_EDGE ( 'NONE', *, *, #5587, .F. ) ;
#2997 = EDGE_CURVE ( 'NONE', #5815, #6458, #4419, .T. ) ;
#2998 = ADVANCED_FACE ( 'NONE', ( #6702 ), #4594, .T. ) ;
#2999 = EDGE_CURVE ( 'NONE', #2755, #5693, #6675, .T. ) ;
#3000 = SURFACE_STYLE_FILL_AREA ( #1848 ) ;
#3001 =( NAMED_UNIT ( * ) SI_UNIT ( $, .STERADIAN. ) SOLID_ANGLE_UNIT ( ) );
#3002 = ADVANCED_FACE ( 'NONE', ( #4666 ), #38, .T. ) ;
#3003 = ORIENTED_EDGE ( 'NONE', *, *, #4271, .T. ) ;
#3004 = PLANE ( 'NONE',  #2016 ) ;
#3005 = EDGE_LOOP ( 'NONE', ( #2415, #2329, #6372, #6727 ) ) ;
#3006 = CARTESIAN_POINT ( 'NONE',  ( -0.2778941145115369493, 0.04527561499999999822, -0.002524444691135924353 ) ) ;
#3007 = EDGE_CURVE ( 'NONE', #6370, #5624, #538, .T. ) ;
#3008 = CIRCLE ( 'NONE', #3456, 0.03937009999999999121 ) ;
#3009 = ORIENTED_EDGE ( 'NONE', *, *, #1973, .F. ) ;
#3010 = DIRECTION ( 'NONE',  ( 0.000000000000000000, 0.000000000000000000, -1.000000000000000000 ) ) ;
#3011 = UNCERTAINTY_MEASURE_WITH_UNIT (LENGTH_MEASURE( 1.000000000000000082E-05 ), #3621, 'distance_accuracy_value', 'NONE');
#3012 = EDGE_CURVE ( 'NONE', #1333, #3579, #4867, .T. ) ;
#3013 = EDGE_LOOP ( 'NONE', ( #6519, #4229 ) ) ;
#3014 = DIRECTION ( 'NONE',  ( 0.000000000000000000, 0.000000000000000000, -1.000000000000000000 ) ) ;
#3015 = AXIS2_PLACEMENT_3D ( 'NONE', #2202, #5460, #4263 ) ;
#3016 = ORIENTED_EDGE ( 'NONE', *, *, #1881, .T. ) ;
#3017 = CARTESIAN_POINT ( 'NONE',  ( -0.2752862885010043947, 0.04330710999999998201, 0.008306392113689593446 ) ) ;
#3018 = EDGE_CURVE ( 'NONE', #1108, #3350, #548, .T. ) ;
#3019 = DIRECTION ( 'NONE',  ( 0.000000000000000000, 0.000000000000000000, -1.000000000000000000 ) ) ;
#3020 = DIRECTION ( 'NONE',  ( 0.000000000000000000, -1.000000000000000000, 0.000000000000000000 ) ) ;
#3021 = CARTESIAN_POINT ( 'NONE',  ( 0.05000002700000000244, -0.1220473100000000061, 0.02618111650000000054 ) ) ;
#3022 = STYLED_ITEM ( 'NONE', ( #1429 ), #5775 ) ;
#3023 = CARTESIAN_POINT ( 'NONE',  ( -0.2758657441363972507, 0.04330710999999999589, 0.01684574247147230600 ) ) ;
#3024 = CARTESIAN_POINT ( 'NONE',  ( -0.05000002700000000244, -0.1200788050000000107, 0.02913387400000000058 ) ) ;
#3025 = PRESENTATION_LAYER_ASSIGNMENT (  '', '', ( #2578 ) ) ;
#3026 = VECTOR ( 'NONE', #2883, 39.37007874015748143 ) ;
#3027 = DIRECTION ( 'NONE',  ( -0.000000000000000000, 0.000000000000000000, 1.000000000000000000 ) ) ;
#3028 = CARTESIAN_POINT ( 'NONE',  ( -0.3000093770040704877, 0.04527561499999999822, 0.01252137568120612228 ) ) ;
#3029 = AXIS2_PLACEMENT_3D ( 'NONE', #2499, #435, #4204 ) ;
#3030 = ORIENTED_EDGE ( 'NONE', *, *, #3472, .T. ) ;
#3031 = VECTOR ( 'NONE', #1578, 39.37007874015748143 ) ;
#3032 = LINE ( 'NONE', #5817, #3471 ) ;
#3033 = DIRECTION ( 'NONE',  ( 0.000000000000000000, 0.000000000000000000, -1.000000000000000000 ) ) ;
#3034 = DIRECTION ( 'NONE',  ( 8.659560562354943952E-17, 0.7071067811865465735, -0.7071067811865484609 ) ) ;
#3035 =( CONVERSION_BASED_UNIT ( 'INCH', #896 ) LENGTH_UNIT ( ) NAMED_UNIT ( #3415 ) );
#3036 = CARTESIAN_POINT ( 'NONE',  ( -0.2804230377955088116, 0.04527561499999997741, -0.02264110584259382969 ) ) ;
#3037 = EDGE_LOOP ( 'NONE', ( #6394, #6297, #2274, #321 ) ) ;
#3038 = VECTOR ( 'NONE', #3061, 39.37007874015748143 ) ;
#3039 =( NAMED_UNIT ( * ) SI_UNIT ( $, .STERADIAN. ) SOLID_ANGLE_UNIT ( ) );
#3040 = CARTESIAN_POINT ( 'NONE',  ( -0.2685463490359360494, 0.04330710999999999589, 0.01249651606225361811 ) ) ;
#3041 = ADVANCED_FACE ( 'NONE', ( #5238 ), #4211, .T. ) ;
#3042 = CARTESIAN_POINT ( 'NONE',  ( -0.2878857729340414395, 0.04527561499999999822, -0.005452999990883026712 ) ) ;
#3043 = ORIENTED_EDGE ( 'NONE', *, *, #2481, .F. ) ;
#3044 = FACE_OUTER_BOUND ( 'NONE', #2455, .T. ) ;
#3045 = PRESENTATION_LAYER_ASSIGNMENT (  '', '', ( #1259 ) ) ;
#3046 = ORIENTED_EDGE ( 'NONE', *, *, #5614, .T. ) ;
#3047 = CARTESIAN_POINT ( 'NONE',  ( -0.2283465799999999102, -0.02952757499999999688, 0.06889767499999997769 ) ) ;
#3048 = CARTESIAN_POINT ( 'NONE',  ( -0.2877954310000000460, -0.04527561499999999822, 0.05905515000000002152 ) ) ;
#3049 = CARTESIAN_POINT ( 'NONE',  ( -0.2877954310000000460, -0.04527561499999999822, 0.09055122999999995481 ) ) ;
#3050 = VERTEX_POINT ( 'NONE', #5308 ) ;
#3051 = DIRECTION ( 'NONE',  ( 0.000000000000000000, 0.000000000000000000, 1.000000000000000000 ) ) ;
#3052 = SURFACE_STYLE_FILL_AREA ( #2458 ) ;
#3053 = EDGE_LOOP ( 'NONE', ( #3202, #693, #5195, #6578 ) ) ;
#3054 = CARTESIAN_POINT ( 'NONE',  ( -0.2746690755036382270, 0.04330710999999999589, 0.01145095386418030353 ) ) ;
#3055 = EDGE_CURVE ( 'NONE', #5905, #586, #4086, .T. ) ;
#3056 = LINE ( 'NONE', #327, #1357 ) ;
#3057 = CARTESIAN_POINT ( 'NONE',  ( -0.2917116505397093218, 0.04527561499999997741, -0.02444698501142631916 ) ) ;
#3058 = PLANE ( 'NONE',  #4249 ) ;
#3059 = FACE_OUTER_BOUND ( 'NONE', #1190, .T. ) ;
#3060 = FILL_AREA_STYLE ('',( #2433 ) ) ;
#3061 = DIRECTION ( 'NONE',  ( 1.000000000000000000, 0.000000000000000000, 0.000000000000000000 ) ) ;
#3062 = COLOUR_RGB ( '',1.000000000000000000, 0.8117647058823529438, 0.5019607843137254832 ) ;
#3063 = CARTESIAN_POINT ( 'NONE',  ( -0.05000002700000000244, -0.1023622599999999966, 0.000000000000000000 ) ) ;
#3064 = ORIENTED_EDGE ( 'NONE', *, *, #648, .F. ) ;
#3065 = CARTESIAN_POINT ( 'NONE',  ( 0.1500000810000000073, -0.1023622599999999966, 0.05708664500000000530 ) ) ;
#3066 = CIRCLE ( 'NONE', #5444, 0.05905515000000000070 ) ;
#3067 = CARTESIAN_POINT ( 'NONE',  ( -0.2877954310000000460, 0.04527561499999999822, 0.08661422212598421377 ) ) ;
#3068 = SURFACE_SIDE_STYLE ('',( #4833 ) ) ;
#3069 = CARTESIAN_POINT ( 'NONE',  ( -0.03818899699999998842, -0.02952757499999999688, -0.05590554199999997476 ) ) ;
#3070 = CIRCLE ( 'NONE', #1726, 0.02618111650000000054 ) ;
#3071 = ORIENTED_EDGE ( 'NONE', *, *, #5117, .F. ) ;
#3072 = CIRCLE ( 'NONE', #3984, 0.05708664500000000530 ) ;
#3073 = CARTESIAN_POINT ( 'NONE',  ( -0.2865915448090414208, 0.04330710999999999589, 0.02198942969661697375 ) ) ;
#3074 = DIRECTION ( 'NONE',  ( 0.000000000000000000, -1.000000000000000000, 0.000000000000000000 ) ) ;
#3075 = EDGE_LOOP ( 'NONE', ( #4118, #1297, #5659, #1909 ) ) ;
#3076 = UNCERTAINTY_MEASURE_WITH_UNIT (LENGTH_MEASURE( 1.000000000000000082E-05 ), #5603, 'distance_accuracy_value', 'NONE');
#3077 = PLANE ( 'NONE',  #2681 ) ;
#3078 = AXIS2_PLACEMENT_3D ( 'NONE', #875, #4120, #6247 ) ;
#3079 = ORIENTED_EDGE ( 'NONE', *, *, #956, .T. ) ;
#3080 = DIRECTION ( 'NONE',  ( 0.000000000000000000, -1.000000000000000000, 0.000000000000000000 ) ) ;
#3081 = CARTESIAN_POINT ( 'NONE',  ( 0.05000002700000000244, -0.1220473100000000061, -0.02618111650000000054 ) ) ;
#3082 = CIRCLE ( 'NONE', #65, 0.03937010000000000509 ) ;
#3083 = CYLINDRICAL_SURFACE ( 'NONE', #4215, 0.02263780749999999911 ) ;
#3084 = EDGE_CURVE ( 'NONE', #756, #5144, #3200, .T. ) ;
#3085 = VERTEX_POINT ( 'NONE', #508 ) ;
#3086 = EDGE_CURVE ( 'NONE', #6642, #5513, #2639, .T. ) ;
#3087 = FACE_OUTER_BOUND ( 'NONE', #5829, .T. ) ;
#3088 = EDGE_CURVE ( 'NONE', #4040, #6745, #4890, .T. ) ;
#3089 = EDGE_CURVE ( 'NONE', #2476, #324, #6270, .T. ) ;
#3090 = EDGE_CURVE ( 'NONE', #1041, #6724, #3169, .T. ) ;
#3091 = ORIENTED_EDGE ( 'NONE', *, *, #2073, .F. ) ;
#3092 = CARTESIAN_POINT ( 'NONE',  ( -0.2877954310000000460, 0.04527561499999999822, 0.05905515000000002152 ) ) ;
#3093 = CARTESIAN_POINT ( 'NONE',  ( -0.3044808859453432826, 0.04527561499999999822, -0.01002497763917849401 ) ) ;
#3094 = CARTESIAN_POINT ( 'NONE',  ( -0.2879936252777913763, 0.04527561499999999822, -0.02479452030338303442 ) ) ;
#3095 = CARTESIAN_POINT ( 'NONE',  ( -0.2871188229340413955, 0.04330710999999999589, 0.02889197969661697063 ) ) ;
#3096 = VECTOR ( 'NONE', #6210, 39.37007874015748143 ) ;
#3097 = SURFACE_SIDE_STYLE ('',( #1613 ) ) ;
#3098 = DIRECTION ( 'NONE',  ( 0.000000000000000000, 0.000000000000000000, -1.000000000000000000 ) ) ;
#3099 = CARTESIAN_POINT ( 'NONE',  ( -0.2972689268402914364, 0.04527561499999999822, -0.009383618740883028359 ) ) ;
#3100 = CARTESIAN_POINT ( 'NONE',  ( -0.3006428475175048631, 0.04527561499999999822, 0.008965441199480854786 ) ) ;
#3101 = ORIENTED_EDGE ( 'NONE', *, *, #3646, .F. ) ;
#3102 = LINE ( 'NONE', #3635, #6753 ) ;
#3103 = DIRECTION ( 'NONE',  ( 0.000000000000000000, -1.000000000000000000, 0.000000000000000000 ) ) ;
#3104 = CARTESIAN_POINT ( 'NONE',  ( -0.2981763387170724422, 0.04330710999999999589, -0.01054490539508088666 ) ) ;
#3105 = DIRECTION ( 'NONE',  ( 0.000000000000000000, 1.000000000000000000, 0.000000000000000000 ) ) ;
#3106 = VERTEX_POINT ( 'NONE', #4247 ) ;
#3107 = AXIS2_PLACEMENT_3D ( 'NONE', #2951, #5036, #1376 ) ;
#3108 = CARTESIAN_POINT ( 'NONE',  ( -0.2861944118814569449, 0.04527561500000000516, 0.02886915393189916010 ) ) ;
#3109 = EDGE_CURVE ( 'NONE', #2154, #3106, #489, .T. ) ;
#3110 = FACE_BOUND ( 'NONE', #3243, .T. ) ;
#3111 = ORIENTED_EDGE ( 'NONE', *, *, #3118, .T. ) ;
#3112 = DIRECTION ( 'NONE',  ( 0.000000000000000000, -1.000000000000000000, 0.000000000000000000 ) ) ;
#3113 = LINE ( 'NONE', #2519, #6894 ) ;
#3114 = CARTESIAN_POINT ( 'NONE',  ( -0.1618111109999999797, -0.04527561499999999822, 0.05595963274136995375 ) ) ;
#3115 = EDGE_LOOP ( 'NONE', ( #6835, #4253, #2163, #5627 ) ) ;
#3116 = DIRECTION ( 'NONE',  ( 0.000000000000000000, -1.000000000000000000, 0.000000000000000000 ) ) ;
#3117 = VERTEX_POINT ( 'NONE', #5370 ) ;
#3118 = EDGE_CURVE ( 'NONE', #3117, #1082, #5216, .T. ) ;
#3119 = CARTESIAN_POINT ( 'NONE',  ( -0.2967682675021808825, 0.04330711000000000283, -0.02995009787357189382 ) ) ;
#3120 = EDGE_CURVE ( 'NONE', #5032, #3752, #1557, .T. ) ;
#3121 =( NAMED_UNIT ( * ) SI_UNIT ( $, .STERADIAN. ) SOLID_ANGLE_UNIT ( ) );
#3122 = CARTESIAN_POINT ( 'NONE',  ( -0.2884374888753654664, 0.04330710999999998895, -0.02479071854524524804 ) ) ;
#3123 = FACE_OUTER_BOUND ( 'NONE', #6048, .T. ) ;
#3124 = ADVANCED_FACE ( 'NONE', ( #3675 ), #3603, .F. ) ;
#3125 = CARTESIAN_POINT ( 'NONE',  ( -0.2967682675021808825, 0.04527561500000000516, -0.02995009787357189382 ) ) ;
#3126 = STYLED_ITEM ( 'NONE', ( #3302 ), #6220 ) ;
#3127 = EDGE_CURVE ( 'NONE', #5685, #1986, #484, .T. ) ;
#3128 = CARTESIAN_POINT ( 'NONE',  ( 0.05000002700000000244, -0.1771654499999999743, 0.02224410649999999587 ) ) ;
#3129 = ORIENTED_EDGE ( 'NONE', *, *, #3523, .F. ) ;
#3130 = SURFACE_SIDE_STYLE ('',( #964 ) ) ;
#3131 = CARTESIAN_POINT ( 'NONE',  ( -0.06181105699999998176, -0.07223479225994784703, 0.05590554199999997476 ) ) ;
#3132 = DIRECTION ( 'NONE',  ( 0.000000000000000000, 0.000000000000000000, 1.000000000000000000 ) ) ;
#3133 = CARTESIAN_POINT ( 'NONE',  ( -0.2975662268442000880, 0.04330710999999999589, -0.009764097039290186783 ) ) ;
#3134 = DIRECTION ( 'NONE',  ( 0.000000000000000000, 0.000000000000000000, -1.000000000000000000 ) ) ;
#3135 = ORIENTED_EDGE ( 'NONE', *, *, #5095, .T. ) ;
#3136 = AXIS2_PLACEMENT_3D ( 'NONE', #2089, #1043, #3959 ) ;
#3137 = EDGE_CURVE ( 'NONE', #1919, #2801, #3166, .T. ) ;
#3138 = MECHANICAL_DESIGN_GEOMETRIC_PRESENTATION_REPRESENTATION (  '', ( #6395 ), #6170 ) ;
#3139 = AXIS2_PLACEMENT_3D ( 'NONE', #4341, #5428, #6457 ) ;
#3140 = ADVANCED_FACE ( 'NONE', ( #2045 ), #2271, .T. ) ;
#3141 = CARTESIAN_POINT ( 'NONE',  ( -0.2690549332144062666, 0.04527561499999999822, 0.01639423124726207409 ) ) ;
#3142 = ORIENTED_EDGE ( 'NONE', *, *, #3876, .F. ) ;
#3143 = AXIS2_PLACEMENT_3D ( 'NONE', #2846, #3925, #300 ) ;
#3144 = EDGE_LOOP ( 'NONE', ( #3450, #6217, #4633, #1608 ) ) ;
#3145 = UNCERTAINTY_MEASURE_WITH_UNIT (LENGTH_MEASURE( 1.000000000000000082E-05 ), #4738, 'distance_accuracy_value', 'NONE');
#3146 = ADVANCED_FACE ( 'NONE', ( #5754 ), #1660, .F. ) ;
#3147 = CARTESIAN_POINT ( 'NONE',  ( 0.2877954310000000460, 0.03346458500000000502, -0.05905514999999998682 ) ) ;
#3148 = CARTESIAN_POINT ( 'NONE',  ( 0.2877954310000000460, -0.04527561499999999822, 1.762238766916914599E-17 ) ) ;
#3149 = CARTESIAN_POINT ( 'NONE',  ( 0.000000000000000000, 0.04330710999999999589, 0.000000000000000000 ) ) ;
#3150 = VERTEX_POINT ( 'NONE', #684 ) ;
#3151 = CARTESIAN_POINT ( 'NONE',  ( -0.2830508757302938605, 0.04527561499999999822, 0.002575399103334053037 ) ) ;
#3152 = DIRECTION ( 'NONE',  ( 0.000000000000000000, 1.000000000000000000, 0.000000000000000000 ) ) ;
#3153 = ORIENTED_EDGE ( 'NONE', *, *, #5130, .F. ) ;
#3154 = CARTESIAN_POINT ( 'NONE',  ( -0.2830508757302938605, 0.04330710999999999589, 0.002575399103334053037 ) ) ;
#3155 = CARTESIAN_POINT ( 'NONE',  ( 0.1381890509999999794, -0.04527561499999999822, 0.06889767499999997769 ) ) ;
#3156 = CARTESIAN_POINT ( 'NONE',  ( -0.2952736893910145044, 0.04330710999999999589, -0.001207529908139055646 ) ) ;
#3157 = FILL_AREA_STYLE ('',( #4064 ) ) ;
#3158 = FACE_OUTER_BOUND ( 'NONE', #2332, .T. ) ;
#3159 = SURFACE_SIDE_STYLE ('',( #5813 ) ) ;
#3160 = DIRECTION ( 'NONE',  ( 0.000000000000000000, -1.000000000000000000, 0.000000000000000000 ) ) ;
#3161 = VERTEX_POINT ( 'NONE', #2288 ) ;
#3162 = CARTESIAN_POINT ( 'NONE',  ( 0.000000000000000000, -0.1023622599999999966, 0.02754781910342994980 ) ) ;
#3163 = CYLINDRICAL_SURFACE ( 'NONE', #6167, 0.09055122999999995481 ) ;
#3164 = CARTESIAN_POINT ( 'NONE',  ( -0.2881973463715414296, 0.04330710999999999589, -0.03169707030338302783 ) ) ;
#3165 = DIRECTION ( 'NONE',  ( 0.000000000000000000, 0.000000000000000000, -1.000000000000000000 ) ) ;
#3166 = LINE ( 'NONE', #440, #1272 ) ;
#3167 = CARTESIAN_POINT ( 'NONE',  ( -0.05000002700000000244, -0.1771654499999999743, -0.02224410649999999587 ) ) ;
#3168 = ORIENTED_EDGE ( 'NONE', *, *, #2444, .F. ) ;
#3169 = CIRCLE ( 'NONE', #3504, 0.05905515000000000070 ) ;
#3170 = EDGE_CURVE ( 'NONE', #6654, #1743, #4450, .T. ) ;
#3171 = AXIS2_PLACEMENT_3D ( 'NONE', #5822, #5309, #4315 ) ;
#3172 = CIRCLE ( 'NONE', #1047, 0.09100030497545502639 ) ;
#3173 = CARTESIAN_POINT ( 'NONE',  ( -0.2773116158182962199, 0.04527561499999999822, 0.02685071639206850977 ) ) ;
#3174 = VECTOR ( 'NONE', #1138, 39.37007874015748143 ) ;
#3175 = ORIENTED_EDGE ( 'NONE', *, *, #3127, .T. ) ;
#3176 = DIRECTION ( 'NONE',  ( 1.794540557820658218E-15, 0.000000000000000000, 1.000000000000000000 ) ) ;
#3177 = ORIENTED_EDGE ( 'NONE', *, *, #5719, .F. ) ;
#3178 = AXIS2_PLACEMENT_3D ( 'NONE', #5465, #4924, #643 ) ;
#3179 = CARTESIAN_POINT ( 'NONE',  ( 0.2877954310000000460, 0.03346458500000000502, 0.07086617999999997308 ) ) ;
#3180 = FACE_OUTER_BOUND ( 'NONE', #661, .T. ) ;
#3181 = CARTESIAN_POINT ( 'NONE',  ( -0.05000002700000000244, 0.04527561499999999822, 0.02952757500000001076 ) ) ;
#3182 = CIRCLE ( 'NONE', #164, 0.09055122999999995481 ) ;
#3183 = ORIENTED_EDGE ( 'NONE', *, *, #3299, .T. ) ;
#3184 = VECTOR ( 'NONE', #1675, 39.37007874015748143 ) ;
#3185 = ORIENTED_EDGE ( 'NONE', *, *, #3751, .F. ) ;
#3186 =( GEOMETRIC_REPRESENTATION_CONTEXT ( 3 ) GLOBAL_UNCERTAINTY_ASSIGNED_CONTEXT ( ( #844 ) ) GLOBAL_UNIT_ASSIGNED_CONTEXT ( ( #6371, #5722, #1529 ) ) REPRESENTATION_CONTEXT ( 'NONE', 'WORKASPACE' ) );
#3187 = CARTESIAN_POINT ( 'NONE',  ( -0.2988077327464514488, 0.04330710999999998201, -0.01828501347585652359 ) ) ;
#3188 = FACE_OUTER_BOUND ( 'NONE', #2868, .T. ) ;
#3189 = CARTESIAN_POINT ( 'NONE',  ( -0.2963437146646267784, 0.04527561499999999822, -0.02218727814545808433 ) ) ;
#3190 = AXIS2_PLACEMENT_3D ( 'NONE', #4523, #798, #272 ) ;
#3191 = ORIENTED_EDGE ( 'NONE', *, *, #3794, .F. ) ;
#3192 = AXIS2_PLACEMENT_3D ( 'NONE', #6880, #5913, #5433 ) ;
#3193 = DIRECTION ( 'NONE',  ( 0.000000000000000000, -1.000000000000000000, 0.000000000000000000 ) ) ;
#3194 = AXIS2_PLACEMENT_3D ( 'NONE', #918, #6449, #6803 ) ;
#3195 = VERTEX_POINT ( 'NONE', #651 ) ;
#3196 = CARTESIAN_POINT ( 'NONE',  ( 0.2877954310000000460, -0.04527561499999999822, 1.762238766916914599E-17 ) ) ;
#3197 = COLOUR_RGB ( '',1.000000000000000000, 0.8117647058823529438, 0.5019607843137254832 ) ;
#3198 = CARTESIAN_POINT ( 'NONE',  ( -0.3052946605463446317, 0.04330710999999999589, -0.01723917933686573006 ) ) ;
#3199 = CARTESIAN_POINT ( 'NONE',  ( -0.2899637906519973996, 0.04527561499999999822, 0.0005496631170563290791 ) ) ;
#3200 = LINE ( 'NONE', #1524, #4758 ) ;
#3201 = FACE_OUTER_BOUND ( 'NONE', #6309, .T. ) ;
#3202 = ORIENTED_EDGE ( 'NONE', *, *, #478, .F. ) ;
#3203 = CIRCLE ( 'NONE', #5019, 0.05708664500000004000 ) ;
#3204 = CARTESIAN_POINT ( 'NONE',  ( -0.2959263123492578140, 0.04330710999999999589, -0.008308123487875018753 ) ) ;
#3205 = EDGE_CURVE ( 'NONE', #343, #3995, #4934, .T. ) ;
#3206 = DIRECTION ( 'NONE',  ( 0.000000000000000000, -1.000000000000000000, 0.000000000000000000 ) ) ;
#3207 = VERTEX_POINT ( 'NONE', #122 ) ;
#3208 = CARTESIAN_POINT ( 'NONE',  ( -0.1500000810000000073, -0.1811024599999999929, -0.02224410650000000975 ) ) ;
#3209 = EDGE_CURVE ( 'NONE', #1743, #1401, #2252, .T. ) ;
#3210 = ORIENTED_EDGE ( 'NONE', *, *, #734, .F. ) ;
#3211 = CONICAL_SURFACE ( 'NONE', #88, 0.05905515000000000070, 0.7853981633974496113 ) ;
#3212 = CARTESIAN_POINT ( 'NONE',  ( -0.2701015841427292785, 0.04330710999999998201, -0.01493022366029021948 ) ) ;
#3213 = LINE ( 'NONE', #1601, #3184 ) ;
#3214 = CARTESIAN_POINT ( 'NONE',  ( 0.2698429115712766002, 0.04330710999999999589, 0.02812502969661697175 ) ) ;
#3215 = EDGE_CURVE ( 'NONE', #762, #2379, #4314, .T. ) ;
#3216 = EDGE_LOOP ( 'NONE', ( #2859, #5861, #812, #2027 ) ) ;
#3217 =( NAMED_UNIT ( * ) PLANE_ANGLE_UNIT ( ) SI_UNIT ( $, .RADIAN. ) );
#3218 = DIRECTION ( 'NONE',  ( -0.000000000000000000, 1.000000000000000000, -0.000000000000000000 ) ) ;
#3219 = EDGE_CURVE ( 'NONE', #357, #204, #5546, .T. ) ;
#3220 = ORIENTED_EDGE ( 'NONE', *, *, #130, .F. ) ;
#3221 = CARTESIAN_POINT ( 'NONE',  ( -0.2990377522587766013, 0.04330710999999999589, -0.01735852787467613567 ) ) ;
#3222 = FILL_AREA_STYLE_COLOUR ( '', #6834 ) ;
#3223 = DIRECTION ( 'NONE',  ( -1.000000000000000000, 0.000000000000000000, 0.000000000000000000 ) ) ;
#3224 = DIRECTION ( 'NONE',  ( 0.000000000000000000, -1.000000000000000000, 0.000000000000000000 ) ) ;
#3225 = VERTEX_POINT ( 'NONE', #6027 ) ;
#3226 = DIRECTION ( 'NONE',  ( 0.000000000000000000, 0.000000000000000000, -1.000000000000000000 ) ) ;
#3227 = CARTESIAN_POINT ( 'NONE',  ( -0.05000002699999999550, -0.02952757499999999688, 5.409074136996869648E-05 ) ) ;
#3228 = ADVANCED_FACE ( 'NONE', ( #6057 ), #4904, .T. ) ;
#3229 = VERTEX_POINT ( 'NONE', #1309 ) ;
#3230 = LINE ( 'NONE', #2742, #4673 ) ;
#3231 = CARTESIAN_POINT ( 'NONE',  ( 0.06181105699999998176, -0.02952757499999999688, -0.05590554199999997476 ) ) ;
#3232 = CARTESIAN_POINT ( 'NONE',  ( -0.3027403013186097391, 0.04330710999999999589, -0.02476117142142575736 ) ) ;
#3233 = PLANE ( 'NONE',  #831 ) ;
#3234 = MECHANICAL_DESIGN_GEOMETRIC_PRESENTATION_REPRESENTATION (  '', ( #670 ), #3813 ) ;
#3235 = CARTESIAN_POINT ( 'NONE',  ( -0.2707755947762449655, 0.04527561500000000516, 0.003146835460463627901 ) ) ;
#3236 = ORIENTED_EDGE ( 'NONE', *, *, #3018, .F. ) ;
#3237 = CARTESIAN_POINT ( 'NONE',  ( -0.2966899088940606055, 0.04527561499999999128, -0.008806232242918413458 ) ) ;
#3238 = AXIS2_PLACEMENT_3D ( 'NONE', #2877, #6627, #189 ) ;
#3239 = AXIS2_PLACEMENT_3D ( 'NONE', #5588, #1328, #278 ) ;
#3240 = AXIS2_PLACEMENT_3D ( 'NONE', #2497, #3669, #3027 ) ;
#3241 = CARTESIAN_POINT ( 'NONE',  ( 0.3012878615712766273, 0.04330710999999999589, -0.03093012030338303242 ) ) ;
#3242 = CARTESIAN_POINT ( 'NONE',  ( -0.2796354770518548749, 0.04330710999999999589, -0.02197813541035827448 ) ) ;
#3243 = EDGE_LOOP ( 'NONE', ( #551, #4958 ) ) ;
#3244 = LINE ( 'NONE', #5544, #6762 ) ;
#3245 = CARTESIAN_POINT ( 'NONE',  ( 0.2877954310000000460, -0.04527561499999999822, 1.762238766916914599E-17 ) ) ;
#3246 = COLOUR_RGB ( '',1.000000000000000000, 0.8117647058823529438, 0.5019607843137254832 ) ;
#3247 = EDGE_LOOP ( 'NONE', ( #2258, #4405, #3259, #174, #5249, #6411, #1428, #807 ) ) ;
#3248 = MECHANICAL_DESIGN_GEOMETRIC_PRESENTATION_REPRESENTATION (  '', ( #2231 ), #1899 ) ;
#3249 = AXIS2_PLACEMENT_3D ( 'NONE', #3803, #5158, #6778 ) ;
#3250 = FACE_OUTER_BOUND ( 'NONE', #6790, .T. ) ;
#3251 = DIMENSIONAL_EXPONENTS ( 1.000000000000000000, 0.000000000000000000, 0.000000000000000000, 0.000000000000000000, 0.000000000000000000, 0.000000000000000000, 0.000000000000000000 ) ;
#3252 = CARTESIAN_POINT ( 'NONE',  ( -0.2920861433719179057, 0.04527561499999997741, 0.02109758867167412996 ) ) ;
#3253 = EDGE_CURVE ( 'NONE', #762, #5347, #5705, .T. ) ;
#3254 = CARTESIAN_POINT ( 'NONE',  ( 0.2763739701650266278, 0.04527561499999999822, -0.03093012030338303242 ) ) ;
#3255 = CARTESIAN_POINT ( 'NONE',  ( 0.2877954310000000460, -0.09251973500000004735, 1.762238766916914599E-17 ) ) ;
#3256 = VERTEX_POINT ( 'NONE', #856 ) ;
#3257 = DIRECTION ( 'NONE',  ( 0.000000000000000000, 0.000000000000000000, 1.000000000000000000 ) ) ;
#3258 = DIRECTION ( 'NONE',  ( 0.000000000000000000, 1.000000000000000000, 0.000000000000000000 ) ) ;
#3259 = ORIENTED_EDGE ( 'NONE', *, *, #4522, .T. ) ;
#3260 = CARTESIAN_POINT ( 'NONE',  ( -0.2736294835926085800, 0.04527561499999999128, -0.02534259838665509079 ) ) ;
#3261 = SURFACE_SIDE_STYLE ('',( #5391 ) ) ;
#3262 = CARTESIAN_POINT ( 'NONE',  ( -0.2963437146646267784, 0.04330710999999999589, -0.02218727814545808433 ) ) ;
#3263 = ORIENTED_EDGE ( 'NONE', *, *, #3770, .T. ) ;
#3264 = EDGE_CURVE ( 'NONE', #1303, #6654, #6226, .T. ) ;
#3265 = DIRECTION ( 'NONE',  ( -0.000000000000000000, 1.000000000000000000, -0.000000000000000000 ) ) ;
#3266 = DIRECTION ( 'NONE',  ( 1.000000000000000000, 0.000000000000000000, 0.000000000000000000 ) ) ;
#3267 = ORIENTED_EDGE ( 'NONE', *, *, #1841, .T. ) ;
#3268 = CARTESIAN_POINT ( 'NONE',  ( 0.3074234615712765906, 0.04330710999999999589, -0.03093012030338303242 ) ) ;
#3269 = CARTESIAN_POINT ( 'NONE',  ( -0.2721247543640256117, 0.04527561499999999822, 0.02255977364869210175 ) ) ;
#3270 = CARTESIAN_POINT ( 'NONE',  ( -0.3052946605463446317, 0.04527561499999999128, -0.01723917933686573006 ) ) ;
#3271 =( NAMED_UNIT ( * ) SI_UNIT ( $, .STERADIAN. ) SOLID_ANGLE_UNIT ( ) );
#3272 = PRESENTATION_STYLE_ASSIGNMENT (( #2747 ) ) ;
#3273 = CARTESIAN_POINT ( 'NONE',  ( -0.05000002700000000244, -0.1023622599999999966, 0.05708664500000004000 ) ) ;
#3274 = EDGE_LOOP ( 'NONE', ( #2799, #1121, #5452, #5313 ) ) ;
#3275 = CARTESIAN_POINT ( 'NONE',  ( -0.2912238768000706135, 0.04527561499999999822, -0.006353602915748416194 ) ) ;
#3276 = FACE_OUTER_BOUND ( 'NONE', #5472, .T. ) ;
#3277 = CARTESIAN_POINT ( 'NONE',  ( -0.2777519821829086411, 0.04330710999999999589, -0.01942058161109104161 ) ) ;
#3278 = VERTEX_POINT ( 'NONE', #6153 ) ;
#3279 = DIRECTION ( 'NONE',  ( 0.000000000000000000, 0.000000000000000000, 1.000000000000000000 ) ) ;
#3280 = CARTESIAN_POINT ( 'NONE',  ( -0.3064834741289894082, 0.04527561499999999822, 0.01328986117903750881 ) ) ;
#3281 = ORIENTED_EDGE ( 'NONE', *, *, #513, .F. ) ;
#3282 = AXIS2_PLACEMENT_3D ( 'NONE', #6451, #1122, #3257 ) ;
#3283 = VECTOR ( 'NONE', #1211, 39.37007874015748143 ) ;
#3284 = DIRECTION ( 'NONE',  ( 0.8838701084538442831, 0.000000000000000000, -0.4677324356742748601 ) ) ;
#3285 = LINE ( 'NONE', #3214, #4237 ) ;
#3286 = FILL_AREA_STYLE ('',( #1642 ) ) ;
#3287 = CIRCLE ( 'NONE', #5772, 0.09100030497545502639 ) ;
#3288 = ORIENTED_EDGE ( 'NONE', *, *, #822, .T. ) ;
#3289 = DIRECTION ( 'NONE',  ( 0.000000000000000000, 0.000000000000000000, 1.000000000000000000 ) ) ;
#3290 = DIRECTION ( 'NONE',  ( -0.000000000000000000, 1.000000000000000000, -0.000000000000000000 ) ) ;
#3291 = ORIENTED_EDGE ( 'NONE', *, *, #3264, .T. ) ;
#3292 = CARTESIAN_POINT ( 'NONE',  ( -0.1500000810000000073, -0.1811024599999999929, 0.02618111650000000748 ) ) ;
#3293 = VECTOR ( 'NONE', #5632, 39.37007874015748143 ) ;
#3294 = FILL_AREA_STYLE ('',( #3222 ) ) ;
#3295 = CARTESIAN_POINT ( 'NONE',  ( -0.2991982854340414777, 0.04330710999999999589, -0.01537541561588303025 ) ) ;
#3296 = EDGE_CURVE ( 'NONE', #3106, #2675, #5469, .T. ) ;
#3297 = ORIENTED_EDGE ( 'NONE', *, *, #5435, .F. ) ;
#3298 = EDGE_CURVE ( 'NONE', #1506, #3542, #4100, .T. ) ;
#3299 = EDGE_CURVE ( 'NONE', #1228, #204, #4544, .T. ) ;
#3300 = ADVANCED_FACE ( 'NONE', ( #3403 ), #2359, .T. ) ;
#3301 = CARTESIAN_POINT ( 'NONE',  ( -0.03818899699999998842, -0.02952757499999999688, 0.06889767499999997769 ) ) ;
#3302 = PRESENTATION_STYLE_ASSIGNMENT (( #2176 ) ) ;
#3303 = ORIENTED_EDGE ( 'NONE', *, *, #1760, .T. ) ;
#3304 = DIRECTION ( 'NONE',  ( -0.000000000000000000, 1.000000000000000000, -0.000000000000000000 ) ) ;
#3305 = DIRECTION ( 'NONE',  ( 0.000000000000000000, -1.000000000000000000, 0.000000000000000000 ) ) ;
#3306 = CARTESIAN_POINT ( 'NONE',  ( -0.3053338854340414410, 0.04527561499999999128, -0.01551921874088303156 ) ) ;
#3307 = CARTESIAN_POINT ( 'NONE',  ( -0.2877954310000000460, 0.04133860499999999355, 1.762238766916914599E-17 ) ) ;
#3308 =( LENGTH_UNIT ( ) NAMED_UNIT ( * ) SI_UNIT ( $, .METRE. ) );
#3309 = DIRECTION ( 'NONE',  ( -0.000000000000000000, 1.000000000000000000, -0.000000000000000000 ) ) ;
#3310 = STYLED_ITEM ( 'NONE', ( #1257 ), #193 ) ;
#3311 = MECHANICAL_DESIGN_GEOMETRIC_PRESENTATION_REPRESENTATION (  '', ( #293 ), #1075 ) ;
#3312 = CARTESIAN_POINT ( 'NONE',  ( -0.2950173702018015764, 0.04330711000000000976, -0.007784096638600814487 ) ) ;
#3313 = CIRCLE ( 'NONE', #6560, 0.09055122999999995481 ) ;
#3314 = DIRECTION ( 'NONE',  ( 0.000000000000000000, -1.000000000000000000, 0.000000000000000000 ) ) ;
#3315 = FACE_OUTER_BOUND ( 'NONE', #4996, .T. ) ;
#3316 = EDGE_LOOP ( 'NONE', ( #907, #1349, #3671, #6927 ) ) ;
#3317 = LENGTH_MEASURE_WITH_UNIT ( LENGTH_MEASURE( 0.02539999999999999897 ), #659 );
#3318 = CARTESIAN_POINT ( 'NONE',  ( -0.2768750459083192950, 0.04330710999999999589, -0.01724344340921513813 ) ) ;
#3319 = VECTOR ( 'NONE', #4225, 39.37007874015748143 ) ;
#3320 = ORIENTED_EDGE ( 'NONE', *, *, #6174, .T. ) ;
#3321 =( LENGTH_UNIT ( ) NAMED_UNIT ( * ) SI_UNIT ( $, .METRE. ) );
#3322 = EDGE_CURVE ( 'NONE', #1720, #3229, #4786, .T. ) ;
#3323 = CARTESIAN_POINT ( 'NONE',  ( -0.03818899699999998842, -0.02952757499999999688, -0.05590554199999997476 ) ) ;
#3324 = CARTESIAN_POINT ( 'NONE',  ( 0.05000002700000000244, -0.1200788050000000107, 0.000000000000000000 ) ) ;
#3325 = ORIENTED_EDGE ( 'NONE', *, *, #312, .T. ) ;
#3326 = LENGTH_MEASURE_WITH_UNIT ( LENGTH_MEASURE( 0.02539999999999999897 ), #5902 );
#3327 = VERTEX_POINT ( 'NONE', #3021 ) ;
#3328 = CARTESIAN_POINT ( 'NONE',  ( -0.2877954309999999349, -0.02952757499999999688, 1.762238766916914599E-17 ) ) ;
#3329 = VERTEX_POINT ( 'NONE', #5644 ) ;
#3330 = LINE ( 'NONE', #5492, #8 ) ;
#3331 = CARTESIAN_POINT ( 'NONE',  ( -0.2283465799999999102, -0.04527561499999999822, -0.06889767500000000544 ) ) ;
#3332 = EDGE_LOOP ( 'NONE', ( #2996, #145, #4172, #1617 ) ) ;
#3333 = DIRECTION ( 'NONE',  ( 0.000000000000000000, 0.000000000000000000, -1.000000000000000000 ) ) ;
#3334 = EDGE_CURVE ( 'NONE', #1793, #1058, #2076, .T. ) ;
#3335 = DIRECTION ( 'NONE',  ( -0.000000000000000000, 1.000000000000000000, -0.000000000000000000 ) ) ;
#3336 = VERTEX_POINT ( 'NONE', #886 ) ;
#3337 = LENGTH_MEASURE_WITH_UNIT ( LENGTH_MEASURE( 0.02539999999999999897 ), #5496 );
#3338 = EDGE_CURVE ( 'NONE', #1360, #3752, #330, .T. ) ;
#3339 = CARTESIAN_POINT ( 'NONE',  ( -0.3018114003607467732, 0.04527561499999999822, -0.005525733930809127378 ) ) ;
#3340 = DIRECTION ( 'NONE',  ( 0.000000000000000000, -1.000000000000000000, 0.000000000000000000 ) ) ;
#3341 = DIRECTION ( 'NONE',  ( 0.000000000000000000, 0.000000000000000000, 1.000000000000000000 ) ) ;
#3342 = CARTESIAN_POINT ( 'NONE',  ( -0.2283465799999999102, -0.02952757499999999688, -0.06889767500000000544 ) ) ;
#3343 = CARTESIAN_POINT ( 'NONE',  ( -0.2878857729340414395, 0.04330710999999999589, -0.005452999990883026712 ) ) ;
#3344 = ORIENTED_EDGE ( 'NONE', *, *, #4857, .F. ) ;
#3345 = PRESENTATION_LAYER_ASSIGNMENT (  '', '', ( #670 ) ) ;
#3346 = CARTESIAN_POINT ( 'NONE',  ( 0.3074234615712765906, 0.04330710999999999589, 0.02812502969661697175 ) ) ;
#3347 = DIRECTION ( 'NONE',  ( 0.000000000000000000, 0.000000000000000000, 1.000000000000000000 ) ) ;
#3348 = VERTEX_POINT ( 'NONE', #5075 ) ;
#3349 = CARTESIAN_POINT ( 'NONE',  ( -0.2777519821829086411, 0.04330710999999999589, -0.01942058161109104161 ) ) ;
#3350 = VERTEX_POINT ( 'NONE', #1896 ) ;
#3351 = AXIS2_PLACEMENT_3D ( 'NONE', #2131, #491, #4816 ) ;
#3352 = DIRECTION ( 'NONE',  ( -0.000000000000000000, 1.000000000000000000, -0.000000000000000000 ) ) ;
#3353 = AXIS2_PLACEMENT_3D ( 'NONE', #87, #1212, #2289 ) ;
#3354 = PRESENTATION_LAYER_ASSIGNMENT (  '', '', ( #2008 ) ) ;
#3355 = CARTESIAN_POINT ( 'NONE',  ( -0.2991982854340414777, 0.04527561499999999822, -0.01537541561588303025 ) ) ;
#3356 = CIRCLE ( 'NONE', #1461, 0.05905515000000000070 ) ;
#3357 = ORIENTED_EDGE ( 'NONE', *, *, #445, .F. ) ;
#3358 = VECTOR ( 'NONE', #1385, 39.37007874015748143 ) ;
#3359 = LINE ( 'NONE', #4990, #6206 ) ;
#3360 = TOROIDAL_SURFACE ( 'NONE', #2577, 0.02224410650000000975, 0.003937010000000000336 ) ;
#3361 = PRESENTATION_LAYER_ASSIGNMENT (  '', '', ( #6395 ) ) ;
#3362 = EDGE_LOOP ( 'NONE', ( #3946, #80, #3320, #877 ) ) ;
#3363 = DIRECTION ( 'NONE',  ( 0.000000000000000000, -1.000000000000000000, 0.000000000000000000 ) ) ;
#3364 = ORIENTED_EDGE ( 'NONE', *, *, #2784, .F. ) ;
#3365 = LINE ( 'NONE', #4017, #837 ) ;
#3366 = ORIENTED_EDGE ( 'NONE', *, *, #208, .F. ) ;
#3367 = DIRECTION ( 'NONE',  ( 0.000000000000000000, -0.000000000000000000, -1.000000000000000000 ) ) ;
#3368 = VERTEX_POINT ( 'NONE', #1377 ) ;
#3369 = CARTESIAN_POINT ( 'NONE',  ( -0.2910354835796720163, 0.04330710999999998201, 0.0002472847754685713142 ) ) ;
#3370 = DIRECTION ( 'NONE',  ( 0.000000000000000000, 0.000000000000000000, 1.000000000000000000 ) ) ;
#3371 = FACE_OUTER_BOUND ( 'NONE', #4005, .T. ) ;
#3372 = DIRECTION ( 'NONE',  ( 0.000000000000000000, 0.000000000000000000, -1.000000000000000000 ) ) ;
#3373 = CARTESIAN_POINT ( 'NONE',  ( 0.1381890509999999794, -0.02952757499999999688, 0.05595963274136995375 ) ) ;
#3374 = DIRECTION ( 'NONE',  ( -1.000000000000000000, 0.000000000000000000, 0.000000000000000000 ) ) ;
#3375 = EDGE_LOOP ( 'NONE', ( #4521, #6524, #4067, #3457 ) ) ;
#3376 = LINE ( 'NONE', #6094, #6661 ) ;
#3377 = DIRECTION ( 'NONE',  ( -0.000000000000000000, 1.000000000000000000, -0.000000000000000000 ) ) ;
#3378 = ORIENTED_EDGE ( 'NONE', *, *, #4258, .T. ) ;
#3379 = EDGE_CURVE ( 'NONE', #4103, #5092, #3313, .T. ) ;
#3380 = DIRECTION ( 'NONE',  ( 0.000000000000000000, 0.000000000000000000, 1.000000000000000000 ) ) ;
#3381 = FACE_OUTER_BOUND ( 'NONE', #6486, .T. ) ;
#3382 = ORIENTED_EDGE ( 'NONE', *, *, #602, .F. ) ;
#3383 = EDGE_CURVE ( 'NONE', #3681, #3327, #2187, .T. ) ;
#3384 = EDGE_CURVE ( 'NONE', #6832, #1679, #2876, .T. ) ;
#3385 = DIRECTION ( 'NONE',  ( 0.000000000000000000, 0.000000000000000000, -1.000000000000000000 ) ) ;
#3386 = DIRECTION ( 'NONE',  ( 0.000000000000000000, -1.000000000000000000, 0.000000000000000000 ) ) ;
#3387 = ORIENTED_EDGE ( 'NONE', *, *, #3668, .T. ) ;
#3388 = AXIS2_PLACEMENT_3D ( 'NONE', #5159, #2370, #2993 ) ;
#3389 = CARTESIAN_POINT ( 'NONE',  ( -0.2881973463715414296, 0.04330710999999999589, -0.03169707030338302783 ) ) ;
#3390 = ORIENTED_EDGE ( 'NONE', *, *, #2358, .F. ) ;
#3391 = DIRECTION ( 'NONE',  ( 0.000000000000000000, 0.000000000000000000, 1.000000000000000000 ) ) ;
#3392 = VECTOR ( 'NONE', #2443, 39.37007874015748143 ) ;
#3393 = VERTEX_POINT ( 'NONE', #3989 ) ;
#3394 = CARTESIAN_POINT ( 'NONE',  ( -0.1618111110000000352, -0.02952757499999999688, -0.06889767500000000544 ) ) ;
#3395 = MECHANICAL_DESIGN_GEOMETRIC_PRESENTATION_REPRESENTATION (  '', ( #2728 ), #271 ) ;
#3396 = ORIENTED_EDGE ( 'NONE', *, *, #1768, .F. ) ;
#3397 = EDGE_LOOP ( 'NONE', ( #5839, #1204, #134, #556 ) ) ;
#3398 = LINE ( 'NONE', #6050, #2130 ) ;
#3399 = CARTESIAN_POINT ( 'NONE',  ( 0.06181105699999998176, -0.07223479225994784703, 0.05590554199999997476 ) ) ;
#3400 = DIRECTION ( 'NONE',  ( -0.000000000000000000, 1.000000000000000000, -0.000000000000000000 ) ) ;
#3401 = CARTESIAN_POINT ( 'NONE',  ( 0.2877954310000000460, 0.03346458500000000502, 1.762238766916914599E-17 ) ) ;
#3402 = PRESENTATION_STYLE_ASSIGNMENT (( #6056 ) ) ;
#3403 = FACE_OUTER_BOUND ( 'NONE', #2185, .T. ) ;
#3404 = CARTESIAN_POINT ( 'NONE',  ( 0.06181105699999999564, -0.04527561499999999822, 0.06889767499999997769 ) ) ;
#3405 = LINE ( 'NONE', #1311, #4181 ) ;
#3406 = CONICAL_SURFACE ( 'NONE', #1061, 0.05905515000000000070, 0.7853981633974496113 ) ;
#3407 = CARTESIAN_POINT ( 'NONE',  ( -0.1500000810000000073, -0.04527561499999999822, 0.0001081814827399373930 ) ) ;
#3408 = VERTEX_POINT ( 'NONE', #6122 ) ;
#3409 = CIRCLE ( 'NONE', #5674, 0.09100030497545502639 ) ;
#3410 = FACE_OUTER_BOUND ( 'NONE', #389, .T. ) ;
#3411 = DIRECTION ( 'NONE',  ( -0.000000000000000000, 1.000000000000000000, -0.000000000000000000 ) ) ;
#3412 = ORIENTED_EDGE ( 'NONE', *, *, #4979, .F. ) ;
#3413 = CARTESIAN_POINT ( 'NONE',  ( -0.2795249734694338906, 0.04527561500000001210, 0.02042636375934870838 ) ) ;
#3414 =( GEOMETRIC_REPRESENTATION_CONTEXT ( 3 ) GLOBAL_UNCERTAINTY_ASSIGNED_CONTEXT ( ( #5634 ) ) GLOBAL_UNIT_ASSIGNED_CONTEXT ( ( #5052, #238, #1322 ) ) REPRESENTATION_CONTEXT ( 'NONE', 'WORKASPACE' ) );
#3415 = DIMENSIONAL_EXPONENTS ( 1.000000000000000000, 0.000000000000000000, 0.000000000000000000, 0.000000000000000000, 0.000000000000000000, 0.000000000000000000, 0.000000000000000000 ) ;
#3416 = ORIENTED_EDGE ( 'NONE', *, *, #4003, .T. ) ;
#3417 = MECHANICAL_DESIGN_GEOMETRIC_PRESENTATION_REPRESENTATION (  '', ( #1630 ), #6452 ) ;
#3418 = ADVANCED_FACE ( 'NONE', ( #4585 ), #5604, .T. ) ;
#3419 = EDGE_CURVE ( 'NONE', #6541, #6454, #6191, .T. ) ;
#3420 = LINE ( 'NONE', #6644, #67 ) ;
#3421 = SURFACE_STYLE_FILL_AREA ( #1291 ) ;
#3422 = AXIS2_PLACEMENT_3D ( 'NONE', #2687, #2161, #663 ) ;
#3423 = EDGE_CURVE ( 'NONE', #2138, #6443, #4657, .T. ) ;
#3424 = FACE_BOUND ( 'NONE', #200, .T. ) ;
#3425 = ORIENTED_EDGE ( 'NONE', *, *, #4896, .F. ) ;
#3426 =( NAMED_UNIT ( * ) SI_UNIT ( $, .STERADIAN. ) SOLID_ANGLE_UNIT ( ) );
#3427 = ADVANCED_FACE ( 'NONE', ( #1966 ), #369, .F. ) ;
#3428 = VERTEX_POINT ( 'NONE', #919 ) ;
#3429 = CARTESIAN_POINT ( 'NONE',  ( -0.2975662268442000880, 0.04527561499999999822, -0.009764097039290186783 ) ) ;
#3430 = EDGE_LOOP ( 'NONE', ( #1232, #5049 ) ) ;
#3431 = ADVANCED_FACE ( 'NONE', ( #3059 ), #5512, .F. ) ;
#3432 = DIRECTION ( 'NONE',  ( 0.000000000000000000, 0.000000000000000000, 1.000000000000000000 ) ) ;
#3433 = ORIENTED_EDGE ( 'NONE', *, *, #3956, .T. ) ;
#3434 = LINE ( 'NONE', #3470, #2720 ) ;
#3435 = EDGE_CURVE ( 'NONE', #867, #4291, #1956, .T. ) ;
#3436 = DIRECTION ( 'NONE',  ( -0.000000000000000000, 1.000000000000000000, -0.000000000000000000 ) ) ;
#3437 = VECTOR ( 'NONE', #50, 39.37007874015748143 ) ;
#3438 = ADVANCED_FACE ( 'NONE', ( #3315 ), #2434, .T. ) ;
#3439 = DIRECTION ( 'NONE',  ( 0.000000000000000000, -1.000000000000000000, 0.000000000000000000 ) ) ;
#3440 = DIRECTION ( 'NONE',  ( 0.000000000000000000, 1.000000000000000000, 0.000000000000000000 ) ) ;
#3441 = CARTESIAN_POINT ( 'NONE',  ( -0.1500000810000000073, -0.1771654499999999743, 0.02224410650000000975 ) ) ;
#3442 = SURFACE_STYLE_FILL_AREA ( #3060 ) ;
#3443 = EDGE_CURVE ( 'NONE', #233, #772, #2970, .T. ) ;
#3444 = DIRECTION ( 'NONE',  ( 0.000000000000000000, 0.000000000000000000, -1.000000000000000000 ) ) ;
#3445 =( LENGTH_UNIT ( ) NAMED_UNIT ( * ) SI_UNIT ( $, .METRE. ) );
#3446 = VERTEX_POINT ( 'NONE', #5542 ) ;
#3447 = DIRECTION ( 'NONE',  ( 0.000000000000000000, 1.000000000000000000, 0.000000000000000000 ) ) ;
#3448 = CARTESIAN_POINT ( 'NONE',  ( 0.05000002700000000244, 0.04527561499999999822, 0.000000000000000000 ) ) ;
#3449 = CARTESIAN_POINT ( 'NONE',  ( -0.2877954309999999349, -0.02952757499999999688, 1.762238766916914599E-17 ) ) ;
#3450 = ORIENTED_EDGE ( 'NONE', *, *, #6677, .F. ) ;
#3451 = CARTESIAN_POINT ( 'NONE',  ( -0.2750827754685481463, 0.04527561499999999822, 0.01500837693904688228 ) ) ;
#3452 = DIRECTION ( 'NONE',  ( 0.000000000000000000, 1.000000000000000000, 0.000000000000000000 ) ) ;
#3453 = ORIENTED_EDGE ( 'NONE', *, *, #2225, .F. ) ;
#3454 = FILL_AREA_STYLE ('',( #799 ) ) ;
#3455 = CARTESIAN_POINT ( 'NONE',  ( -0.05000002700000000244, -0.1220473100000000061, -0.02913387400000000058 ) ) ;
#3456 = AXIS2_PLACEMENT_3D ( 'NONE', #5879, #2564, #4726 ) ;
#3457 = ORIENTED_EDGE ( 'NONE', *, *, #2561, .T. ) ;
#3458 = EDGE_CURVE ( 'NONE', #3826, #4462, #1206, .T. ) ;
#3459 = SURFACE_SIDE_STYLE ('',( #1752 ) ) ;
#3460 =( GEOMETRIC_REPRESENTATION_CONTEXT ( 3 ) GLOBAL_UNCERTAINTY_ASSIGNED_CONTEXT ( ( #1042 ) ) GLOBAL_UNIT_ASSIGNED_CONTEXT ( ( #6668, #6154, #6695 ) ) REPRESENTATION_CONTEXT ( 'NONE', 'WORKASPACE' ) );
#3461 = ORIENTED_EDGE ( 'NONE', *, *, #397, .F. ) ;
#3462 = FILL_AREA_STYLE_COLOUR ( '', #3526 ) ;
#3463 = CARTESIAN_POINT ( 'NONE',  ( 0.2877954310000000460, 0.03346458500000000502, -0.07086617999999994533 ) ) ;
#3464 = B_SPLINE_SURFACE_WITH_KNOTS ( 'NONE', 3, 1, ( 
 ( #1657, #3306 ),
 ( #2251, #6567 ),
 ( #3198, #3270 ),
 ( #5368, #6024 ),
 ( #4312, #682 ),
 ( #2811, #6431 ),
 ( #5915, #1096 ),
 ( #3232, #3810 ),
 ( #1798, #1308 ),
 ( #2950, #2841 ),
 ( #5642, #5602 ),
 ( #2911, #2982 ),
 ( #5671, #5148 ),
 ( #4510, #5003 ),
 ( #3476, #5073 ),
 ( #5111, #6731 ),
 ( #6624, #3506 ),
 ( #853, #6119 ),
 ( #255, #1825 ) ),
 .UNSPECIFIED., .F., .F., .F.,
 ( 4, 1, 1, 1, 1, 1, 1, 1, 1, 1, 1, 1, 1, 1, 1, 1, 4 ),
 ( 2, 2 ),
 ( 0.000000000000000000, 0.06553421244304731552, 0.1288270559297159945, 0.1899548512024729352, 0.2496480368191134613, 0.3082483091336509218, 0.3667963607881972177, 0.4255009350642028343, 0.4858920521208358045, 0.5466819835686081985, 0.6066869295489977221, 0.6675221296550222227, 0.7294256136805841173, 0.7931375186351564688, 0.8590270504025675491, 0.9276974320877985347, 1.000000000000000000 ),
 ( 0.000000000000000000, 1.000000000000000000 ),
 .UNSPECIFIED. ) ;
#3465 = STYLED_ITEM ( 'NONE', ( #2531 ), #5299 ) ;
#3466 = ORIENTED_EDGE ( 'NONE', *, *, #653, .T. ) ;
#3467 = LINE ( 'NONE', #4471, #3293 ) ;
#3468 = EDGE_LOOP ( 'NONE', ( #1321, #2848 ) ) ;
#3469 = AXIS2_PLACEMENT_3D ( 'NONE', #1599, #1078, #4222 ) ;
#3470 = CARTESIAN_POINT ( 'NONE',  ( 0.05000002700000000244, -0.1200788050000000107, 0.02913387400000000058 ) ) ;
#3471 = VECTOR ( 'NONE', #1522, 39.37007874015748143 ) ;
#3472 = EDGE_CURVE ( 'NONE', #867, #5092, #4006, .T. ) ;
#3473 = CARTESIAN_POINT ( 'NONE',  ( 0.05000002700000000244, -0.1200788050000000107, 0.000000000000000000 ) ) ;
#3474 = AXIS2_PLACEMENT_3D ( 'NONE', #6906, #3224, #6840 ) ;
#3475 = DIRECTION ( 'NONE',  ( 0.000000000000000000, 0.000000000000000000, 1.000000000000000000 ) ) ;
#3476 = CARTESIAN_POINT ( 'NONE',  ( -0.2936253262646816298, 0.04330710999999999589, -0.03109289957254887660 ) ) ;
#3477 = AXIS2_PLACEMENT_3D ( 'NONE', #4923, #2242, #4409 ) ;
#3478 = CARTESIAN_POINT ( 'NONE',  ( -0.2877954310000000460, -0.1003937550000000151, -0.05905514999999998682 ) ) ;
#3479 = DIRECTION ( 'NONE',  ( 0.000000000000000000, 0.000000000000000000, -1.000000000000000000 ) ) ;
#3480 = EDGE_CURVE ( 'NONE', #4944, #343, #6891, .T. ) ;
#3481 = CARTESIAN_POINT ( 'NONE',  ( -0.05000002700000000244, -0.1811024599999999929, 0.02618111650000000054 ) ) ;
#3482 = PLANE ( 'NONE',  #4288 ) ;
#3483 = ORIENTED_EDGE ( 'NONE', *, *, #228, .T. ) ;
#3484 = CARTESIAN_POINT ( 'NONE',  ( -0.2283465799999999102, -0.02952757499999999688, 0.06889767499999997769 ) ) ;
#3485 = DIRECTION ( 'NONE',  ( -0.000000000000000000, -1.000000000000000000, -0.000000000000000000 ) ) ;
#3486 = CARTESIAN_POINT ( 'NONE',  ( -0.2876027011035143244, 0.04330710999999999589, 0.001201674182431325269 ) ) ;
#3487 = CARTESIAN_POINT ( 'NONE',  ( -0.2968698789541462935, 0.04527561499999997741, 0.02682747228110679560 ) ) ;
#3488 = ORIENTED_EDGE ( 'NONE', *, *, #431, .F. ) ;
#3489 = ORIENTED_EDGE ( 'NONE', *, *, #6073, .F. ) ;
#3490 =( NAMED_UNIT ( * ) PLANE_ANGLE_UNIT ( ) SI_UNIT ( $, .RADIAN. ) );
#3491 = ORIENTED_EDGE ( 'NONE', *, *, #3480, .F. ) ;
#3492 = DIRECTION ( 'NONE',  ( 0.000000000000000000, 0.000000000000000000, -1.000000000000000000 ) ) ;
#3493 = ORIENTED_EDGE ( 'NONE', *, *, #905, .F. ) ;
#3494 = DIRECTION ( 'NONE',  ( 0.000000000000000000, 0.000000000000000000, -1.000000000000000000 ) ) ;
#3495 = UNCERTAINTY_MEASURE_WITH_UNIT (LENGTH_MEASURE( 1.000000000000000082E-05 ), #1712, 'distance_accuracy_value', 'NONE');
#3496 = ORIENTED_EDGE ( 'NONE', *, *, #574, .T. ) ;
#3497 = CARTESIAN_POINT ( 'NONE',  ( -0.2786114479521625831, 0.04330710999999998201, 0.01986246257351311287 ) ) ;
#3498 = CARTESIAN_POINT ( 'NONE',  ( -0.2970120694328598487, 0.04527561499999999822, -0.02150181452653161449 ) ) ;
#3499 = VERTEX_POINT ( 'NONE', #4346 ) ;
#3500 = EDGE_CURVE ( 'NONE', #3557, #76, #298, .T. ) ;
#3501 = SURFACE_STYLE_FILL_AREA ( #1306 ) ;
#3502 = VECTOR ( 'NONE', #370, 39.37007874015748143 ) ;
#3503 = EDGE_CURVE ( 'NONE', #2827, #589, #2178, .T. ) ;
#3504 = AXIS2_PLACEMENT_3D ( 'NONE', #2080, #5856, #998 ) ;
#3505 = CARTESIAN_POINT ( 'NONE',  ( 0.03818899699999998842, -0.04527561499999999822, 0.05590554199999997476 ) ) ;
#3506 = CARTESIAN_POINT ( 'NONE',  ( -0.2900846550111985112, 0.04527561499999996353, -0.03165956947806318478 ) ) ;
#3507 = DIRECTION ( 'NONE',  ( -0.000000000000000000, 1.000000000000000000, -0.000000000000000000 ) ) ;
#3508 = ADVANCED_FACE ( 'NONE', ( #2212 ), #4899, .F. ) ;
#3509 = DIRECTION ( 'NONE',  ( -0.000000000000000000, 1.000000000000000000, -0.000000000000000000 ) ) ;
#3510 = EDGE_CURVE ( 'NONE', #586, #5905, #5354, .T. ) ;
#3511 = EDGE_CURVE ( 'NONE', #4430, #6476, #4278, .T. ) ;
#3512 = VECTOR ( 'NONE', #546, 39.37007874015748143 ) ;
#3513 = CARTESIAN_POINT ( 'NONE',  ( 0.2877954310000000460, 0.03740159499999999582, 1.762238766916914599E-17 ) ) ;
#3514 = DIRECTION ( 'NONE',  ( 0.000000000000000000, -0.000000000000000000, -1.000000000000000000 ) ) ;
#3515 = ORIENTED_EDGE ( 'NONE', *, *, #513, .T. ) ;
#3516 = ADVANCED_FACE ( 'NONE', ( #47 ), #1619, .F. ) ;
#3517 =( NAMED_UNIT ( * ) PLANE_ANGLE_UNIT ( ) SI_UNIT ( $, .RADIAN. ) );
#3518 = CARTESIAN_POINT ( 'NONE',  ( -0.2877954309999999349, -0.04527561499999999822, 1.762238766916914599E-17 ) ) ;
#3519 = CARTESIAN_POINT ( 'NONE',  ( -0.06181105699999998176, -0.07223479225994784703, 0.05590554199999997476 ) ) ;
#3520 = CARTESIAN_POINT ( 'NONE',  ( -0.2700541854340414716, 0.04527561499999999822, -0.01405722030338302925 ) ) ;
#3521 = VECTOR ( 'NONE', #3879, 39.37007874015748143 ) ;
#3522 = PRESENTATION_STYLE_ASSIGNMENT (( #4108 ) ) ;
#3523 = EDGE_CURVE ( 'NONE', #772, #4372, #6232, .T. ) ;
#3524 = DIRECTION ( 'NONE',  ( -0.000000000000000000, 1.000000000000000000, -0.000000000000000000 ) ) ;
#3525 = VERTEX_POINT ( 'NONE', #3846 ) ;
#3526 = COLOUR_RGB ( '',1.000000000000000000, 0.8117647058823529438, 0.5019607843137254832 ) ;
#3527 = EDGE_CURVE ( 'NONE', #3605, #1401, #1696, .T. ) ;
#3528 = PRESENTATION_LAYER_ASSIGNMENT (  '', '', ( #6549 ) ) ;
#3529 = DIRECTION ( 'NONE',  ( 0.000000000000000000, -1.000000000000000000, 0.000000000000000000 ) ) ;
#3530 = VECTOR ( 'NONE', #2097, 39.37007874015748143 ) ;
#3531 = CARTESIAN_POINT ( 'NONE',  ( -0.2877954310000000460, 0.03346458499999999808, 1.762238766916914599E-17 ) ) ;
#3532 = AXIS2_PLACEMENT_3D ( 'NONE', #4155, #1473, #3836 ) ;
#3533 = AXIS2_PLACEMENT_3D ( 'NONE', #83, #4375, #5881 ) ;
#3534 = ORIENTED_EDGE ( 'NONE', *, *, #5076, .T. ) ;
#3535 =( GEOMETRIC_REPRESENTATION_CONTEXT ( 3 ) GLOBAL_UNCERTAINTY_ASSIGNED_CONTEXT ( ( #6857 ) ) GLOBAL_UNIT_ASSIGNED_CONTEXT ( ( #4753, #2592, #6873 ) ) REPRESENTATION_CONTEXT ( 'NONE', 'WORKASPACE' ) );
#3536 = EDGE_CURVE ( 'NONE', #1919, #849, #2526, .T. ) ;
#3537 = VERTEX_POINT ( 'NONE', #577 ) ;
#3538 = CIRCLE ( 'NONE', #519, 0.05905515000000000070 ) ;
#3539 = DIRECTION ( 'NONE',  ( -0.000000000000000000, -1.000000000000000000, -0.000000000000000000 ) ) ;
#3540 = EDGE_LOOP ( 'NONE', ( #4558, #2120, #143, #1364 ) ) ;
#3541 = CARTESIAN_POINT ( 'NONE',  ( -0.2877954310000000460, 0.04133860499999999355, 0.05511814000000001684 ) ) ;
#3542 = VERTEX_POINT ( 'NONE', #471 ) ;
#3543 = AXIS2_PLACEMENT_3D ( 'NONE', #4571, #318, #4607 ) ;
#3544 = DIRECTION ( 'NONE',  ( -0.000000000000000000, -1.000000000000000000, -0.000000000000000000 ) ) ;
#3545 = DIRECTION ( 'NONE',  ( -0.000000000000000000, 1.000000000000000000, -0.000000000000000000 ) ) ;
#3546 = VERTEX_POINT ( 'NONE', #12 ) ;
#3547 = CARTESIAN_POINT ( 'NONE',  ( -0.2830508757302938605, 0.04527561499999999128, 0.002575399103334053037 ) ) ;
#3548 = DIRECTION ( 'NONE',  ( 0.000000000000000000, 0.000000000000000000, 1.000000000000000000 ) ) ;
#3549 = CARTESIAN_POINT ( 'NONE',  ( -0.3053188971214438330, 0.04330710999999999589, -0.01487454249242860932 ) ) ;
#3550 = CARTESIAN_POINT ( 'NONE',  ( -0.2818370746980515817, 0.04330710999999999589, 0.02841686635271038069 ) ) ;
#3551 = DIRECTION ( 'NONE',  ( 1.000000000000000000, 0.000000000000000000, -1.224646799147353207E-16 ) ) ;
#3552 = SURFACE_STYLE_FILL_AREA ( #1378 ) ;
#3553 = FACE_OUTER_BOUND ( 'NONE', #4390, .T. ) ;
#3554 = VECTOR ( 'NONE', #3626, 39.37007874015748143 ) ;
#3555 = EDGE_CURVE ( 'NONE', #3428, #3446, #3230, .T. ) ;
#3556 = DIRECTION ( 'NONE',  ( 0.000000000000000000, 0.000000000000000000, 1.000000000000000000 ) ) ;
#3557 = VERTEX_POINT ( 'NONE', #2706 ) ;
#3558 = PRESENTATION_STYLE_ASSIGNMENT (( #1419 ) ) ;
#3559 = DIRECTION ( 'NONE',  ( 0.000000000000000000, -1.000000000000000000, 0.000000000000000000 ) ) ;
#3560 = LINE ( 'NONE', #5577, #2613 ) ;
#3561 = CYLINDRICAL_SURFACE ( 'NONE', #5178, 0.09100030497545502639 ) ;
#3562 = EDGE_CURVE ( 'NONE', #3761, #4019, #2668, .T. ) ;
#3563 = CARTESIAN_POINT ( 'NONE',  ( -0.2791389401421737748, 0.04330710999999998201, 0.004140423177806690225 ) ) ;
#3564 = CARTESIAN_POINT ( 'NONE',  ( -0.2871188229340413955, 0.04330710999999999589, 0.02889197969661697063 ) ) ;
#3565 = DIMENSIONAL_EXPONENTS ( 1.000000000000000000, 0.000000000000000000, 0.000000000000000000, 0.000000000000000000, 0.000000000000000000, 0.000000000000000000, 0.000000000000000000 ) ;
#3566 = ORIENTED_EDGE ( 'NONE', *, *, #6712, .F. ) ;
#3567 = EDGE_CURVE ( 'NONE', #576, #6386, #4232, .T. ) ;
#3568 =( NAMED_UNIT ( * ) PLANE_ANGLE_UNIT ( ) SI_UNIT ( $, .RADIAN. ) );
#3569 = CARTESIAN_POINT ( 'NONE',  ( -0.2861944118814569449, 0.04330711000000000283, 0.02886915393189916010 ) ) ;
#3570 = CARTESIAN_POINT ( 'NONE',  ( -0.2778941145115369493, 0.04330710999999999589, -0.002524444691135924353 ) ) ;
#3571 = VERTEX_POINT ( 'NONE', #4243 ) ;
#3572 = EDGE_CURVE ( 'NONE', #975, #6287, #6364, .T. ) ;
#3573 =( LENGTH_UNIT ( ) NAMED_UNIT ( * ) SI_UNIT ( $, .METRE. ) );
#3574 = ORIENTED_EDGE ( 'NONE', *, *, #4689, .T. ) ;
#3575 = CARTESIAN_POINT ( 'NONE',  ( 0.05000002700000000244, -0.1811024599999999929, -0.02224410649999999587 ) ) ;
#3576 = DIRECTION ( 'NONE',  ( 0.000000000000000000, -1.000000000000000000, -0.000000000000000000 ) ) ;
#3577 = LINE ( 'NONE', #3049, #4327 ) ;
#3578 = UNCERTAINTY_MEASURE_WITH_UNIT (LENGTH_MEASURE( 1.000000000000000082E-05 ), #2210, 'distance_accuracy_value', 'NONE');
#3579 = VERTEX_POINT ( 'NONE', #3162 ) ;
#3580 = LINE ( 'NONE', #4681, #5005 ) ;
#3581 = AXIS2_PLACEMENT_3D ( 'NONE', #2235, #2695, #1083 ) ;
#3582 = LINE ( 'NONE', #2552, #2792 ) ;
#3583 = MECHANICAL_DESIGN_GEOMETRIC_PRESENTATION_REPRESENTATION (  '', ( #1247 ), #1453 ) ;
#3584 = ORIENTED_EDGE ( 'NONE', *, *, #4176, .T. ) ;
#3585 = CARTESIAN_POINT ( 'NONE',  ( -0.2764494211997789441, 0.04527561499999999128, 0.006323737441640815346 ) ) ;
#3586 = CARTESIAN_POINT ( 'NONE',  ( 0.2698429115712766002, 0.04330710999999999589, -0.03093012030338303242 ) ) ;
#3587 = CARTESIAN_POINT ( 'NONE',  ( -0.2884374888753654664, 0.04527561499999999128, -0.02479071854524524804 ) ) ;
#3588 = DIRECTION ( 'NONE',  ( 0.000000000000000000, 0.000000000000000000, 1.000000000000000000 ) ) ;
#3589 = CARTESIAN_POINT ( 'NONE',  ( -0.1500000810000000073, -0.07223479225994784703, -5.409074136996869648E-05 ) ) ;
#3590 = AXIS2_PLACEMENT_3D ( 'NONE', #4295, #3926, #4810 ) ;
#3591 = SURFACE_SIDE_STYLE ('',( #3552 ) ) ;
#3592 = SURFACE_SIDE_STYLE ('',( #6263 ) ) ;
#3593 = MECHANICAL_DESIGN_GEOMETRIC_PRESENTATION_REPRESENTATION (  '', ( #3705 ), #5289 ) ;
#3594 = VECTOR ( 'NONE', #1835, 39.37007874015748143 ) ;
#3595 = CARTESIAN_POINT ( 'NONE',  ( 0.06181105699999998176, -0.04527561499999999822, 0.05590554199999997476 ) ) ;
#3596 = CARTESIAN_POINT ( 'NONE',  ( 0.05000002699999999550, -0.02952757499999999688, 5.409074136996869648E-05 ) ) ;
#3597 = ORIENTED_EDGE ( 'NONE', *, *, #5735, .F. ) ;
#3598 = CIRCLE ( 'NONE', #2019, 0.05708664500000000530 ) ;
#3599 = LENGTH_MEASURE_WITH_UNIT ( LENGTH_MEASURE( 0.02539999999999999897 ), #1904 );
#3600 = FACE_OUTER_BOUND ( 'NONE', #3960, .T. ) ;
#3601 = LINE ( 'NONE', #5883, #44 ) ;
#3602 =( CONVERSION_BASED_UNIT ( 'INCH', #6235 ) LENGTH_UNIT ( ) NAMED_UNIT ( #5202 ) );
#3603 = CYLINDRICAL_SURFACE ( 'NONE', #1493, 0.02913387400000000058 ) ;
#3604 = CARTESIAN_POINT ( 'NONE',  ( -0.2892667265150145606, 0.04330710999999999589, 0.02884694036136315268 ) ) ;
#3605 = VERTEX_POINT ( 'NONE', #1553 ) ;
#3606 = AXIS2_PLACEMENT_3D ( 'NONE', #3473, #6084, #1305 ) ;
#3607 = ADVANCED_FACE ( 'NONE', ( #3701 ), #1412, .F. ) ;
#3608 = CARTESIAN_POINT ( 'NONE',  ( -0.2818370746980515817, 0.04330710999999999589, 0.02841686635271038069 ) ) ;
#3609 = EDGE_CURVE ( 'NONE', #576, #1048, #4121, .T. ) ;
#3610 = FACE_OUTER_BOUND ( 'NONE', #5999, .T. ) ;
#3611 = ADVANCED_FACE ( 'NONE', ( #356 ), #876, .T. ) ;
#3612 = ADVANCED_FACE ( 'NONE', ( #147 ), #2284, .T. ) ;
#3613 = ORIENTED_EDGE ( 'NONE', *, *, #3088, .F. ) ;
#3614 = EDGE_CURVE ( 'NONE', #3085, #3446, #2976, .T. ) ;
#3615 = EDGE_LOOP ( 'NONE', ( #6556, #5284, #4611, #2545 ) ) ;
#3616 = CARTESIAN_POINT ( 'NONE',  ( -0.2794192301444856086, 0.04527561499999999822, -0.003094991063845150582 ) ) ;
#3617 = LINE ( 'NONE', #943, #3319 ) ;
#3618 = CARTESIAN_POINT ( 'NONE',  ( -0.2685202854340414946, 0.04330710999999999589, 0.01169552266536697319 ) ) ;
#3619 = VERTEX_POINT ( 'NONE', #5140 ) ;
#3620 = CARTESIAN_POINT ( 'NONE',  ( -0.2754140326676920991, 0.04527561499999999822, 0.01595796379878327773 ) ) ;
#3621 =( CONVERSION_BASED_UNIT ( 'INCH', #4648 ) LENGTH_UNIT ( ) NAMED_UNIT ( #1100 ) );
#3622 = VERTEX_POINT ( 'NONE', #5100 ) ;
#3623 = CARTESIAN_POINT ( 'NONE',  ( -0.2894076893402914297, 0.04527561499999999128, 0.0007065671966169690841 ) ) ;
#3624 = CARTESIAN_POINT ( 'NONE',  ( 0.03818899699999998842, -0.07223479225994784703, -0.06889767499999997769 ) ) ;
#3625 = CARTESIAN_POINT ( 'NONE',  ( -0.3068677854340414735, 0.04330710999999999589, 0.008951279696616970191 ) ) ;
#3626 = DIRECTION ( 'NONE',  ( -0.000000000000000000, 1.000000000000000000, -0.000000000000000000 ) ) ;
#3627 =( NAMED_UNIT ( * ) PLANE_ANGLE_UNIT ( ) SI_UNIT ( $, .RADIAN. ) );
#3628 = CARTESIAN_POINT ( 'NONE',  ( -0.2896199933193643328, 0.04527561499999997741, -0.005880882097440183129 ) ) ;
#3629 = CIRCLE ( 'NONE', #6863, 0.02263780749999999911 ) ;
#3630 = AXIS2_PLACEMENT_3D ( 'NONE', #1254, #4391, #3380 ) ;
#3631 = CARTESIAN_POINT ( 'NONE',  ( 0.1618111109999999797, -0.04527561499999999822, 0.06889767499999997769 ) ) ;
#3632 = ORIENTED_EDGE ( 'NONE', *, *, #6097, .F. ) ;
#3633 = FILL_AREA_STYLE ('',( #374 ) ) ;
#3634 = SURFACE_STYLE_FILL_AREA ( #375 ) ;
#3635 = CARTESIAN_POINT ( 'NONE',  ( -0.1500000810000000073, -0.1200788050000000107, 0.02913387400000002139 ) ) ;
#3636 = STYLED_ITEM ( 'NONE', ( #4488 ), #1117 ) ;
#3637 = CARTESIAN_POINT ( 'NONE',  ( -0.2877954310000000460, 0.04527561499999999822, 1.762238766916914599E-17 ) ) ;
#3638 = DIRECTION ( 'NONE',  ( 0.000000000000000000, -1.000000000000000000, 0.000000000000000000 ) ) ;
#3639 = CARTESIAN_POINT ( 'NONE',  ( -0.2879936252777913763, 0.04330710999999999589, -0.02479452030338303442 ) ) ;
#3640 = VECTOR ( 'NONE', #967, 39.37007874015748143 ) ;
#3641 = EDGE_LOOP ( 'NONE', ( #4217, #4168, #4126, #6145, #1134, #100, #6697, #3489 ) ) ;
#3642 = AXIS2_PLACEMENT_3D ( 'NONE', #1612, #3765, #2243 ) ;
#3643 = CARTESIAN_POINT ( 'NONE',  ( -0.2708463755346470769, 0.04527561499999999822, 0.02066183863074979796 ) ) ;
#3644 = ORIENTED_EDGE ( 'NONE', *, *, #3500, .T. ) ;
#3645 = ADVANCED_FACE ( 'NONE', ( #5629, #806 ), #2937, .T. ) ;
#3646 = EDGE_CURVE ( 'NONE', #2488, #1986, #1916, .T. ) ;
#3647 = UNCERTAINTY_MEASURE_WITH_UNIT (LENGTH_MEASURE( 1.000000000000000082E-05 ), #4423, 'distance_accuracy_value', 'NONE');
#3648 = DIRECTION ( 'NONE',  ( 0.000000000000000000, 0.000000000000000000, -1.000000000000000000 ) ) ;
#3649 = CIRCLE ( 'NONE', #628, 0.02913387400000000058 ) ;
#3650 = CARTESIAN_POINT ( 'NONE',  ( 0.05000002700000000244, -0.1200788050000000107, 0.000000000000000000 ) ) ;
#3651 = EDGE_CURVE ( 'NONE', #1068, #2459, #3113, .T. ) ;
#3652 = CARTESIAN_POINT ( 'NONE',  ( -0.2822168947367841296, 0.04527561500000001210, -0.02371436523205234029 ) ) ;
#3653 = AXIS2_PLACEMENT_3D ( 'NONE', #6917, #1737, #1704 ) ;
#3654 = FACE_OUTER_BOUND ( 'NONE', #5063, .T. ) ;
#3655 = ORIENTED_EDGE ( 'NONE', *, *, #1072, .F. ) ;
#3656 = AXIS2_PLACEMENT_3D ( 'NONE', #3531, #5723, #6203 ) ;
#3657 = CYLINDRICAL_SURFACE ( 'NONE', #1340, 0.05708664500000004000 ) ;
#3658 = VECTOR ( 'NONE', #783, 39.37007874015748143 ) ;
#3659 = ORIENTED_EDGE ( 'NONE', *, *, #1072, .T. ) ;
#3660 = CARTESIAN_POINT ( 'NONE',  ( -0.2782210072489466612, 0.04330711000000000976, 0.004713426419810170728 ) ) ;
#3661 = ADVANCED_FACE ( 'NONE', ( #2092 ), #3720, .T. ) ;
#3662 = CARTESIAN_POINT ( 'NONE',  ( -0.3053188971214438330, 0.04527561499999999822, -0.01487454249242860932 ) ) ;
#3663 = CARTESIAN_POINT ( 'NONE',  ( -0.2928023170955245669, 0.04330710999999998895, -0.02415546852002453670 ) ) ;
#3664 = FACE_OUTER_BOUND ( 'NONE', #3075, .T. ) ;
#3665 = AXIS2_PLACEMENT_3D ( 'NONE', #6021, #2809, #4964 ) ;
#3666 = CARTESIAN_POINT ( 'NONE',  ( -0.3017997726680342052, 0.04527561499999999822, -0.02602316929325578301 ) ) ;
#3667 = EDGE_CURVE ( 'NONE', #5901, #1914, #2025, .T. ) ;
#3668 = EDGE_CURVE ( 'NONE', #3329, #700, #3900, .T. ) ;
#3669 = DIRECTION ( 'NONE',  ( -1.000000000000000000, 0.000000000000000000, -0.000000000000000000 ) ) ;
#3670 = PLANE ( 'NONE',  #5180 ) ;
#3671 = ORIENTED_EDGE ( 'NONE', *, *, #4354, .F. ) ;
#3672 = DIRECTION ( 'NONE',  ( 1.000000000000000000, 0.000000000000000000, 0.000000000000000000 ) ) ;
#3673 = CARTESIAN_POINT ( 'NONE',  ( 0.000000000000000000, -0.06594491749999999153, 0.02754781910342994980 ) ) ;
#3674 = DIRECTION ( 'NONE',  ( 0.000000000000000000, -1.000000000000000000, 0.000000000000000000 ) ) ;
#3675 = FACE_OUTER_BOUND ( 'NONE', #1772, .T. ) ;
#3676 = FACE_OUTER_BOUND ( 'NONE', #3540, .T. ) ;
#3677 = ORIENTED_EDGE ( 'NONE', *, *, #6073, .T. ) ;
#3678 = CARTESIAN_POINT ( 'NONE',  ( -0.2698017630852226900, 0.04330710999999998895, 0.01860037995639516120 ) ) ;
#3679 = ORIENTED_EDGE ( 'NONE', *, *, #4271, .F. ) ;
#3680 = CARTESIAN_POINT ( 'NONE',  ( -0.2968698789541462935, 0.04527561499999999822, 0.02682747228110679560 ) ) ;
#3681 = VERTEX_POINT ( 'NONE', #3081 ) ;
#3682 = CARTESIAN_POINT ( 'NONE',  ( -0.05000002700000000244, -0.1811024599999999929, -0.02224410649999999587 ) ) ;
#3683 = CARTESIAN_POINT ( 'NONE',  ( 0.1500000810000000073, -0.1200788050000000107, 0.02263780749999999911 ) ) ;
#3684 = CARTESIAN_POINT ( 'NONE',  ( -0.2812810786067168611, 0.04527561499999999822, -0.02322217958173399335 ) ) ;
#3685 = ORIENTED_EDGE ( 'NONE', *, *, #5841, .T. ) ;
#3686 = ADVANCED_FACE ( 'NONE', ( #6352 ), #2653, .F. ) ;
#3687 = CARTESIAN_POINT ( 'NONE',  ( -0.2746558854340414579, 0.04527561499999999822, 0.01187527657161697135 ) ) ;
#3688 = SURFACE_STYLE_USAGE ( .BOTH. , #948 ) ;
#3689 = VERTEX_POINT ( 'NONE', #4743 ) ;
#3690 = CARTESIAN_POINT ( 'NONE',  ( -0.3053338854340414410, 0.04330710999999999589, -0.01551921874088303156 ) ) ;
#3691 = DIRECTION ( 'NONE',  ( -1.000000000000000000, 0.000000000000000000, 0.000000000000000000 ) ) ;
#3692 = CARTESIAN_POINT ( 'NONE',  ( -0.1500000810000000073, -0.02952757499999999688, 0.000000000000000000 ) ) ;
#3693 =( NAMED_UNIT ( * ) SI_UNIT ( $, .STERADIAN. ) SOLID_ANGLE_UNIT ( ) );
#3694 = DIRECTION ( 'NONE',  ( 0.000000000000000000, -0.000000000000000000, -1.000000000000000000 ) ) ;
#3695 = EDGE_CURVE ( 'NONE', #6331, #6278, #4678, .T. ) ;
#3696 = AXIS2_PLACEMENT_3D ( 'NONE', #4241, #6362, #992 ) ;
#3697 = CARTESIAN_POINT ( 'NONE',  ( -0.2970863835088824456, 0.04527561499999999822, -0.009201589745866319697 ) ) ;
#3698 = LINE ( 'NONE', #922, #6488 ) ;
#3699 = VERTEX_POINT ( 'NONE', #4257 ) ;
#3700 =( GEOMETRIC_REPRESENTATION_CONTEXT ( 3 ) GLOBAL_UNCERTAINTY_ASSIGNED_CONTEXT ( ( #2022 ) ) GLOBAL_UNIT_ASSIGNED_CONTEXT ( ( #404, #4623, #6262 ) ) REPRESENTATION_CONTEXT ( 'NONE', 'WORKASPACE' ) );
#3701 = FACE_OUTER_BOUND ( 'NONE', #276, .T. ) ;
#3702 = AXIS2_PLACEMENT_3D ( 'NONE', #6521, #4849, #5973 ) ;
#3703 = CARTESIAN_POINT ( 'NONE',  ( -0.2861944118814569449, 0.04527561500000000516, 0.02886915393189916010 ) ) ;
#3704 = CARTESIAN_POINT ( 'NONE',  ( -0.2700541854340414716, 0.04330710999999999589, -0.01405722030338302925 ) ) ;
#3705 = STYLED_ITEM ( 'NONE', ( #5984 ), #4389 ) ;
#3706 = CARTESIAN_POINT ( 'NONE',  ( -0.2910354835796720163, 0.04527561499999997741, 0.0002472847754685713142 ) ) ;
#3707 = DIRECTION ( 'NONE',  ( -0.000000000000000000, -1.000000000000000000, -0.000000000000000000 ) ) ;
#3708 = CARTESIAN_POINT ( 'NONE',  ( 0.2877954310000000460, -0.1003937550000000151, -0.05118112999999999135 ) ) ;
#3709 = DIMENSIONAL_EXPONENTS ( 1.000000000000000000, 0.000000000000000000, 0.000000000000000000, 0.000000000000000000, 0.000000000000000000, 0.000000000000000000, 0.000000000000000000 ) ;
#3710 = ORIENTED_EDGE ( 'NONE', *, *, #4554, .T. ) ;
#3711 = PRESENTATION_LAYER_ASSIGNMENT (  '', '', ( #573 ) ) ;
#3712 = CARTESIAN_POINT ( 'NONE',  ( -0.2721247543640256117, 0.04527561499999999822, 0.02255977364869210175 ) ) ;
#3713 = ORIENTED_EDGE ( 'NONE', *, *, #5136, .F. ) ;
#3714 = DIRECTION ( 'NONE',  ( 3.589081115641316436E-15, 0.000000000000000000, 1.000000000000000000 ) ) ;
#3715 = AXIS2_PLACEMENT_3D ( 'NONE', #6029, #1214, #5374 ) ;
#3716 = ORIENTED_EDGE ( 'NONE', *, *, #1688, .F. ) ;
#3717 = UNCERTAINTY_MEASURE_WITH_UNIT (LENGTH_MEASURE( 1.000000000000000082E-05 ), #1840, 'distance_accuracy_value', 'NONE');
#3718 = CARTESIAN_POINT ( 'NONE',  ( -0.2768083057277389569, 0.04330710999999999589, -0.02843498807922953744 ) ) ;
#3719 = CARTESIAN_POINT ( 'NONE',  ( -0.3000093770040704877, 0.04527561499999999822, 0.01252137568120612228 ) ) ;
#3720 = PLANE ( 'NONE',  #4008 ) ;
#3721 = ORIENTED_EDGE ( 'NONE', *, *, #2717, .F. ) ;
#3722 = DIRECTION ( 'NONE',  ( -0.000000000000000000, 1.000000000000000000, -0.000000000000000000 ) ) ;
#3723 = ORIENTED_EDGE ( 'NONE', *, *, #5636, .T. ) ;
#3724 = LINE ( 'NONE', #2168, #5241 ) ;
#3725 = CARTESIAN_POINT ( 'NONE',  ( -0.1500000810000000073, 0.04527561499999999822, 0.000000000000000000 ) ) ;
#3726 = FACE_OUTER_BOUND ( 'NONE', #3912, .T. ) ;
#3727 = CARTESIAN_POINT ( 'NONE',  ( -0.2981879954129469379, 0.04527561499999999128, -0.02917250811758003923 ) ) ;
#3728 = ORIENTED_EDGE ( 'NONE', *, *, #872, .T. ) ;
#3729 = MECHANICAL_DESIGN_GEOMETRIC_PRESENTATION_REPRESENTATION (  '', ( #1259 ), #2946 ) ;
#3730 = EDGE_CURVE ( 'NONE', #3571, #6832, #638, .T. ) ;
#3731 = CARTESIAN_POINT ( 'NONE',  ( 0.2877954310000000460, -0.04527561499999999822, 0.09055122999999995481 ) ) ;
#3732 = EDGE_CURVE ( 'NONE', #5740, #3229, #3617, .T. ) ;
#3733 = CARTESIAN_POINT ( 'NONE',  ( -0.3007321854340414546, 0.04527561499999999822, 0.008184329696616971309 ) ) ;
#3734 = ORIENTED_EDGE ( 'NONE', *, *, #1301, .T. ) ;
#3735 = DIRECTION ( 'NONE',  ( -0.000000000000000000, 1.000000000000000000, -0.000000000000000000 ) ) ;
#3736 = EDGE_CURVE ( 'NONE', #335, #6423, #5281, .T. ) ;
#3737 = CARTESIAN_POINT ( 'NONE',  ( 0.2759785115712766190, 0.04330710999999999589, -0.01888660858463303213 ) ) ;
#3738 = CARTESIAN_POINT ( 'NONE',  ( 0.1618111109999999797, -0.04527561499999999822, 0.05595963274136995375 ) ) ;
#3739 = EDGE_CURVE ( 'NONE', #2851, #2338, #2098, .T. ) ;
#3740 = CARTESIAN_POINT ( 'NONE',  ( -0.3028745195518279254, 0.04527561499999999128, -0.006898720731472775258 ) ) ;
#3741 = CARTESIAN_POINT ( 'NONE',  ( 0.2877954310000000460, -0.1003937550000000151, 1.762238766916914599E-17 ) ) ;
#3742 = CARTESIAN_POINT ( 'NONE',  ( -0.03818899699999998842, -0.07223479225994784703, 0.06889767499999997769 ) ) ;
#3743 = ORIENTED_EDGE ( 'NONE', *, *, #1248, .T. ) ;
#3744 = CARTESIAN_POINT ( 'NONE',  ( -0.2006744615699999623, -0.06594491749999999153, -0.02628673032544817656 ) ) ;
#3745 = ADVANCED_FACE ( 'NONE', ( #6380 ), #1010, .F. ) ;
#3746 = AXIS2_PLACEMENT_3D ( 'NONE', #2646, #5929, #5894 ) ;
#3747 = CARTESIAN_POINT ( 'NONE',  ( 0.05000002700000000244, -0.1023622599999999966, 0.000000000000000000 ) ) ;
#3748 = VECTOR ( 'NONE', #4862, 39.37007874015748143 ) ;
#3749 = ORIENTED_EDGE ( 'NONE', *, *, #4074, .T. ) ;
#3750 = CARTESIAN_POINT ( 'NONE',  ( -0.3000028436301397372, 0.04527561499999999128, 0.02480581877568112034 ) ) ;
#3751 = EDGE_CURVE ( 'NONE', #1333, #4636, #909, .T. ) ;
#3752 = VERTEX_POINT ( 'NONE', #6896 ) ;
#3753 = AXIS2_PLACEMENT_3D ( 'NONE', #3541, #1951, #5253 ) ;
#3754 = CARTESIAN_POINT ( 'NONE',  ( -0.2751105869428239759, 0.04330711000000000976, -0.02699925336046018684 ) ) ;
#3755 = CARTESIAN_POINT ( 'NONE',  ( -0.3004734174735941288, 0.04330710999999998895, 0.01044682515558846732 ) ) ;
#3756 = MECHANICAL_DESIGN_GEOMETRIC_PRESENTATION_REPRESENTATION (  '', ( #722 ), #4752 ) ;
#3757 = VERTEX_POINT ( 'NONE', #4330 ) ;
#3758 = EDGE_CURVE ( 'NONE', #5209, #6374, #6447, .T. ) ;
#3759 = AXIS2_PLACEMENT_3D ( 'NONE', #3945, #5029, #4434 ) ;
#3760 = DIRECTION ( 'NONE',  ( 1.098636882156999383E-14, 1.000000000000000000, -1.715436245665362468E-13 ) ) ;
#3761 = VERTEX_POINT ( 'NONE', #5455 ) ;
#3762 =( GEOMETRIC_REPRESENTATION_CONTEXT ( 3 ) GLOBAL_UNCERTAINTY_ASSIGNED_CONTEXT ( ( #1887 ) ) GLOBAL_UNIT_ASSIGNED_CONTEXT ( ( #2535, #5711, #894 ) ) REPRESENTATION_CONTEXT ( 'NONE', 'WORKASPACE' ) );
#3763 = DIRECTION ( 'NONE',  ( -0.000000000000000000, 1.000000000000000000, -0.000000000000000000 ) ) ;
#3764 = FACE_OUTER_BOUND ( 'NONE', #2313, .T. ) ;
#3765 = DIRECTION ( 'NONE',  ( -0.000000000000000000, -1.000000000000000000, -0.000000000000000000 ) ) ;
#3766 = CARTESIAN_POINT ( 'NONE',  ( 0.05000002700000000244, -0.1811024599999999929, 0.02618111650000000054 ) ) ;
#3767 = ORIENTED_EDGE ( 'NONE', *, *, #5440, .T. ) ;
#3768 = AXIS2_PLACEMENT_3D ( 'NONE', #1655, #1171, #4761 ) ;
#3769 = PLANE ( 'NONE',  #1120 ) ;
#3770 = EDGE_CURVE ( 'NONE', #204, #357, #3538, .T. ) ;
#3771 = AXIS2_PLACEMENT_3D ( 'NONE', #5622, #1748, #168 ) ;
#3772 = EDGE_LOOP ( 'NONE', ( #1105, #521 ) ) ;
#3773 = DIRECTION ( 'NONE',  ( 0.000000000000000000, 1.000000000000000000, 0.000000000000000000 ) ) ;
#3774 = PRESENTATION_LAYER_ASSIGNMENT (  '', '', ( #2306 ) ) ;
#3775 = SURFACE_STYLE_USAGE ( .BOTH. , #615 ) ;
#3776 = CARTESIAN_POINT ( 'NONE',  ( -0.05000002700000000244, -0.1771654499999999743, 0.000000000000000000 ) ) ;
#3777 = CARTESIAN_POINT ( 'NONE',  ( -0.3053338854340414410, 0.04527561499999999822, -0.01551921874088303156 ) ) ;
#3778 =( NAMED_UNIT ( * ) PLANE_ANGLE_UNIT ( ) SI_UNIT ( $, .RADIAN. ) );
#3779 = CARTESIAN_POINT ( 'NONE',  ( -0.1500000810000000073, -0.02952757499999999688, 0.05708664500000000530 ) ) ;
#3780 = EDGE_LOOP ( 'NONE', ( #760, #739 ) ) ;
#3781 = EDGE_CURVE ( 'NONE', #335, #5665, #2425, .T. ) ;
#3782 = CARTESIAN_POINT ( 'NONE',  ( -0.2972689268402914364, 0.04527561499999999822, -0.009383618740883028359 ) ) ;
#3783 = DIRECTION ( 'NONE',  ( 0.000000000000000000, 0.000000000000000000, -1.000000000000000000 ) ) ;
#3784 = CARTESIAN_POINT ( 'NONE',  ( -0.2831540687354286989, 0.04527561499999995659, -0.03122779463336004813 ) ) ;
#3785 = ORIENTED_EDGE ( 'NONE', *, *, #171, .F. ) ;
#3786 = CARTESIAN_POINT ( 'NONE',  ( 0.1500000810000000073, -0.1200788050000000107, 0.02263780749999999911 ) ) ;
#3787 = FILL_AREA_STYLE_COLOUR ( '', #3975 ) ;
#3788 = ORIENTED_EDGE ( 'NONE', *, *, #6242, .F. ) ;
#3789 = AXIS2_PLACEMENT_3D ( 'NONE', #1731, #6026, #5438 ) ;
#3790 = CARTESIAN_POINT ( 'NONE',  ( -0.2714001019317104912, 0.04330711000000000976, -0.02135638846448164457 ) ) ;
#3791 = FACE_BOUND ( 'NONE', #5849, .T. ) ;
#3792 = DIRECTION ( 'NONE',  ( 0.000000000000000000, 0.000000000000000000, 1.000000000000000000 ) ) ;
#3793 = SURFACE_SIDE_STYLE ('',( #5416 ) ) ;
#3794 = EDGE_CURVE ( 'NONE', #6892, #589, #6480, .T. ) ;
#3795 = ORIENTED_EDGE ( 'NONE', *, *, #1213, .F. ) ;
#3796 = CARTESIAN_POINT ( 'NONE',  ( 0.1618111110000000352, -0.07223479225994784703, -0.05590554199999997476 ) ) ;
#3797 = DIRECTION ( 'NONE',  ( 0.000000000000000000, -1.000000000000000000, 0.000000000000000000 ) ) ;
#3798 = ORIENTED_EDGE ( 'NONE', *, *, #6426, .F. ) ;
#3799 = CARTESIAN_POINT ( 'NONE',  ( -0.2955805427851438405, 0.04330710999999999589, -0.02280372807039395683 ) ) ;
#3800 = CLOSED_SHELL ( 'NONE', ( #606, #819, #4273, #5775, #239, #3146 ) ) ;
#3801 = DIMENSIONAL_EXPONENTS ( 1.000000000000000000, 0.000000000000000000, 0.000000000000000000, 0.000000000000000000, 0.000000000000000000, 0.000000000000000000, 0.000000000000000000 ) ;
#3802 = CARTESIAN_POINT ( 'NONE',  ( -0.2955805427851438405, 0.04527561499999999822, -0.02280372807039395683 ) ) ;
#3803 = CARTESIAN_POINT ( 'NONE',  ( 0.05000002700000000244, -0.1811024599999999929, 0.000000000000000000 ) ) ;
#3804 = VERTEX_POINT ( 'NONE', #2305 ) ;
#3805 = CARTESIAN_POINT ( 'NONE',  ( -0.06181105699999998176, -0.07223479225994784703, -0.06889767499999997769 ) ) ;
#3806 =( LENGTH_UNIT ( ) NAMED_UNIT ( * ) SI_UNIT ( $, .METRE. ) );
#3807 = ORIENTED_EDGE ( 'NONE', *, *, #4900, .T. ) ;
#3808 = CARTESIAN_POINT ( 'NONE',  ( 0.1500000810000000073, -0.1200788050000000107, -0.02263780749999999911 ) ) ;
#3809 = DIRECTION ( 'NONE',  ( 0.000000000000000000, 1.000000000000000000, 0.000000000000000000 ) ) ;
#3810 = CARTESIAN_POINT ( 'NONE',  ( -0.3027403013186097391, 0.04527561499999999128, -0.02476117142142575736 ) ) ;
#3811 = CARTESIAN_POINT ( 'NONE',  ( -0.2817077147201570986, 0.04330711000000000283, -0.003844995780401616516 ) ) ;
#3812 = CARTESIAN_POINT ( 'NONE',  ( -0.05000002700000000244, -0.1200788050000000107, 0.02913387400000000058 ) ) ;
#3813 =( GEOMETRIC_REPRESENTATION_CONTEXT ( 3 ) GLOBAL_UNCERTAINTY_ASSIGNED_CONTEXT ( ( #6250 ) ) GLOBAL_UNIT_ASSIGNED_CONTEXT ( ( #5981, #2807, #542 ) ) REPRESENTATION_CONTEXT ( 'NONE', 'WORKASPACE' ) );
#3814 = CARTESIAN_POINT ( 'NONE',  ( 0.1381890510000000072, -0.07223479225994784703, -0.05590554199999997476 ) ) ;
#3815 = AXIS2_PLACEMENT_3D ( 'NONE', #2551, #2062, #6319 ) ;
#3816 = ORIENTED_EDGE ( 'NONE', *, *, #2948, .F. ) ;
#3817 = VECTOR ( 'NONE', #619, 39.37007874015748143 ) ;
#3818 = VECTOR ( 'NONE', #5319, 39.37007874015748143 ) ;
#3819 = MECHANICAL_DESIGN_GEOMETRIC_PRESENTATION_REPRESENTATION (  '', ( #3465 ), #3837 ) ;
#3820 = CARTESIAN_POINT ( 'NONE',  ( -0.2755165691926769189, 0.04330710999999999589, -0.001387992987683239667 ) ) ;
#3821 = CARTESIAN_POINT ( 'NONE',  ( -0.2881973463715414296, 0.04330710999999999589, -0.03169707030338302783 ) ) ;
#3822 = ORIENTED_EDGE ( 'NONE', *, *, #5384, .F. ) ;
#3823 = DIRECTION ( 'NONE',  ( -0.000000000000000000, -1.000000000000000000, -0.000000000000000000 ) ) ;
#3824 = CARTESIAN_POINT ( 'NONE',  ( -0.3068677854340414735, 0.04527561499999999822, 0.008951279696616970191 ) ) ;
#3825 = B_SPLINE_SURFACE_WITH_KNOTS ( 'NONE', 3, 1, ( 
 ( #6902, #2528 ),
 ( #3054, #6322 ),
 ( #4127, #4094 ),
 ( #1438, #493 ),
 ( #3017, #5840 ),
 ( #5291, #6800 ),
 ( #5741, #3585 ),
 ( #1017, #462 ),
 ( #3660, #1409 ),
 ( #1995, #1544 ),
 ( #950, #6290 ),
 ( #5259, #2590 ),
 ( #2032, #4749 ),
 ( #3154, #3547 ),
 ( #5808, #6869 ),
 ( #5222, #915 ),
 ( #2064, #400 ),
 ( #1507, #4161 ),
 ( #1476, #3623 ) ),
 .UNSPECIFIED., .F., .F., .F.,
 ( 4, 1, 1, 1, 1, 1, 1, 1, 1, 1, 1, 1, 1, 1, 1, 1, 4 ),
 ( 2, 2 ),
 ( 0.000000000000000000, 0.06282749138135949873, 0.1223726895779749246, 0.1803837658619593942, 0.2364891989894687407, 0.2926289502320338354, 0.3503980605968394224, 0.4101926792197943539, 0.4734229773823770970, 0.5102124852509649644, 0.5552799601987786771, 0.6084730122619779191, 0.6698570376582475561, 0.7400379641843825018, 0.8179174674906496412, 0.9048122599055262727, 0.9999999999999998890 ),
 ( 0.000000000000000000, 1.000000000000000000 ),
 .UNSPECIFIED. ) ;
#3826 = VERTEX_POINT ( 'NONE', #1222 ) ;
#3827 = CIRCLE ( 'NONE', #4608, 0.05708664499999999142 ) ;
#3828 =( GEOMETRIC_REPRESENTATION_CONTEXT ( 3 ) GLOBAL_UNCERTAINTY_ASSIGNED_CONTEXT ( ( #5349 ) ) GLOBAL_UNIT_ASSIGNED_CONTEXT ( ( #3602, #6742, #1935 ) ) REPRESENTATION_CONTEXT ( 'NONE', 'WORKASPACE' ) );
#3829 = EDGE_CURVE ( 'NONE', #3757, #6764, #5574, .T. ) ;
#3830 = CARTESIAN_POINT ( 'NONE',  ( -0.3007321854340414546, 0.04527561499999999822, 0.008184329696616971309 ) ) ;
#3831 = EDGE_CURVE ( 'NONE', #1362, #6654, #2761, .T. ) ;
#3832 = ADVANCED_FACE ( 'NONE', ( #1151 ), #4917, .T. ) ;
#3833 = DIRECTION ( 'NONE',  ( -0.000000000000000000, 1.000000000000000000, -0.000000000000000000 ) ) ;
#3834 = EDGE_CURVE ( 'NONE', #1200, #1679, #5473, .T. ) ;
#3835 = ORIENTED_EDGE ( 'NONE', *, *, #2073, .T. ) ;
#3836 = DIRECTION ( 'NONE',  ( 0.000000000000000000, 0.000000000000000000, -1.000000000000000000 ) ) ;
#3837 =( GEOMETRIC_REPRESENTATION_CONTEXT ( 3 ) GLOBAL_UNCERTAINTY_ASSIGNED_CONTEXT ( ( #5696 ) ) GLOBAL_UNIT_ASSIGNED_CONTEXT ( ( #2703, #1652, #676 ) ) REPRESENTATION_CONTEXT ( 'NONE', 'WORKASPACE' ) );
#3838 = DIRECTION ( 'NONE',  ( 0.000000000000000000, 1.000000000000000000, 0.000000000000000000 ) ) ;
#3839 = ORIENTED_EDGE ( 'NONE', *, *, #5385, .F. ) ;
#3840 = LINE ( 'NONE', #6487, #6441 ) ;
#3841 = CARTESIAN_POINT ( 'NONE',  ( -0.1618111110000000352, -0.07223479225994784703, -0.05590554199999997476 ) ) ;
#3842 = DIRECTION ( 'NONE',  ( 0.000000000000000000, 1.000000000000000000, 0.000000000000000000 ) ) ;
#3843 = EDGE_LOOP ( 'NONE', ( #1739, #6007, #2656, #2426 ) ) ;
#3844 = CARTESIAN_POINT ( 'NONE',  ( -0.1500000810000000073, -0.1771654499999999743, 0.000000000000000000 ) ) ;
#3845 = EDGE_LOOP ( 'NONE', ( #1261, #2727, #874, #6337 ) ) ;
#3846 = CARTESIAN_POINT ( 'NONE',  ( 0.1500000810000000073, -0.1771654499999999743, -0.01968505000000000602 ) ) ;
#3847 = CARTESIAN_POINT ( 'NONE',  ( -0.2794654835285821926, 0.04527561499999999822, 0.02778637543542661001 ) ) ;
#3848 = PLANE ( 'NONE',  #2056 ) ;
#3849 = CARTESIAN_POINT ( 'NONE',  ( -0.2690549332144062666, 0.04330710999999999589, 0.01639423124726207409 ) ) ;
#3850 = MANIFOLD_SOLID_BREP ( 'Scale1[5]', #203 ) ;
#3851 = CARTESIAN_POINT ( 'NONE',  ( -0.2865915448090414208, 0.04330710999999999589, 0.02198942969661697375 ) ) ;
#3852 = EDGE_CURVE ( 'NONE', #4019, #3499, #3285, .T. ) ;
#3853 = DIRECTION ( 'NONE',  ( -1.000000000000000000, 0.000000000000000000, -0.000000000000000000 ) ) ;
#3854 = CARTESIAN_POINT ( 'NONE',  ( -0.2006744615699999623, -0.02952757499999999688, -0.02628673032544818003 ) ) ;
#3855 = CARTESIAN_POINT ( 'NONE',  ( -0.2881973463715414296, 0.04527561499999996353, -0.03169707030338302783 ) ) ;
#3856 = ORIENTED_EDGE ( 'NONE', *, *, #3736, .F. ) ;
#3857 = CARTESIAN_POINT ( 'NONE',  ( -0.2752862885010043947, 0.04330710999999998201, 0.008306392113689593446 ) ) ;
#3858 = CARTESIAN_POINT ( 'NONE',  ( -0.2763225666697157745, 0.04527561499999999128, -0.01468344526999535923 ) ) ;
#3859 = VERTEX_POINT ( 'NONE', #3323 ) ;
#3860 = APPLICATION_CONTEXT ( 'automotive_design' ) ;
#3861 = CIRCLE ( 'NONE', #2276, 0.07086617999999995920 ) ;
#3862 = AXIS2_PLACEMENT_3D ( 'NONE', #1808, #6035, #587 ) ;
#3863 = DIRECTION ( 'NONE',  ( -0.000000000000000000, 0.000000000000000000, -1.000000000000000000 ) ) ;
#3864 = PLANE ( 'NONE',  #3771 ) ;
#3865 = VECTOR ( 'NONE', #5886, 39.37007874015748143 ) ;
#3866 = ORIENTED_EDGE ( 'NONE', *, *, #3443, .T. ) ;
#3867 = EDGE_CURVE ( 'NONE', #1425, #1228, #2857, .T. ) ;
#3868 = VECTOR ( 'NONE', #4208, 39.37007874015748143 ) ;
#3869 = CARTESIAN_POINT ( 'NONE',  ( 0.2759785115712766190, 0.04527561499999999822, -0.01888660858463303213 ) ) ;
#3870 = EDGE_CURVE ( 'NONE', #4636, #3622, #1751, .T. ) ;
#3871 = LENGTH_MEASURE_WITH_UNIT ( LENGTH_MEASURE( 0.02539999999999999897 ), #3972 );
#3872 = VERTEX_POINT ( 'NONE', #2791 ) ;
#3873 = CARTESIAN_POINT ( 'NONE',  ( -0.2879936252777913763, 0.04330710999999999589, -0.02479452030338303442 ) ) ;
#3874 = MANIFOLD_SOLID_BREP ( 'Fillet4', #6580 ) ;
#3875 = AXIS2_PLACEMENT_3D ( 'NONE', #843, #4502, #180 ) ;
#3876 = EDGE_CURVE ( 'NONE', #1101, #6129, #5620, .T. ) ;
#3877 = VERTEX_POINT ( 'NONE', #4950 ) ;
#3878 = DIRECTION ( 'NONE',  ( -0.000000000000000000, 1.000000000000000000, -0.000000000000000000 ) ) ;
#3879 = DIRECTION ( 'NONE',  ( 0.000000000000000000, 0.000000000000000000, -1.000000000000000000 ) ) ;
#3880 = ORIENTED_EDGE ( 'NONE', *, *, #5207, .F. ) ;
#3881 = ORIENTED_EDGE ( 'NONE', *, *, #4894, .T. ) ;
#3882 = DIRECTION ( 'NONE',  ( 0.000000000000000000, -1.000000000000000000, 0.000000000000000000 ) ) ;
#3883 = ORIENTED_EDGE ( 'NONE', *, *, #6241, .T. ) ;
#3884 = CIRCLE ( 'NONE', #2626, 0.05511814000000000296 ) ;
#3885 = SURFACE_STYLE_USAGE ( .BOTH. , #5692 ) ;
#3886 = CARTESIAN_POINT ( 'NONE',  ( -0.3005944105938882505, 0.04527561499999999822, -0.004285791742845233843 ) ) ;
#3887 = LINE ( 'NONE', #85, #6207 ) ;
#3888 = FILL_AREA_STYLE_COLOUR ( '', #868 ) ;
#3889 = AXIS2_PLACEMENT_3D ( 'NONE', #2959, #4069, #6604 ) ;
#3890 = DIRECTION ( 'NONE',  ( -0.000000000000000000, 1.000000000000000000, -0.000000000000000000 ) ) ;
#3891 = CARTESIAN_POINT ( 'NONE',  ( -0.2815735424467962766, 0.04330710999999998895, 0.02129958936025705060 ) ) ;
#3892 = CIRCLE ( 'NONE', #737, 0.03937010000000000509 ) ;
#3893 = AXIS2_PLACEMENT_3D ( 'NONE', #3324, #3386, #6548 ) ;
#3894 = DIRECTION ( 'NONE',  ( -1.000000000000000000, 0.000000000000000000, -0.000000000000000000 ) ) ;
#3895 = ORIENTED_EDGE ( 'NONE', *, *, #2240, .T. ) ;
#3896 = CARTESIAN_POINT ( 'NONE',  ( -0.2991982854340414777, 0.04330710999999999589, -0.01537541561588303025 ) ) ;
#3897 = DIRECTION ( 'NONE',  ( -1.000000000000000000, 0.000000000000000000, 0.000000000000000000 ) ) ;
#3898 = ORIENTED_EDGE ( 'NONE', *, *, #5255, .T. ) ;
#3899 = FACE_OUTER_BOUND ( 'NONE', #3037, .T. ) ;
#3900 = CIRCLE ( 'NONE', #1860, 0.01968505000000000602 ) ;
#3901 = ORIENTED_EDGE ( 'NONE', *, *, #171, .T. ) ;
#3902 = CARTESIAN_POINT ( 'NONE',  ( -0.1381890510000000072, -0.07223479225994784703, -0.05590554199999997476 ) ) ;
#3903 = CARTESIAN_POINT ( 'NONE',  ( -0.2877954310000000460, 0.03346458500000000502, 1.762238766916914599E-17 ) ) ;
#3904 = CARTESIAN_POINT ( 'NONE',  ( -0.2981763387170724422, 0.04527561499999999822, -0.01054490539508088666 ) ) ;
#3905 = ORIENTED_EDGE ( 'NONE', *, *, #2650, .F. ) ;
#3906 = VECTOR ( 'NONE', #2357, 39.37007874015748143 ) ;
#3907 = DIRECTION ( 'NONE',  ( 0.000000000000000000, -1.000000000000000000, 0.000000000000000000 ) ) ;
#3908 = EDGE_LOOP ( 'NONE', ( #554, #4079, #6125, #6704 ) ) ;
#3909 = FACE_OUTER_BOUND ( 'NONE', #6211, .T. ) ;
#3910 = ORIENTED_EDGE ( 'NONE', *, *, #3923, .F. ) ;
#3911 = CARTESIAN_POINT ( 'NONE',  ( -0.1500000810000000073, -0.07223479225994784703, 0.0001081814827399373930 ) ) ;
#3912 = EDGE_LOOP ( 'NONE', ( #2597, #1842, #5365, #6435 ) ) ;
#3913 = FILL_AREA_STYLE ('',( #5068 ) ) ;
#3914 = EDGE_CURVE ( 'NONE', #2675, #2618, #3203, .T. ) ;
#3915 = FACE_OUTER_BOUND ( 'NONE', #6131, .T. ) ;
#3916 = VERTEX_POINT ( 'NONE', #3968 ) ;
#3917 = CARTESIAN_POINT ( 'NONE',  ( 0.1500000810000000073, -0.02952757499999999688, 0.000000000000000000 ) ) ;
#3918 = CARTESIAN_POINT ( 'NONE',  ( 0.2759785115712766190, 0.04330710999999999589, -0.01888660858463303213 ) ) ;
#3919 = CARTESIAN_POINT ( 'NONE',  ( 0.1500000809999999796, -0.07223479225994784703, 0.05719482648273993552 ) ) ;
#3920 = EDGE_CURVE ( 'NONE', #324, #1953, #274, .T. ) ;
#3921 = MANIFOLD_SOLID_BREP ( 'Scale1[6]', #4475 ) ;
#3922 = DIRECTION ( 'NONE',  ( 0.000000000000000000, -0.000000000000000000, -1.000000000000000000 ) ) ;
#3923 = EDGE_CURVE ( 'NONE', #6278, #6454, #406, .T. ) ;
#3924 = LINE ( 'NONE', #3954, #1449 ) ;
#3925 = DIRECTION ( 'NONE',  ( -0.000000000000000000, 1.000000000000000000, -0.000000000000000000 ) ) ;
#3926 = DIRECTION ( 'NONE',  ( -0.000000000000000000, 1.000000000000000000, -0.000000000000000000 ) ) ;
#3927 = ORIENTED_EDGE ( 'NONE', *, *, #6646, .F. ) ;
#3928 = CIRCLE ( 'NONE', #1673, 0.05708664499999999142 ) ;
#3929 = CARTESIAN_POINT ( 'NONE',  ( -0.1381890510000000072, -0.02952757499999999688, -0.05590554199999997476 ) ) ;
#3930 = CARTESIAN_POINT ( 'NONE',  ( -0.2714001019317104912, 0.04527561499999997741, -0.02135638846448164457 ) ) ;
#3931 = ORIENTED_EDGE ( 'NONE', *, *, #3084, .F. ) ;
#3932 = SURFACE_SIDE_STYLE ('',( #1776 ) ) ;
#3933 = CARTESIAN_POINT ( 'NONE',  ( -0.2762347948443870105, 0.04527561499999997741, -0.01376252064385529057 ) ) ;
#3934 = ORIENTED_EDGE ( 'NONE', *, *, #905, .T. ) ;
#3935 = MECHANICAL_DESIGN_GEOMETRIC_PRESENTATION_REPRESENTATION (  '', ( #5506 ), #6277 ) ;
#3936 = SURFACE_STYLE_FILL_AREA ( #3454 ) ;
#3937 = DIRECTION ( 'NONE',  ( 0.000000000000000000, 0.000000000000000000, 1.000000000000000000 ) ) ;
#3938 = AXIS2_PLACEMENT_3D ( 'NONE', #401, #4097, #2981 ) ;
#3939 = EDGE_LOOP ( 'NONE', ( #3721, #5278, #1838 ) ) ;
#3940 = VECTOR ( 'NONE', #4665, 39.37007874015748143 ) ;
#3941 = AXIS2_PLACEMENT_3D ( 'NONE', #5012, #1803, #3514 ) ;
#3942 =( NAMED_UNIT ( * ) SI_UNIT ( $, .STERADIAN. ) SOLID_ANGLE_UNIT ( ) );
#3943 = AXIS2_PLACEMENT_3D ( 'NONE', #5224, #4750, #2734 ) ;
#3944 = ORIENTED_EDGE ( 'NONE', *, *, #5306, .F. ) ;
#3945 = CARTESIAN_POINT ( 'NONE',  ( 0.1500000810000000073, -0.1771654499999999743, 0.000000000000000000 ) ) ;
#3946 = ORIENTED_EDGE ( 'NONE', *, *, #6646, .T. ) ;
#3947 = CARTESIAN_POINT ( 'NONE',  ( 0.1500000810000000073, 0.04527561499999999822, -0.02952757500000000035 ) ) ;
#3948 = ORIENTED_EDGE ( 'NONE', *, *, #3510, .F. ) ;
#3949 = VECTOR ( 'NONE', #1379, 39.37007874015748143 ) ;
#3950 = ORIENTED_EDGE ( 'NONE', *, *, #3443, .F. ) ;
#3951 = CARTESIAN_POINT ( 'NONE',  ( -0.2925723199228008053, 0.04330711000000000283, -0.0002366382256645932199 ) ) ;
#3952 =( LENGTH_UNIT ( ) NAMED_UNIT ( * ) SI_UNIT ( $, .METRE. ) );
#3953 = CARTESIAN_POINT ( 'NONE',  ( -0.1618111110000000352, -0.04527561499999999822, -0.05590554199999997476 ) ) ;
#3954 = CARTESIAN_POINT ( 'NONE',  ( 0.1381890510000000072, -0.07223479225994784703, -0.05590554199999997476 ) ) ;
#3955 = ADVANCED_FACE ( 'NONE', ( #730 ), #4337, .T. ) ;
#3956 = EDGE_CURVE ( 'NONE', #1077, #1058, #2181, .T. ) ;
#3957 = DIRECTION ( 'NONE',  ( 0.000000000000000000, 0.000000000000000000, 1.000000000000000000 ) ) ;
#3958 = ADVANCED_FACE ( 'NONE', ( #6746 ), #1123, .T. ) ;
#3959 = DIRECTION ( 'NONE',  ( 0.000000000000000000, 0.000000000000000000, 1.000000000000000000 ) ) ;
#3960 = EDGE_LOOP ( 'NONE', ( #6069, #4503, #5106, #605 ) ) ;
#3961 = EDGE_CURVE ( 'NONE', #1218, #6370, #5205, .T. ) ;
#3962 = DIRECTION ( 'NONE',  ( 0.000000000000000000, 0.000000000000000000, 1.000000000000000000 ) ) ;
#3963 = DIRECTION ( 'NONE',  ( 0.000000000000000000, 0.000000000000000000, 1.000000000000000000 ) ) ;
#3964 = ORIENTED_EDGE ( 'NONE', *, *, #3870, .T. ) ;
#3965 =( NAMED_UNIT ( * ) SI_UNIT ( $, .STERADIAN. ) SOLID_ANGLE_UNIT ( ) );
#3966 = VERTEX_POINT ( 'NONE', #416 ) ;
#3967 = DIRECTION ( 'NONE',  ( 0.000000000000000000, 0.000000000000000000, 1.000000000000000000 ) ) ;
#3968 = CARTESIAN_POINT ( 'NONE',  ( 0.05000002700000000938, -0.1220473100000000061, -0.03937010000000000509 ) ) ;
#3969 = DIRECTION ( 'NONE',  ( -0.000000000000000000, 1.000000000000000000, -0.000000000000000000 ) ) ;
#3970 = ADVANCED_FACE ( 'NONE', ( #6821 ), #5276, .F. ) ;
#3971 = EDGE_LOOP ( 'NONE', ( #1318, #6137, #4085, #1592 ) ) ;
#3972 =( LENGTH_UNIT ( ) NAMED_UNIT ( * ) SI_UNIT ( $, .METRE. ) );
#3973 = ORIENTED_EDGE ( 'NONE', *, *, #4176, .F. ) ;
#3974 = CARTESIAN_POINT ( 'NONE',  ( 0.2877954310000000460, 0.04133860499999999355, 1.762238766916914599E-17 ) ) ;
#3975 = COLOUR_RGB ( '',0.9686274509803921573, 0.8784313725490195957, 0.5999999999999999778 ) ;
#3976 = ORIENTED_EDGE ( 'NONE', *, *, #4775, .F. ) ;
#3977 = CARTESIAN_POINT ( 'NONE',  ( 0.1381890509999999794, -0.04527561499999999822, 0.05595963274136995375 ) ) ;
#3978 = VECTOR ( 'NONE', #5475, 39.37007874015748143 ) ;
#3979 = VERTEX_POINT ( 'NONE', #6340 ) ;
#3980 = EDGE_CURVE ( 'NONE', #6855, #385, #2713, .T. ) ;
#3981 = ORIENTED_EDGE ( 'NONE', *, *, #2864, .F. ) ;
#3982 = CARTESIAN_POINT ( 'NONE',  ( -0.2861317939763694529, 0.04527561500000000516, 0.02198008674612776311 ) ) ;
#3983 = DIRECTION ( 'NONE',  ( 0.000000000000000000, 1.000000000000000000, 0.000000000000000000 ) ) ;
#3984 = AXIS2_PLACEMENT_3D ( 'NONE', #3692, #4687, #3019 ) ;
#3985 = FILL_AREA_STYLE_COLOUR ( '', #1002 ) ;
#3986 = CARTESIAN_POINT ( 'NONE',  ( 0.1500000810000000073, -0.1220473100000000061, 0.000000000000000000 ) ) ;
#3987 = DIRECTION ( 'NONE',  ( 0.000000000000000000, 0.000000000000000000, 1.000000000000000000 ) ) ;
#3988 = FACE_OUTER_BOUND ( 'NONE', #2203, .T. ) ;
#3989 = CARTESIAN_POINT ( 'NONE',  ( -0.1381890510000000072, -0.02952757499999999688, -0.06889767500000000544 ) ) ;
#3990 = SURFACE_STYLE_USAGE ( .BOTH. , #6804 ) ;
#3991 = EDGE_CURVE ( 'NONE', #1382, #3336, #273, .T. ) ;
#3992 = DIRECTION ( 'NONE',  ( -0.000000000000000000, 1.000000000000000000, -0.000000000000000000 ) ) ;
#3993 = AXIS2_PLACEMENT_3D ( 'NONE', #941, #2547, #1399 ) ;
#3994 = CYLINDRICAL_SURFACE ( 'NONE', #4053, 0.05708664500000000530 ) ;
#3995 = VERTEX_POINT ( 'NONE', #2115 ) ;
#3996 = AXIS2_PLACEMENT_3D ( 'NONE', #2439, #5014, #1868 ) ;
#3997 = FACE_OUTER_BOUND ( 'NONE', #6901, .T. ) ;
#3998 = DIRECTION ( 'NONE',  ( 0.000000000000000000, 1.000000000000000000, 0.000000000000000000 ) ) ;
#3999 = DIRECTION ( 'NONE',  ( -0.000000000000000000, -0.000000000000000000, 1.000000000000000000 ) ) ;
#4000 = ORIENTED_EDGE ( 'NONE', *, *, #3472, .F. ) ;
#4001 = CARTESIAN_POINT ( 'NONE',  ( -0.2782210072489466612, 0.04330711000000000976, 0.004713426419810170728 ) ) ;
#4002 =( GEOMETRIC_REPRESENTATION_CONTEXT ( 3 ) GLOBAL_UNCERTAINTY_ASSIGNED_CONTEXT ( ( #2940 ) ) GLOBAL_UNIT_ASSIGNED_CONTEXT ( ( #2263, #3568, #3039 ) ) REPRESENTATION_CONTEXT ( 'NONE', 'WORKASPACE' ) );
#4003 = EDGE_CURVE ( 'NONE', #3161, #5528, #2256, .T. ) ;
#4004 = AXIS2_PLACEMENT_3D ( 'NONE', #801, #2826, #1850 ) ;
#4005 = EDGE_LOOP ( 'NONE', ( #668, #2241 ) ) ;
#4006 = CIRCLE ( 'NONE', #1298, 0.003937007874015741038 ) ;
#4007 = ORIENTED_EDGE ( 'NONE', *, *, #3920, .F. ) ;
#4008 = AXIS2_PLACEMENT_3D ( 'NONE', #4813, #2584, #6414 ) ;
#4009 = CARTESIAN_POINT ( 'NONE',  ( -0.1500000810000000073, -0.1023622599999999966, 0.000000000000000000 ) ) ;
#4010 = EDGE_CURVE ( 'NONE', #975, #3916, #5242, .T. ) ;
#4011 = ORIENTED_EDGE ( 'NONE', *, *, #937, .T. ) ;
#4012 = FILL_AREA_STYLE ('',( #2312 ) ) ;
#4013 = EDGE_LOOP ( 'NONE', ( #6658, #1325, #3584, #1404 ) ) ;
#4014 = CARTESIAN_POINT ( 'NONE',  ( -0.1500000810000000073, -0.1200788050000000107, 0.000000000000000000 ) ) ;
#4015 = ORIENTED_EDGE ( 'NONE', *, *, #2021, .F. ) ;
#4016 = EDGE_CURVE ( 'NONE', #6508, #6723, #2520, .T. ) ;
#4017 = CARTESIAN_POINT ( 'NONE',  ( 0.06181105699999999564, -0.07223479225994784703, 0.05590554199999997476 ) ) ;
#4018 = UNCERTAINTY_MEASURE_WITH_UNIT (LENGTH_MEASURE( 1.000000000000000082E-05 ), #2971, 'distance_accuracy_value', 'NONE');
#4019 = VERTEX_POINT ( 'NONE', #1073 ) ;
#4020 = ORIENTED_EDGE ( 'NONE', *, *, #2958, .F. ) ;
#4021 = FACE_OUTER_BOUND ( 'NONE', #825, .T. ) ;
#4022 = STYLED_ITEM ( 'NONE', ( #2492 ), #694 ) ;
#4023 = CARTESIAN_POINT ( 'NONE',  ( 0.06181105699999998176, -0.07223479225994784703, -0.06889767499999997769 ) ) ;
#4024 = CARTESIAN_POINT ( 'NONE',  ( 0.1381890510000000072, -0.02952757499999999688, -0.05590554199999997476 ) ) ;
#4025 = DIMENSIONAL_EXPONENTS ( 1.000000000000000000, 0.000000000000000000, 0.000000000000000000, 0.000000000000000000, 0.000000000000000000, 0.000000000000000000, 0.000000000000000000 ) ;
#4026 = CARTESIAN_POINT ( 'NONE',  ( 0.05000002699999999550, -0.04527561499999999822, 5.409074136996869648E-05 ) ) ;
#4027 =( NAMED_UNIT ( * ) SI_UNIT ( $, .STERADIAN. ) SOLID_ANGLE_UNIT ( ) );
#4028 = CARTESIAN_POINT ( 'NONE',  ( -0.1500000810000000073, -0.1023622599999999966, 0.000000000000000000 ) ) ;
#4029 = SURFACE_STYLE_USAGE ( .BOTH. , #6193 ) ;
#4030 = ORIENTED_EDGE ( 'NONE', *, *, #5095, .F. ) ;
#4031 = CARTESIAN_POINT ( 'NONE',  ( -0.2878465880360887019, 0.04330710999999999589, 0.02887671920880574561 ) ) ;
#4032 = CARTESIAN_POINT ( 'NONE',  ( 0.2877954310000000460, 0.04133860712598425718, -0.09055122999999995481 ) ) ;
#4033 = CARTESIAN_POINT ( 'NONE',  ( 0.1500000809999999796, -0.02952757499999999688, 0.05719482648273993552 ) ) ;
#4034 = CARTESIAN_POINT ( 'NONE',  ( -0.2746826042473038965, 0.04527561499999999822, 0.01296195885208190415 ) ) ;
#4035 = CARTESIAN_POINT ( 'NONE',  ( -0.2871188229340413955, 0.04527561499999997741, 0.02889197969661697063 ) ) ;
#4036 = ORIENTED_EDGE ( 'NONE', *, *, #3730, .F. ) ;
#4037 = FILL_AREA_STYLE_COLOUR ( '', #1744 ) ;
#4038 = CARTESIAN_POINT ( 'NONE',  ( -0.2817077147201570986, 0.04527561500000000516, -0.003844995780401616516 ) ) ;
#4039 = AXIS2_PLACEMENT_3D ( 'NONE', #6116, #252, #4580 ) ;
#4040 = VERTEX_POINT ( 'NONE', #3896 ) ;
#4041 = EDGE_CURVE ( 'NONE', #923, #3877, #1144, .T. ) ;
#4042 = SURFACE_STYLE_USAGE ( .BOTH. , #2023 ) ;
#4043 = MECHANICAL_DESIGN_GEOMETRIC_PRESENTATION_REPRESENTATION (  '', ( #1564 ), #3460 ) ;
#4044 = ORIENTED_EDGE ( 'NONE', *, *, #4735, .F. ) ;
#4045 = CARTESIAN_POINT ( 'NONE',  ( -0.2991982854340414777, 0.04527561499999999822, -0.01537541561588303025 ) ) ;
#4046 = EDGE_CURVE ( 'NONE', #1793, #2031, #2414, .T. ) ;
#4047 = EDGE_CURVE ( 'NONE', #3542, #2232, #6031, .T. ) ;
#4048 = PRESENTATION_LAYER_ASSIGNMENT (  '', '', ( #3705 ) ) ;
#4049 = ORIENTED_EDGE ( 'NONE', *, *, #1040, .F. ) ;
#4050 = DIRECTION ( 'NONE',  ( -0.000000000000000000, 1.000000000000000000, -0.000000000000000000 ) ) ;
#4051 = B_SPLINE_CURVE_WITH_KNOTS ( 'NONE', 3,
 ( #1834, #4031, #5541, #4458, #1384, #6573, #304, #2400, #5121, #6196, #1805, #2367, #194, #4516, #2330, #4591, #5650, #720, #1773 ),
 .UNSPECIFIED., .F., .F.,
 ( 4, 1, 1, 1, 1, 1, 1, 1, 1, 1, 1, 1, 1, 1, 1, 1, 4 ),
 ( 0.000000000000000000, 0.06906221142851866335, 0.1347658792836475550, 0.1976107057024327485, 0.2585282108425823733, 0.3181274252810147307, 0.3770582660618971849, 0.4356857915191242880, 0.4947336263914085541, 0.5540911070636520552, 0.6133334186580061687, 0.6729241889746497840, 0.7340655047106270370, 0.7962987887860591973, 0.8612408916846037155, 0.9289703310657816404, 1.000000000000000000 ),
 .UNSPECIFIED. ) ;
#4052 = ORIENTED_EDGE ( 'NONE', *, *, #5169, .F. ) ;
#4053 = AXIS2_PLACEMENT_3D ( 'NONE', #302, #2987, #890 ) ;
#4054 = CARTESIAN_POINT ( 'NONE',  ( -0.2827118544348279361, 0.04330710999999998895, 0.02161963653078221789 ) ) ;
#4055 = LENGTH_MEASURE_WITH_UNIT ( LENGTH_MEASURE( 0.02539999999999999897 ), #289 );
#4056 = VECTOR ( 'NONE', #3485, 39.37007874015748143 ) ;
#4057 = EDGE_LOOP ( 'NONE', ( #6581, #665 ) ) ;
#4058 = CARTESIAN_POINT ( 'NONE',  ( -0.1000000540000000188, -0.02952757499999999688, -0.02754781910342992898 ) ) ;
#4059 = LINE ( 'NONE', #3624, #6933 ) ;
#4060 = DIRECTION ( 'NONE',  ( 0.000000000000000000, 0.000000000000000000, -1.000000000000000000 ) ) ;
#4061 = AXIS2_PLACEMENT_3D ( 'NONE', #2751, #3894, #4318 ) ;
#4062 = LENGTH_MEASURE_WITH_UNIT ( LENGTH_MEASURE( 0.02539999999999999897 ), #329 );
#4063 = DIRECTION ( 'NONE',  ( 0.000000000000000000, 0.000000000000000000, -1.000000000000000000 ) ) ;
#4064 = FILL_AREA_STYLE_COLOUR ( '', #1894 ) ;
#4065 = CARTESIAN_POINT ( 'NONE',  ( 0.1500000810000000073, 0.04527561499999999822, -0.02952757500000000035 ) ) ;
#4066 = PLANE ( 'NONE',  #3941 ) ;
#4067 = ORIENTED_EDGE ( 'NONE', *, *, #4894, .F. ) ;
#4068 = CARTESIAN_POINT ( 'NONE',  ( -0.1618111109999999797, -0.07223479225994784703, 0.05595963274136995375 ) ) ;
#4069 = DIRECTION ( 'NONE',  ( -1.000000000000000000, 0.000000000000000000, 0.000000000000000000 ) ) ;
#4070 = CARTESIAN_POINT ( 'NONE',  ( -0.2877954310000000460, -0.04527561499999999822, 0.09055122999999995481 ) ) ;
#4071 = CARTESIAN_POINT ( 'NONE',  ( 0.2283465800000000212, -0.02952757499999999688, -0.06889767499999996381 ) ) ;
#4072 =( NAMED_UNIT ( * ) SI_UNIT ( $, .STERADIAN. ) SOLID_ANGLE_UNIT ( ) );
#4073 = CARTESIAN_POINT ( 'NONE',  ( -0.2892667265150145606, 0.04527561499999997741, 0.02884694036136315268 ) ) ;
#4074 = EDGE_CURVE ( 'NONE', #5655, #1743, #4420, .T. ) ;
#4075 = ORIENTED_EDGE ( 'NONE', *, *, #5592, .T. ) ;
#4076 = CARTESIAN_POINT ( 'NONE',  ( -0.2804971642436654422, 0.04527561499999997741, -0.003455810296413547051 ) ) ;
#4077 = ORIENTED_EDGE ( 'NONE', *, *, #5735, .T. ) ;
#4078 = SURFACE_STYLE_USAGE ( .BOTH. , #1984 ) ;
#4079 = ORIENTED_EDGE ( 'NONE', *, *, #1843, .T. ) ;
#4080 = CARTESIAN_POINT ( 'NONE',  ( -0.05000002700000000244, -0.1811024599999999929, 0.000000000000000000 ) ) ;
#4081 =( CONVERSION_BASED_UNIT ( 'INCH', #2774 ) LENGTH_UNIT ( ) NAMED_UNIT ( #5097 ) );
#4082 = EDGE_LOOP ( 'NONE', ( #1787, #6082, #6177, #2399 ) ) ;
#4083 = CARTESIAN_POINT ( 'NONE',  ( -0.2769094173692577820, 0.04330710999999999589, -0.002061689754786709492 ) ) ;
#4084 = UNCERTAINTY_MEASURE_WITH_UNIT (LENGTH_MEASURE( 1.000000000000000082E-05 ), #4930, 'distance_accuracy_value', 'NONE');
#4085 = ORIENTED_EDGE ( 'NONE', *, *, #6862, .T. ) ;
#4086 = CIRCLE ( 'NONE', #2722, 0.02224410649999999587 ) ;
#4087 = ADVANCED_FACE ( 'NONE', ( #3276 ), #5445, .T. ) ;
#4088 = CARTESIAN_POINT ( 'NONE',  ( -0.2770602828159770548, 0.04527561499999997741, 0.01846801284098649812 ) ) ;
#4089 =( LENGTH_UNIT ( ) NAMED_UNIT ( * ) SI_UNIT ( $, .METRE. ) );
#4090 = AXIS2_PLACEMENT_3D ( 'NONE', #2193, #4774, #481 ) ;
#4091 = EDGE_CURVE ( 'NONE', #6409, #1198, #22, .T. ) ;
#4092 = VECTOR ( 'NONE', #564, 39.37007874015748143 ) ;
#4093 = EDGE_LOOP ( 'NONE', ( #2541, #770, #6825, #11 ) ) ;
#4094 = CARTESIAN_POINT ( 'NONE',  ( -0.2746947665547498363, 0.04527561499999999822, 0.01062447631722800157 ) ) ;
#4095 = CIRCLE ( 'NONE', #2507, 0.07086617999999995920 ) ;
#4096 = VECTOR ( 'NONE', #2043, 39.37007874015748143 ) ;
#4097 = DIRECTION ( 'NONE',  ( -0.000000000000000000, 1.000000000000000000, -0.000000000000000000 ) ) ;
#4098 = CARTESIAN_POINT ( 'NONE',  ( -0.3044808859453432826, 0.04330710999999999589, -0.01002497763917849401 ) ) ;
#4099 = DIRECTION ( 'NONE',  ( 0.000000000000000000, 0.000000000000000000, -1.000000000000000000 ) ) ;
#4100 = LINE ( 'NONE', #3953, #3658 ) ;
#4101 = AXIS2_PLACEMENT_3D ( 'NONE', #3911, #774, #6655 ) ;
#4102 = DIRECTION ( 'NONE',  ( 0.000000000000000000, -1.000000000000000000, 0.000000000000000000 ) ) ;
#4103 = VERTEX_POINT ( 'NONE', #1216 ) ;
#4104 = CARTESIAN_POINT ( 'NONE',  ( 0.1500000810000000073, -0.1023622599999999966, 0.000000000000000000 ) ) ;
#4105 = LINE ( 'NONE', #2009, #5297 ) ;
#4106 = DIRECTION ( 'NONE',  ( 0.000000000000000000, 1.000000000000000000, 0.000000000000000000 ) ) ;
#4107 = DIRECTION ( 'NONE',  ( 1.000000000000000000, 0.000000000000000000, -0.000000000000000000 ) ) ;
#4108 = SURFACE_STYLE_USAGE ( .BOTH. , #5715 ) ;
#4109 = CARTESIAN_POINT ( 'NONE',  ( -0.2843136312980406033, 0.04330711000000002364, -0.02442230082101217586 ) ) ;
#4110 = ORIENTED_EDGE ( 'NONE', *, *, #2539, .T. ) ;
#4111 = VECTOR ( 'NONE', #1686, 39.37007874015748143 ) ;
#4112 = MECHANICAL_DESIGN_GEOMETRIC_PRESENTATION_REPRESENTATION (  '', ( #4670 ), #3186 ) ;
#4113 = CARTESIAN_POINT ( 'NONE',  ( -0.2736291285032008691, 0.04527561499999997741, 0.02424338214889001572 ) ) ;
#4114 =( LENGTH_UNIT ( ) NAMED_UNIT ( * ) SI_UNIT ( $, .METRE. ) );
#4115 = VERTEX_POINT ( 'NONE', #3854 ) ;
#4116 = CIRCLE ( 'NONE', #2750, 0.03937010000000001203 ) ;
#4117 = DIMENSIONAL_EXPONENTS ( 1.000000000000000000, 0.000000000000000000, 0.000000000000000000, 0.000000000000000000, 0.000000000000000000, 0.000000000000000000, 0.000000000000000000 ) ;
#4118 = ORIENTED_EDGE ( 'NONE', *, *, #2780, .F. ) ;
#4119 = VECTOR ( 'NONE', #6039, 39.37007874015748143 ) ;
#4120 = DIRECTION ( 'NONE',  ( 0.000000000000000000, -1.000000000000000000, 0.000000000000000000 ) ) ;
#4121 = LINE ( 'NONE', #3463, #3096 ) ;
#4122 = DIRECTION ( 'NONE',  ( 0.000000000000000000, 0.000000000000000000, -1.000000000000000000 ) ) ;
#4123 = ORIENTED_EDGE ( 'NONE', *, *, #6133, .T. ) ;
#4124 =( GEOMETRIC_REPRESENTATION_CONTEXT ( 3 ) GLOBAL_UNCERTAINTY_ASSIGNED_CONTEXT ( ( #1403 ) ) GLOBAL_UNIT_ASSIGNED_CONTEXT ( ( #1911, #4524, #1323 ) ) REPRESENTATION_CONTEXT ( 'NONE', 'WORKASPACE' ) );
#4125 = CARTESIAN_POINT ( 'NONE',  ( -0.2791389401421737748, 0.04527561499999997741, 0.004140423177806690225 ) ) ;
#4126 = ORIENTED_EDGE ( 'NONE', *, *, #4091, .T. ) ;
#4127 = CARTESIAN_POINT ( 'NONE',  ( -0.2746947665547498363, 0.04330711000000000283, 0.01062447631722800157 ) ) ;
#4128 = PRESENTATION_STYLE_ASSIGNMENT (( #1892 ) ) ;
#4129 =( NAMED_UNIT ( * ) PLANE_ANGLE_UNIT ( ) SI_UNIT ( $, .RADIAN. ) );
#4130 = CARTESIAN_POINT ( 'NONE',  ( -0.1500000810000000073, -0.1023622599999999966, -0.05708664500000000530 ) ) ;
#4131 = FACE_OUTER_BOUND ( 'NONE', #1194, .T. ) ;
#4132 = PRESENTATION_LAYER_ASSIGNMENT (  '', '', ( #1317 ) ) ;
#4133 = ADVANCED_FACE ( 'NONE', ( #95 ), #5993, .T. ) ;
#4134 = CARTESIAN_POINT ( 'NONE',  ( 0.1618111109999999797, -0.02952757499999999688, 0.05595963274136995375 ) ) ;
#4135 = EDGE_CURVE ( 'NONE', #3225, #1048, #4999, .T. ) ;
#4136 = ORIENTED_EDGE ( 'NONE', *, *, #1841, .F. ) ;
#4137 = CARTESIAN_POINT ( 'NONE',  ( -0.1381890510000000072, -0.07223479225994784703, -0.06889767499999997769 ) ) ;
#4138 = EDGE_CURVE ( 'NONE', #2447, #5310, #2152, .T. ) ;
#4139 =( LENGTH_UNIT ( ) NAMED_UNIT ( * ) SI_UNIT ( $, .METRE. ) );
#4140 = CARTESIAN_POINT ( 'NONE',  ( -0.2283465799999999102, -0.02952757499999999688, -0.06889767500000000544 ) ) ;
#4141 = CARTESIAN_POINT ( 'NONE',  ( 0.1618111110000000352, -0.02952757499999999688, -0.05590554199999997476 ) ) ;
#4142 = CARTESIAN_POINT ( 'NONE',  ( -0.2815735424467962766, 0.04527561499999999128, 0.02129958936025705060 ) ) ;
#4143 = CARTESIAN_POINT ( 'NONE',  ( -0.2867082378198390624, 0.04527561500000000516, -0.02476634456514563085 ) ) ;
#4144 = B_SPLINE_CURVE_WITH_KNOTS ( 'NONE', 3,
 ( #545, #5400, #2250, #4799, #4931, #1137, #3269, #1586, #84, #6500, #3847, #4280, #2107, #3703, #5474 ),
 .UNSPECIFIED., .F., .F.,
 ( 4, 1, 1, 1, 1, 1, 1, 1, 1, 1, 1, 1, 4 ),
 ( 0.000000000000000000, 0.08427347156089372293, 0.1665166244253441508, 0.2473877598069608164, 0.3288365457123066382, 0.4090983268496174996, 0.4877267016055336635, 0.5657077880693259786, 0.6449848608508603753, 0.7265584459444179855, 0.8120697979385858023, 0.9027287756276010100, 1.000000000000000000 ),
 .UNSPECIFIED. ) ;
#4145 = ORIENTED_EDGE ( 'NONE', *, *, #1248, .F. ) ;
#4146 = DIRECTION ( 'NONE',  ( 0.000000000000000000, -0.000000000000000000, -1.000000000000000000 ) ) ;
#4147 = ORIENTED_EDGE ( 'NONE', *, *, #130, .T. ) ;
#4148 = ORIENTED_EDGE ( 'NONE', *, *, #445, .T. ) ;
#4149 = DIRECTION ( 'NONE',  ( 3.589081115641316436E-15, 0.000000000000000000, 1.000000000000000000 ) ) ;
#4150 = CARTESIAN_POINT ( 'NONE',  ( -0.2765650814422189185, 0.04527561499999997741, -0.01600824203572200066 ) ) ;
#4151 = CIRCLE ( 'NONE', #2451, 0.02952757500000000035 ) ;
#4152 = CARTESIAN_POINT ( 'NONE',  ( -0.2720696004342240681, 0.04527561499999999822, 0.001433081516908632329 ) ) ;
#4153 = UNCERTAINTY_MEASURE_WITH_UNIT (LENGTH_MEASURE( 1.000000000000000082E-05 ), #2272, 'distance_accuracy_value', 'NONE');
#4154 = ORIENTED_EDGE ( 'NONE', *, *, #4641, .F. ) ;
#4155 = CARTESIAN_POINT ( 'NONE',  ( 0.05000002700000000244, -0.1200788050000000107, 0.000000000000000000 ) ) ;
#4156 = COLOUR_RGB ( '',0.1019607843137254888, 0.1019607843137254888, 0.1019607843137254888 ) ;
#4157 = AXIS2_PLACEMENT_3D ( 'NONE', #4920, #3838, #6900 ) ;
#4158 = SURFACE_STYLE_USAGE ( .BOTH. , #4615 ) ;
#4159 = VECTOR ( 'NONE', #5470, 39.37007874015748143 ) ;
#4160 = ORIENTED_EDGE ( 'NONE', *, *, #2606, .F. ) ;
#4161 = CARTESIAN_POINT ( 'NONE',  ( -0.2887880313093656448, 0.04527561499999999128, 0.0008765389524856332824 ) ) ;
#4162 = CARTESIAN_POINT ( 'NONE',  ( -0.3053338854340414410, 0.04527561499999999822, -0.01551921874088303156 ) ) ;
#4163 = DIMENSIONAL_EXPONENTS ( 1.000000000000000000, 0.000000000000000000, 0.000000000000000000, 0.000000000000000000, 0.000000000000000000, 0.000000000000000000, 0.000000000000000000 ) ;
#4164 = CARTESIAN_POINT ( 'NONE',  ( -0.3053338854340414410, 0.04330710999999999589, -0.01551921874088303156 ) ) ;
#4165 = CARTESIAN_POINT ( 'NONE',  ( -0.2900846550111985112, 0.04527561499999997047, -0.03165956947806318478 ) ) ;
#4166 =( CONVERSION_BASED_UNIT ( 'INCH', #6805 ) LENGTH_UNIT ( ) NAMED_UNIT ( #6077 ) );
#4167 = CIRCLE ( 'NONE', #5056, 0.05511814000000000296 ) ;
#4168 = ORIENTED_EDGE ( 'NONE', *, *, #734, .T. ) ;
#4169 = VECTOR ( 'NONE', #5198, 39.37007874015748143 ) ;
#4170 = CARTESIAN_POINT ( 'NONE',  ( -0.2912238768000706135, 0.04527561499999999822, -0.006353602915748416194 ) ) ;
#4171 = CARTESIAN_POINT ( 'NONE',  ( -0.2884969484217985713, 0.04527561500000000516, 0.02192942221332308886 ) ) ;
#4172 = ORIENTED_EDGE ( 'NONE', *, *, #5645, .T. ) ;
#4173 = CARTESIAN_POINT ( 'NONE',  ( 0.2763739701650266278, 0.04330710999999999589, -0.03093012030338303242 ) ) ;
#4174 = DIRECTION ( 'NONE',  ( 0.000000000000000000, 0.000000000000000000, -1.000000000000000000 ) ) ;
#4175 = CARTESIAN_POINT ( 'NONE',  ( -0.2925723199228008053, 0.04527561500000000516, -0.0002366382256645932199 ) ) ;
#4176 = EDGE_CURVE ( 'NONE', #1038, #6287, #3082, .T. ) ;
#4177 = DIRECTION ( 'NONE',  ( 0.000000000000000000, 0.000000000000000000, -1.000000000000000000 ) ) ;
#4178 = CARTESIAN_POINT ( 'NONE',  ( -0.3000028436301397372, 0.04330710999999998895, 0.02480581877568112034 ) ) ;
#4179 = ADVANCED_FACE ( 'NONE', ( #5924 ), #1103, .T. ) ;
#4180 = ORIENTED_EDGE ( 'NONE', *, *, #6681, .F. ) ;
#4181 = VECTOR ( 'NONE', #6156, 39.37007874015748143 ) ;
#4182 = EDGE_CURVE ( 'NONE', #5179, #3207, #5462, .T. ) ;
#4183 = CARTESIAN_POINT ( 'NONE',  ( -0.2685202854340414391, 0.04527561499999999822, 0.01169552266536696972 ) ) ;
#4184 = SURFACE_SIDE_STYLE ('',( #5687 ) ) ;
#4185 = EDGE_LOOP ( 'NONE', ( #6811, #242, #4342, #3046 ) ) ;
#4186 = FACE_OUTER_BOUND ( 'NONE', #4366, .T. ) ;
#4187 = DIRECTION ( 'NONE',  ( 0.000000000000000000, 0.000000000000000000, -1.000000000000000000 ) ) ;
#4188 = EDGE_CURVE ( 'NONE', #836, #1007, #4051, .T. ) ;
#4189 = CARTESIAN_POINT ( 'NONE',  ( -0.2283465799999999102, -0.02952757499999999688, -0.06889767500000000544 ) ) ;
#4190 = DIRECTION ( 'NONE',  ( -0.000000000000000000, 1.000000000000000000, -0.000000000000000000 ) ) ;
#4191 = ORIENTED_EDGE ( 'NONE', *, *, #959, .F. ) ;
#4192 = CARTESIAN_POINT ( 'NONE',  ( -0.2782210072489466612, 0.04527561500000001210, 0.004713426419810170728 ) ) ;
#4193 = ORIENTED_EDGE ( 'NONE', *, *, #1460, .T. ) ;
#4194 = CARTESIAN_POINT ( 'NONE',  ( -0.3017997726680342052, 0.04330710999999999589, -0.02602316929325578301 ) ) ;
#4195 = ADVANCED_FACE ( 'NONE', ( #157 ), #4227, .T. ) ;
#4196 = CARTESIAN_POINT ( 'NONE',  ( -0.3049572400681547224, 0.04330710999999999589, -0.01177159285942058764 ) ) ;
#4197 = CARTESIAN_POINT ( 'NONE',  ( -0.2905432124072707678, 0.04527561499999999822, -0.02463841872836908947 ) ) ;
#4198 = FACE_OUTER_BOUND ( 'NONE', #6469, .T. ) ;
#4199 = CARTESIAN_POINT ( 'NONE',  ( -0.3050727111622569820, 0.04527561499999999822, -0.01890775858033752130 ) ) ;
#4200 = CARTESIAN_POINT ( 'NONE',  ( 0.2698429115712766002, 0.04330710999999999589, -0.03093012030338303242 ) ) ;
#4201 = DIRECTION ( 'NONE',  ( -1.000000000000000000, 0.000000000000000000, 0.000000000000000000 ) ) ;
#4202 = AXIS2_PLACEMENT_3D ( 'NONE', #4313, #4730, #2044 ) ;
#4203 = AXIS2_PLACEMENT_3D ( 'NONE', #1669, #3823, #3279 ) ;
#4204 = DIRECTION ( 'NONE',  ( 0.000000000000000000, 0.000000000000000000, -1.000000000000000000 ) ) ;
#4205 = ORIENTED_EDGE ( 'NONE', *, *, #5306, .T. ) ;
#4206 = LINE ( 'NONE', #4137, #120 ) ;
#4207 = DIRECTION ( 'NONE',  ( 0.000000000000000000, 0.000000000000000000, 1.000000000000000000 ) ) ;
#4208 = DIRECTION ( 'NONE',  ( -0.000000000000000000, 1.000000000000000000, -0.000000000000000000 ) ) ;
#4209 = AXIS2_PLACEMENT_3D ( 'NONE', #1741, #3452, #6543 ) ;
#4210 = CARTESIAN_POINT ( 'NONE',  ( -0.2939879638473605894, 0.04527561499999999822, -0.0007063738470592794295 ) ) ;
#4211 = CYLINDRICAL_SURFACE ( 'NONE', #5769, 0.05905515000000000070 ) ;
#4212 = LINE ( 'NONE', #4834, #5992 ) ;
#4213 = TOROIDAL_SURFACE ( 'NONE', #1606, 0.05511814000000000296, 0.003937010000000000336 ) ;
#4214 = ORIENTED_EDGE ( 'NONE', *, *, #5026, .F. ) ;
#4215 = AXIS2_PLACEMENT_3D ( 'NONE', #6212, #5928, #1402 ) ;
#4216 = DIRECTION ( 'NONE',  ( 0.000000000000000000, 0.000000000000000000, -1.000000000000000000 ) ) ;
#4217 = ORIENTED_EDGE ( 'NONE', *, *, #3419, .F. ) ;
#4218 = ADVANCED_FACE ( 'NONE', ( #3997 ), #2296, .F. ) ;
#4219 = FACE_OUTER_BOUND ( 'NONE', #4760, .T. ) ;
#4220 = ORIENTED_EDGE ( 'NONE', *, *, #1874, .F. ) ;
#4221 = UNCERTAINTY_MEASURE_WITH_UNIT (LENGTH_MEASURE( 1.000000000000000082E-05 ), #6466, 'distance_accuracy_value', 'NONE');
#4222 = DIRECTION ( 'NONE',  ( 0.000000000000000000, 0.000000000000000000, -1.000000000000000000 ) ) ;
#4223 = PRESENTATION_LAYER_ASSIGNMENT (  '', '', ( #286 ) ) ;
#4224 = LINE ( 'NONE', #355, #6113 ) ;
#4225 = DIRECTION ( 'NONE',  ( -0.000000000000000000, 1.000000000000000000, -0.000000000000000000 ) ) ;
#4226 = APPLICATION_CONTEXT ( 'automotive_design' ) ;
#4227 = TOROIDAL_SURFACE ( 'NONE', #1950, 0.05511814000000000296, 0.003937010000000000336 ) ;
#4228 = EDGE_CURVE ( 'NONE', #6892, #6690, #3409, .T. ) ;
#4229 = ORIENTED_EDGE ( 'NONE', *, *, #599, .T. ) ;
#4230 = STYLED_ITEM ( 'NONE', ( #2199 ), #819 ) ;
#4231 = DIRECTION ( 'NONE',  ( -1.000000000000000000, 0.000000000000000000, 0.000000000000000000 ) ) ;
#4232 = CIRCLE ( 'NONE', #3768, 0.07086617999999995920 ) ;
#4233 = ORIENTED_EDGE ( 'NONE', *, *, #468, .F. ) ;
#4234 = CARTESIAN_POINT ( 'NONE',  ( -0.3053206596913567439, 0.04330710999999999589, -0.01609915045276414172 ) ) ;
#4235 = DIRECTION ( 'NONE',  ( 0.000000000000000000, -1.000000000000000000, 0.000000000000000000 ) ) ;
#4236 = CARTESIAN_POINT ( 'NONE',  ( -0.2938058132405368950, 0.04527561499999999822, -0.02378756751205072378 ) ) ;
#4237 = VECTOR ( 'NONE', #136, 39.37007874015748143 ) ;
#4238 = PRESENTATION_STYLE_ASSIGNMENT (( #1547 ) ) ;
#4239 = CARTESIAN_POINT ( 'NONE',  ( 0.1500000810000000073, -0.1771654499999999743, 0.000000000000000000 ) ) ;
#4240 = FACE_OUTER_BOUND ( 'NONE', #2143, .T. ) ;
#4241 = CARTESIAN_POINT ( 'NONE',  ( -0.1500000810000000073, -0.02952757499999999688, 0.000000000000000000 ) ) ;
#4242 = ORIENTED_EDGE ( 'NONE', *, *, #2561, .F. ) ;
#4243 = CARTESIAN_POINT ( 'NONE',  ( -0.2877954310000000460, -0.1003937550000000151, -0.05118112999999999135 ) ) ;
#4244 = PLANE ( 'NONE',  #5838 ) ;
#4245 = DIRECTION ( 'NONE',  ( -0.000000000000000000, 1.000000000000000000, -0.000000000000000000 ) ) ;
#4246 = CARTESIAN_POINT ( 'NONE',  ( -0.2983948761573704256, 0.04527561499999997741, -0.002694375723416117096 ) ) ;
#4247 = CARTESIAN_POINT ( 'NONE',  ( 0.1500000810000000073, -0.02952757499999999688, 0.05708664500000000530 ) ) ;
#4248 = DIRECTION ( 'NONE',  ( 0.000000000000000000, 0.000000000000000000, -1.000000000000000000 ) ) ;
#4249 = AXIS2_PLACEMENT_3D ( 'NONE', #430, #1152, #4880 ) ;
#4250 = ORIENTED_EDGE ( 'NONE', *, *, #5593, .T. ) ;
#4251 = VERTEX_POINT ( 'NONE', #4550 ) ;
#4252 = SURFACE_SIDE_STYLE ('',( #5411 ) ) ;
#4253 = ORIENTED_EDGE ( 'NONE', *, *, #3834, .T. ) ;
#4254 = CYLINDRICAL_SURFACE ( 'NONE', #3590, 0.05708664500000000530 ) ;
#4255 = DIMENSIONAL_EXPONENTS ( 1.000000000000000000, 0.000000000000000000, 0.000000000000000000, 0.000000000000000000, 0.000000000000000000, 0.000000000000000000, 0.000000000000000000 ) ;
#4256 = DIRECTION ( 'NONE',  ( 0.000000000000000000, 0.000000000000000000, -1.000000000000000000 ) ) ;
#4257 = CARTESIAN_POINT ( 'NONE',  ( -0.1500000810000000073, -0.1220473100000000061, -0.02618111650000000748 ) ) ;
#4258 = EDGE_CURVE ( 'NONE', #3408, #3348, #688, .T. ) ;
#4259 = ORIENTED_EDGE ( 'NONE', *, *, #2803, .T. ) ;
#4260 = DIRECTION ( 'NONE',  ( 0.000000000000000000, 0.000000000000000000, 1.000000000000000000 ) ) ;
#4261 = EDGE_CURVE ( 'NONE', #3393, #3256, #5044, .T. ) ;
#4262 = ADVANCED_FACE ( 'NONE', ( #5576 ), #1623, .T. ) ;
#4263 = DIRECTION ( 'NONE',  ( 0.000000000000000000, 0.000000000000000000, 1.000000000000000000 ) ) ;
#4264 = VERTEX_POINT ( 'NONE', #1283 ) ;
#4265 = CARTESIAN_POINT ( 'NONE',  ( -0.2970120694328598487, 0.04330710999999999589, -0.02150181452653161449 ) ) ;
#4266 = MECHANICAL_DESIGN_GEOMETRIC_PRESENTATION_REPRESENTATION (  '', ( #3126 ), #2001 ) ;
#4267 = CARTESIAN_POINT ( 'NONE',  ( 0.2763739701650266278, 0.04330710999999999589, -0.03093012030338303242 ) ) ;
#4268 = PLANE ( 'NONE',  #3178 ) ;
#4269 = CARTESIAN_POINT ( 'NONE',  ( -0.3047209054532351580, 0.04527561500000001210, -0.02050091451760196679 ) ) ;
#4270 = DIRECTION ( 'NONE',  ( 0.000000000000000000, -1.000000000000000000, 0.000000000000000000 ) ) ;
#4271 = EDGE_CURVE ( 'NONE', #5344, #1362, #3376, .T. ) ;
#4272 = CONICAL_SURFACE ( 'NONE', #4384, 0.02952757500000001076, 1.439896632895325101 ) ;
#4273 = ADVANCED_FACE ( 'NONE', ( #3410 ), #5610, .T. ) ;
#4274 = CARTESIAN_POINT ( 'NONE',  ( 0.1500000810000000073, -0.1023622599999999966, -0.05708664500000000530 ) ) ;
#4275 = CARTESIAN_POINT ( 'NONE',  ( 0.1500000810000000073, -0.1200788050000000107, 0.000000000000000000 ) ) ;
#4276 = EDGE_LOOP ( 'NONE', ( #1165, #5303 ) ) ;
#4277 =( GEOMETRIC_REPRESENTATION_CONTEXT ( 3 ) GLOBAL_UNCERTAINTY_ASSIGNED_CONTEXT ( ( #5279 ) ) GLOBAL_UNIT_ASSIGNED_CONTEXT ( ( #4720, #3627, #3693 ) ) REPRESENTATION_CONTEXT ( 'NONE', 'WORKASPACE' ) );
#4278 = LINE ( 'NONE', #3808, #4893 ) ;
#4279 = AXIS2_PLACEMENT_3D ( 'NONE', #5607, #787, #6091 ) ;
#4280 = CARTESIAN_POINT ( 'NONE',  ( -0.2818370746980515817, 0.04527561499999999822, 0.02841686635271038069 ) ) ;
#4281 = CARTESIAN_POINT ( 'NONE',  ( -0.1500000810000000073, -0.1023622599999999966, -0.03937010000000001203 ) ) ;
#4282 = VECTOR ( 'NONE', #185, 39.37007874015748143 ) ;
#4283 = CARTESIAN_POINT ( 'NONE',  ( -0.3018114003607467732, 0.04527561499999999822, -0.005525733930809127378 ) ) ;
#4284 = FILL_AREA_STYLE ('',( #5335 ) ) ;
#4285 = DIRECTION ( 'NONE',  ( -1.000000000000000000, -0.000000000000000000, -0.000000000000000000 ) ) ;
#4286 = CIRCLE ( 'NONE', #457, 0.02913387400000000058 ) ;
#4287 = ORIENTED_EDGE ( 'NONE', *, *, #3298, .T. ) ;
#4288 = AXIS2_PLACEMENT_3D ( 'NONE', #5647, #5709, #824 ) ;
#4289 = VECTOR ( 'NONE', #2712, 39.37007874015748143 ) ;
#4290 = DIRECTION ( 'NONE',  ( 0.000000000000000000, 0.000000000000000000, -1.000000000000000000 ) ) ;
#4291 = VERTEX_POINT ( 'NONE', #4628 ) ;
#4292 = CARTESIAN_POINT ( 'NONE',  ( -0.1500000810000000073, -0.1811024599999999929, 0.02224410650000000975 ) ) ;
#4293 = CIRCLE ( 'NONE', #2918, 0.05905515000000000070 ) ;
#4294 = ORIENTED_EDGE ( 'NONE', *, *, #427, .F. ) ;
#4295 = CARTESIAN_POINT ( 'NONE',  ( 0.1500000810000000073, -0.1023622599999999966, 0.000000000000000000 ) ) ;
#4296 = DIRECTION ( 'NONE',  ( 0.000000000000000000, 0.000000000000000000, 1.000000000000000000 ) ) ;
#4297 = CARTESIAN_POINT ( 'NONE',  ( -0.2763225666697157745, 0.04527561499999999822, -0.01468344526999535923 ) ) ;
#4298 = ORIENTED_EDGE ( 'NONE', *, *, #3118, .F. ) ;
#4299 = CARTESIAN_POINT ( 'NONE',  ( -0.2776278166840414618, 0.04527561499999999822, -0.002409167178383031255 ) ) ;
#4300 = DIRECTION ( 'NONE',  ( 0.000000000000000000, 0.000000000000000000, -1.000000000000000000 ) ) ;
#4301 = EDGE_LOOP ( 'NONE', ( #2586, #2484, #6185, #6214 ) ) ;
#4302 = CARTESIAN_POINT ( 'NONE',  ( -0.2700541854340414716, 0.04527561499999999822, -0.01405722030338302925 ) ) ;
#4303 = DIRECTION ( 'NONE',  ( -0.000000000000000000, -1.000000000000000000, -0.000000000000000000 ) ) ;
#4304 = CYLINDRICAL_SURFACE ( 'NONE', #945, 0.05905515000000000070 ) ;
#4305 = EDGE_CURVE ( 'NONE', #4711, #4886, #4105, .T. ) ;
#4306 = CARTESIAN_POINT ( 'NONE',  ( -0.2888371631807256090, 0.04527561499999999822, -0.03168435714248621360 ) ) ;
#4307 = ORIENTED_EDGE ( 'NONE', *, *, #3834, .F. ) ;
#4308 = DIRECTION ( 'NONE',  ( 0.000000000000000000, 0.000000000000000000, -1.000000000000000000 ) ) ;
#4309 = ORIENTED_EDGE ( 'NONE', *, *, #3209, .T. ) ;
#4310 = DIRECTION ( 'NONE',  ( 0.000000000000000000, 0.000000000000000000, -1.000000000000000000 ) ) ;
#4311 = LENGTH_MEASURE_WITH_UNIT ( LENGTH_MEASURE( 0.02539999999999999897 ), #6402 );
#4312 = CARTESIAN_POINT ( 'NONE',  ( -0.3047209054532351580, 0.04330711000000000976, -0.02050091451760196679 ) ) ;
#4313 = CARTESIAN_POINT ( 'NONE',  ( 0.05000002700000000244, -0.1220473100000000061, 0.000000000000000000 ) ) ;
#4314 = LINE ( 'NONE', #5500, #4644 ) ;
#4315 = DIRECTION ( 'NONE',  ( 0.000000000000000000, 0.000000000000000000, 1.000000000000000000 ) ) ;
#4316 = ORIENTED_EDGE ( 'NONE', *, *, #5645, .F. ) ;
#4317 = COLOUR_RGB ( '',1.000000000000000000, 0.8117647058823529438, 0.5019607843137254832 ) ;
#4318 = DIRECTION ( 'NONE',  ( -0.000000000000000000, 0.000000000000000000, 1.000000000000000000 ) ) ;
#4319 = STYLED_ITEM ( 'NONE', ( #5451 ), #1115 ) ;
#4320 = DIRECTION ( 'NONE',  ( 0.000000000000000000, 0.000000000000000000, 1.000000000000000000 ) ) ;
#4321 = CARTESIAN_POINT ( 'NONE',  ( -0.2804230377955088116, 0.04330710999999998895, -0.02264110584259382969 ) ) ;
#4322 = ORIENTED_EDGE ( 'NONE', *, *, #4913, .T. ) ;
#4323 = DIRECTION ( 'NONE',  ( -0.000000000000000000, 1.000000000000000000, -0.000000000000000000 ) ) ;
#4324 = DIRECTION ( 'NONE',  ( 0.000000000000000000, -1.000000000000000000, 0.000000000000000000 ) ) ;
#4325 = EDGE_LOOP ( 'NONE', ( #3111, #1913 ) ) ;
#4326 = B_SPLINE_CURVE_WITH_KNOTS ( 'NONE', 3,
 ( #5463, #1718, #1195, #2698, #2, #4369, #1577, #1127, #3260, #6387, #5424, #2133, #5975, #5360, #4302 ),
 .UNSPECIFIED., .F., .F.,
 ( 4, 1, 1, 1, 1, 1, 1, 1, 1, 1, 1, 1, 4 ),
 ( 0.000000000000000000, 0.09191484500950586334, 0.1793500136985497762, 0.2627602509497596883, 0.3438245629315453966, 0.4230536694981507639, 0.5001537638566708743, 0.5774020559630037575, 0.6564709802344417255, 0.7376500484536384628, 0.8208783262149128568, 0.9079232481193409976, 1.000000000000000000 ),
 .UNSPECIFIED. ) ;
#4327 = VECTOR ( 'NONE', #2026, 39.37007874015748143 ) ;
#4328 = CARTESIAN_POINT ( 'NONE',  ( 0.2877954310000000460, -0.02952757499999999688, 1.762238766916914599E-17 ) ) ;
#4329 = CARTESIAN_POINT ( 'NONE',  ( -0.2951948869907417561, 0.04527561500000001210, 0.01945403311107948494 ) ) ;
#4330 = CARTESIAN_POINT ( 'NONE',  ( -0.1500000810000000073, -0.02952757499999999688, 0.05719482648273991471 ) ) ;
#4331 = FACE_OUTER_BOUND ( 'NONE', #5138, .T. ) ;
#4332 = EDGE_LOOP ( 'NONE', ( #4136, #1468 ) ) ;
#4333 =( NAMED_UNIT ( * ) SI_UNIT ( $, .STERADIAN. ) SOLID_ANGLE_UNIT ( ) );
#4334 = CIRCLE ( 'NONE', #6551, 0.05708664499999999142 ) ;
#4335 = CARTESIAN_POINT ( 'NONE',  ( -0.2877954310000000460, 0.04133860712598425718, 1.762238766916914599E-17 ) ) ;
#4336 = VERTEX_POINT ( 'NONE', #6881 ) ;
#4337 = TOROIDAL_SURFACE ( 'NONE', #507, 0.01574804000000000481, 0.003937010000000000336 ) ;
#4338 = DIRECTION ( 'NONE',  ( -0.000000000000000000, 1.000000000000000000, -0.000000000000000000 ) ) ;
#4339 =( CONVERSION_BASED_UNIT ( 'INCH', #536 ) LENGTH_UNIT ( ) NAMED_UNIT ( #6872 ) );
#4340 = CARTESIAN_POINT ( 'NONE',  ( -0.2991687554480017552, 0.04527561499999999822, -0.01638178712921748922 ) ) ;
#4341 = CARTESIAN_POINT ( 'NONE',  ( 0.05000002699999999550, -0.07223479225994784703, -5.409074136996869648E-05 ) ) ;
#4342 = ORIENTED_EDGE ( 'NONE', *, *, #3732, .T. ) ;
#4343 = LINE ( 'NONE', #1582, #451 ) ;
#4344 = CARTESIAN_POINT ( 'NONE',  ( -0.2972689268402914364, 0.04330710999999999589, -0.009383618740883028359 ) ) ;
#4345 = EDGE_LOOP ( 'NONE', ( #6020, #4573 ) ) ;
#4346 = CARTESIAN_POINT ( 'NONE',  ( 0.2698429115712766002, 0.04527561499999999822, 0.02812502969661697175 ) ) ;
#4347 = FACE_OUTER_BOUND ( 'NONE', #196, .T. ) ;
#4348 = CARTESIAN_POINT ( 'NONE',  ( 0.2877954310000000460, 0.04527561499999999822, 1.762238766916914599E-17 ) ) ;
#4349 = DIRECTION ( 'NONE',  ( 0.000000000000000000, -1.000000000000000000, 0.000000000000000000 ) ) ;
#4350 = CARTESIAN_POINT ( 'NONE',  ( -0.06181105699999998176, -0.04527561499999999822, -0.05590554199999997476 ) ) ;
#4351 = EDGE_CURVE ( 'NONE', #5655, #3605, #3032, .T. ) ;
#4352 = DIMENSIONAL_EXPONENTS ( 1.000000000000000000, 0.000000000000000000, 0.000000000000000000, 0.000000000000000000, 0.000000000000000000, 0.000000000000000000, 0.000000000000000000 ) ;
#4353 = ORIENTED_EDGE ( 'NONE', *, *, #5630, .T. ) ;
#4354 = EDGE_CURVE ( 'NONE', #2899, #1068, #2077, .T. ) ;
#4355 = DIRECTION ( 'NONE',  ( -0.000000000000000000, 1.000000000000000000, -0.000000000000000000 ) ) ;
#4356 = ADVANCED_FACE ( 'NONE', ( #3600 ), #4244, .T. ) ;
#4357 = EDGE_CURVE ( 'NONE', #3393, #2973, #472, .T. ) ;
#4358 = DIRECTION ( 'NONE',  ( -0.000000000000000000, 1.000000000000000000, -0.000000000000000000 ) ) ;
#4359 = CARTESIAN_POINT ( 'NONE',  ( -0.2856230103553598632, 0.04330710999999999589, -0.03162520091392208299 ) ) ;
#4360 = ORIENTED_EDGE ( 'NONE', *, *, #2913, .F. ) ;
#4361 = CARTESIAN_POINT ( 'NONE',  ( -0.2877954310000000460, -0.04527561499999999822, 1.762238766916914599E-17 ) ) ;
#4362 = CARTESIAN_POINT ( 'NONE',  ( 0.1500000810000000073, -0.1811024599999999929, 0.01574804000000000481 ) ) ;
#4363 = ORIENTED_EDGE ( 'NONE', *, *, #5009, .T. ) ;
#4364 = CARTESIAN_POINT ( 'NONE',  ( -0.2872360638707434077, 0.04330710999999999589, 0.02196913165237651677 ) ) ;
#4365 = LENGTH_MEASURE_WITH_UNIT ( LENGTH_MEASURE( 0.02539999999999999897 ), #4879 );
#4366 = EDGE_LOOP ( 'NONE', ( #702, #5206, #5773, #363 ) ) ;
#4367 =( CONVERSION_BASED_UNIT ( 'INCH', #3326 ) LENGTH_UNIT ( ) NAMED_UNIT ( #5589 ) );
#4368 = EDGE_LOOP ( 'NONE', ( #6052, #5378, #3191, #5508 ) ) ;
#4369 = CARTESIAN_POINT ( 'NONE',  ( -0.2787340670884270732, 0.04527561499999999822, -0.02961769254804931181 ) ) ;
#4370 = DIRECTION ( 'NONE',  ( 0.000000000000000000, 0.000000000000000000, 1.000000000000000000 ) ) ;
#4371 = DIRECTION ( 'NONE',  ( 0.000000000000000000, 0.000000000000000000, 1.000000000000000000 ) ) ;
#4372 = VERTEX_POINT ( 'NONE', #4762 ) ;
#4373 = CARTESIAN_POINT ( 'NONE',  ( -0.2877954310000000460, -0.1003937550000000151, 0.05905515000000002152 ) ) ;
#4374 = VERTEX_POINT ( 'NONE', #1451 ) ;
#4375 = DIRECTION ( 'NONE',  ( -0.000000000000000000, -1.000000000000000000, -0.000000000000000000 ) ) ;
#4376 = CARTESIAN_POINT ( 'NONE',  ( -0.05000002700000000244, -0.1220473100000000061, 0.000000000000000000 ) ) ;
#4377 = LINE ( 'NONE', #5985, #3174 ) ;
#4378 = FACE_OUTER_BOUND ( 'NONE', #5373, .T. ) ;
#4379 =( NAMED_UNIT ( * ) PLANE_ANGLE_UNIT ( ) SI_UNIT ( $, .RADIAN. ) );
#4380 = CARTESIAN_POINT ( 'NONE',  ( -0.2852383056904384540, 0.04330710999999999589, 0.02196192948305196110 ) ) ;
#4381 = ORIENTED_EDGE ( 'NONE', *, *, #431, .T. ) ;
#4382 = CARTESIAN_POINT ( 'NONE',  ( -0.2884822182040684968, 0.04330710999999998201, -0.005600160213854172946 ) ) ;
#4383 = PRESENTATION_LAYER_ASSIGNMENT (  '', '', ( #344 ) ) ;
#4384 = AXIS2_PLACEMENT_3D ( 'NONE', #4682, #3545, #4715 ) ;
#4385 = VECTOR ( 'NONE', #5638, 39.37007874015748143 ) ;
#4386 = EDGE_CURVE ( 'NONE', #2053, #4374, #5751, .T. ) ;
#4387 = CARTESIAN_POINT ( 'NONE',  ( 0.2877954310000000460, -0.04527561499999999822, 1.762238766916914599E-17 ) ) ;
#4388 = CARTESIAN_POINT ( 'NONE',  ( -0.2736294835926085800, 0.04527561499999995659, -0.02534259838665509079 ) ) ;
#4389 = ADVANCED_FACE ( 'NONE', ( #925 ), #3163, .T. ) ;
#4390 = EDGE_LOOP ( 'NONE', ( #5834, #6230, #4395, #2933 ) ) ;
#4391 = DIRECTION ( 'NONE',  ( -0.000000000000000000, 1.000000000000000000, -0.000000000000000000 ) ) ;
#4392 = FILL_AREA_STYLE_COLOUR ( '', #2162 ) ;
#4393 = ADVANCED_FACE ( 'NONE', ( #504 ), #5434, .T. ) ;
#4394 = COLOUR_RGB ( '',1.000000000000000000, 0.8117647058823529438, 0.5019607843137254832 ) ;
#4395 = ORIENTED_EDGE ( 'NONE', *, *, #1549, .T. ) ;
#4396 =( GEOMETRIC_REPRESENTATION_CONTEXT ( 3 ) GLOBAL_UNCERTAINTY_ASSIGNED_CONTEXT ( ( #5143 ) ) GLOBAL_UNIT_ASSIGNED_CONTEXT ( ( #6365, #5156, #2569 ) ) REPRESENTATION_CONTEXT ( 'NONE', 'WORKASPACE' ) );
#4397 = CARTESIAN_POINT ( 'NONE',  ( 0.3008564521962766025, 0.04330710999999999589, 0.02812502969661697175 ) ) ;
#4398 = AXIS2_PLACEMENT_3D ( 'NONE', #6357, #1689, #1161 ) ;
#4399 = CYLINDRICAL_SURFACE ( 'NONE', #1518, 0.07086617999999995920 ) ;
#4400 = EDGE_CURVE ( 'NONE', #6200, #6868, #4831, .T. ) ;
#4401 = ORIENTED_EDGE ( 'NONE', *, *, #3695, .F. ) ;
#4402 = DIRECTION ( 'NONE',  ( -0.000000000000000000, 1.000000000000000000, -0.000000000000000000 ) ) ;
#4403 = PLANE ( 'NONE',  #3702 ) ;
#4404 = EDGE_CURVE ( 'NONE', #1679, #1041, #1620, .T. ) ;
#4405 = ORIENTED_EDGE ( 'NONE', *, *, #6347, .T. ) ;
#4406 = CARTESIAN_POINT ( 'NONE',  ( 0.1500000810000000073, -0.1220473100000000061, -0.02263780749999999911 ) ) ;
#4407 = ORIENTED_EDGE ( 'NONE', *, *, #6432, .F. ) ;
#4408 = ADVANCED_FACE ( 'NONE', ( #4347 ), #1095, .T. ) ;
#4409 = DIRECTION ( 'NONE',  ( 0.000000000000000000, 0.000000000000000000, -1.000000000000000000 ) ) ;
#4410 = CARTESIAN_POINT ( 'NONE',  ( -0.2988077327464514488, 0.04330710999999998201, -0.01828501347585652359 ) ) ;
#4411 = VERTEX_POINT ( 'NONE', #2213 ) ;
#4412 = CARTESIAN_POINT ( 'NONE',  ( 0.1500000810000000073, -0.1220473100000000061, 0.000000000000000000 ) ) ;
#4413 = ORIENTED_EDGE ( 'NONE', *, *, #6512, .F. ) ;
#4414 = DIRECTION ( 'NONE',  ( 0.000000000000000000, 0.000000000000000000, -1.000000000000000000 ) ) ;
#4415 = CARTESIAN_POINT ( 'NONE',  ( -0.2778941145115369493, 0.04330710999999999589, -0.002524444691135924353 ) ) ;
#4416 = DIRECTION ( 'NONE',  ( 0.000000000000000000, 1.000000000000000000, 0.000000000000000000 ) ) ;
#4417 = CARTESIAN_POINT ( 'NONE',  ( -0.2896199933193643328, 0.04527561499999997741, -0.005880882097440183129 ) ) ;
#4418 = ORIENTED_EDGE ( 'NONE', *, *, #1112, .T. ) ;
#4419 = B_SPLINE_CURVE_WITH_KNOTS ( 'NONE', 3,
 ( #1707, #626, #2756, #4911, #3857, #5997, #1182, #307, #4001, #3563, #2442, #2885, #6638, #5047, #378, #5125, #3486, #6130, #1387 ),
 .UNSPECIFIED., .F., .F.,
 ( 4, 1, 1, 1, 1, 1, 1, 1, 1, 1, 1, 1, 1, 1, 1, 1, 4 ),
 ( 0.000000000000000000, 0.06282749138135949873, 0.1223726895779749246, 0.1803837658619593942, 0.2364891989894687407, 0.2926289502320338354, 0.3503980605968394224, 0.4101926792197943539, 0.4734229773823770970, 0.5102124852509649644, 0.5552799601987786771, 0.6084730122619779191, 0.6698570376582475561, 0.7400379641843825018, 0.8179174674906496412, 0.9048122599055262727, 0.9999999999999998890 ),
 .UNSPECIFIED. ) ;
#4420 = LINE ( 'NONE', #3241, #5791 ) ;
#4421 = CARTESIAN_POINT ( 'NONE',  ( -0.2832321500926100466, 0.04330710999999996813, -0.02410665370879615937 ) ) ;
#4422 = VERTEX_POINT ( 'NONE', #3231 ) ;
#4423 =( CONVERSION_BASED_UNIT ( 'INCH', #3317 ) LENGTH_UNIT ( ) NAMED_UNIT ( #916 ) );
#4424 = SURFACE_STYLE_FILL_AREA ( #2821 ) ;
#4425 = AXIS2_PLACEMENT_3D ( 'NONE', #6335, #4765, #2538 ) ;
#4426 = ORIENTED_EDGE ( 'NONE', *, *, #677, .T. ) ;
#4427 = COLOUR_RGB ( '',0.1019607843137254888, 0.1019607843137254888, 0.1019607843137254888 ) ;
#4428 = DIRECTION ( 'NONE',  ( 0.4677946733724904771, 0.000000000000000000, 0.8838371702776054439 ) ) ;
#4429 = DIRECTION ( 'NONE',  ( 0.000000000000000000, 0.000000000000000000, -1.000000000000000000 ) ) ;
#4430 = VERTEX_POINT ( 'NONE', #5882 ) ;
#4431 = AXIS2_PLACEMENT_3D ( 'NONE', #2570, #4664, #6846 ) ;
#4432 = DIRECTION ( 'NONE',  ( -0.000000000000000000, 1.000000000000000000, -0.000000000000000000 ) ) ;
#4433 = VERTEX_POINT ( 'NONE', #5952 ) ;
#4434 = DIRECTION ( 'NONE',  ( 0.000000000000000000, 0.000000000000000000, -1.000000000000000000 ) ) ;
#4435 = EDGE_CURVE ( 'NONE', #2074, #373, #4144, .T. ) ;
#4436 = CIRCLE ( 'NONE', #5453, 0.05118113000000000523 ) ;
#4437 = ORIENTED_EDGE ( 'NONE', *, *, #468, .T. ) ;
#4438 = DIRECTION ( 'NONE',  ( -0.4677324356742748601, 0.000000000000000000, -0.8838701084538441721 ) ) ;
#4439 = ORIENTED_EDGE ( 'NONE', *, *, #4016, .T. ) ;
#4440 = VECTOR ( 'NONE', #2838, 39.37007874015748143 ) ;
#4441 = AXIS2_PLACEMENT_3D ( 'NONE', #446, #2580, #4216 ) ;
#4442 = CARTESIAN_POINT ( 'NONE',  ( -0.1500000810000000073, -0.1200788050000000107, 0.02913387400000002139 ) ) ;
#4443 = ORIENTED_EDGE ( 'NONE', *, *, #6656, .F. ) ;
#4444 = DIRECTION ( 'NONE',  ( 1.000000000000000000, 0.000000000000000000, 0.000000000000000000 ) ) ;
#4445 = CARTESIAN_POINT ( 'NONE',  ( -0.2964456437994549276, 0.04330710999999998201, -0.001683482018620254027 ) ) ;
#4446 = DIRECTION ( 'NONE',  ( 0.000000000000000000, 1.000000000000000000, 0.000000000000000000 ) ) ;
#4447 = DIRECTION ( 'NONE',  ( 0.000000000000000000, 0.000000000000000000, 1.000000000000000000 ) ) ;
#4448 = CIRCLE ( 'NONE', #3532, 0.02913387400000000058 ) ;
#4449 = AXIS2_PLACEMENT_3D ( 'NONE', #614, #3773, #2106 ) ;
#4450 = LINE ( 'NONE', #580, #3283 ) ;
#4451 = CARTESIAN_POINT ( 'NONE',  ( -0.2776278166840414618, 0.04330710999999999589, -0.002409167178383031255 ) ) ;
#4452 = AXIS2_PLACEMENT_3D ( 'NONE', #3148, #5315, #4256 ) ;
#4453 = PRESENTATION_LAYER_ASSIGNMENT (  '', '', ( #293 ) ) ;
#4454 = CARTESIAN_POINT ( 'NONE',  ( -0.3004734174735941288, 0.04330710999999998895, 0.01044682515558846732 ) ) ;
#4455 = AXIS2_PLACEMENT_3D ( 'NONE', #696, #592, #1746 ) ;
#4456 = DIRECTION ( 'NONE',  ( -0.000000000000000000, 1.000000000000000000, -0.000000000000000000 ) ) ;
#4457 = ORIENTED_EDGE ( 'NONE', *, *, #1761, .T. ) ;
#4458 = CARTESIAN_POINT ( 'NONE',  ( -0.2913363750064600910, 0.04330710999999998895, 0.02859052145730782771 ) ) ;
#4459 = CARTESIAN_POINT ( 'NONE',  ( -0.2856230103553598632, 0.04527561499999996353, -0.03162520091392208299 ) ) ;
#4460 = ORIENTED_EDGE ( 'NONE', *, *, #4858, .T. ) ;
#4461 = CARTESIAN_POINT ( 'NONE',  ( -0.2789289382698492692, 0.04330710999999999589, -0.02122107148888135314 ) ) ;
#4462 = VERTEX_POINT ( 'NONE', #5853 ) ;
#4463 = SURFACE_SIDE_STYLE ('',( #4983 ) ) ;
#4464 = DIRECTION ( 'NONE',  ( -0.000000000000000000, -1.000000000000000000, -0.000000000000000000 ) ) ;
#4465 = ORIENTED_EDGE ( 'NONE', *, *, #1755, .F. ) ;
#4466 = CARTESIAN_POINT ( 'NONE',  ( 0.1500000810000000073, -0.1220473100000000061, 0.000000000000000000 ) ) ;
#4467 = EDGE_LOOP ( 'NONE', ( #3366, #4220, #3325, #5959 ) ) ;
#4468 = DIRECTION ( 'NONE',  ( -0.000000000000000000, -1.000000000000000000, -0.000000000000000000 ) ) ;
#4469 = EDGE_CURVE ( 'NONE', #5311, #3368, #2683, .T. ) ;
#4470 = ORIENTED_EDGE ( 'NONE', *, *, #5026, .T. ) ;
#4471 = CARTESIAN_POINT ( 'NONE',  ( 0.2763739701650266278, 0.04330710999999999589, -0.03093012030338303242 ) ) ;
#4472 = EDGE_CURVE ( 'NONE', #2633, #6443, #2840, .T. ) ;
#4473 = ORIENTED_EDGE ( 'NONE', *, *, #3739, .T. ) ;
#4474 = ADVANCED_FACE ( 'NONE', ( #681 ), #5641, .T. ) ;
#4475 = CLOSED_SHELL ( 'NONE', ( #1538, #3140, #2998, #5547, #3228, #813 ) ) ;
#4476 = CARTESIAN_POINT ( 'NONE',  ( -0.2981028562917627522, 0.04527561499999999822, -0.01999746868061573479 ) ) ;
#4477 = CARTESIAN_POINT ( 'NONE',  ( -0.2865915448090414208, 0.04527561499999999822, 0.02198942969661697375 ) ) ;
#4478 = DIRECTION ( 'NONE',  ( 0.000000000000000000, 0.000000000000000000, 1.000000000000000000 ) ) ;
#4479 = DIRECTION ( 'NONE',  ( 0.000000000000000000, 0.000000000000000000, 1.000000000000000000 ) ) ;
#4480 = CARTESIAN_POINT ( 'NONE',  ( -0.2877954309999999349, -0.02952757499999999688, 1.762238766916914599E-17 ) ) ;
#4481 = DIRECTION ( 'NONE',  ( 3.589081115641317225E-15, 0.000000000000000000, 1.000000000000000000 ) ) ;
#4482 = ORIENTED_EDGE ( 'NONE', *, *, #3614, .T. ) ;
#4483 =( GEOMETRIC_REPRESENTATION_CONTEXT ( 3 ) GLOBAL_UNCERTAINTY_ASSIGNED_CONTEXT ( ( #6657 ) ) GLOBAL_UNIT_ASSIGNED_CONTEXT ( ( #1821, #6662, #6051 ) ) REPRESENTATION_CONTEXT ( 'NONE', 'WORKASPACE' ) );
#4484 = DIRECTION ( 'NONE',  ( 0.000000000000000000, -0.000000000000000000, 1.000000000000000000 ) ) ;
#4485 = CARTESIAN_POINT ( 'NONE',  ( 0.06181105699999998176, -0.04527561499999999822, -0.06889767499999997769 ) ) ;
#4486 = ORIENTED_EDGE ( 'NONE', *, *, #3090, .T. ) ;
#4487 = ADVANCED_FACE ( 'NONE', ( #1764 ), #4509, .T. ) ;
#4488 = PRESENTATION_STYLE_ASSIGNMENT (( #5048 ) ) ;
#4489 = ORIENTED_EDGE ( 'NONE', *, *, #4386, .F. ) ;
#4490 = CARTESIAN_POINT ( 'NONE',  ( -0.1500000810000000073, -0.1220473100000000061, 0.000000000000000000 ) ) ;
#4491 = EDGE_CURVE ( 'NONE', #2157, #1914, #2810, .T. ) ;
#4492 =( NAMED_UNIT ( * ) PLANE_ANGLE_UNIT ( ) SI_UNIT ( $, .RADIAN. ) );
#4493 = AXIS2_PLACEMENT_3D ( 'NONE', #2294, #483, #5314 ) ;
#4494 = LINE ( 'NONE', #5091, #5127 ) ;
#4495 = AXIS2_PLACEMENT_3D ( 'NONE', #4376, #2669, #4829 ) ;
#4496 = ORIENTED_EDGE ( 'NONE', *, *, #1457, .T. ) ;
#4497 = AXIS2_PLACEMENT_3D ( 'NONE', #6605, #3411, #3963 ) ;
#4498 = AXIS2_PLACEMENT_3D ( 'NONE', #6871, #1087, #1611 ) ;
#4499 = ORIENTED_EDGE ( 'NONE', *, *, #56, .T. ) ;
#4500 = CARTESIAN_POINT ( 'NONE',  ( -0.2981763387170724422, 0.04527561499999999822, -0.01054490539508088666 ) ) ;
#4501 = ORIENTED_EDGE ( 'NONE', *, *, #938, .F. ) ;
#4502 = DIRECTION ( 'NONE',  ( 0.000000000000000000, 1.000000000000000000, 0.000000000000000000 ) ) ;
#4503 = ORIENTED_EDGE ( 'NONE', *, *, #4641, .T. ) ;
#4504 = AXIS2_PLACEMENT_3D ( 'NONE', #43, #4895, #81 ) ;
#4505 = CARTESIAN_POINT ( 'NONE',  ( -0.2865915448090414763, 0.04330710999999999589, 0.02198942969661697375 ) ) ;
#4506 = CARTESIAN_POINT ( 'NONE',  ( -0.2928023170955245669, 0.04527561499999999128, -0.02415546852002453670 ) ) ;
#4507 = SURFACE_STYLE_USAGE ( .BOTH. , #2384 ) ;
#4508 = ADVANCED_FACE ( 'NONE', ( #1273 ), #6150, .F. ) ;
#4509 = CYLINDRICAL_SURFACE ( 'NONE', #1684, 0.03937009999999999121 ) ;
#4510 = CARTESIAN_POINT ( 'NONE',  ( -0.2952520243805699107, 0.04330710999999999589, -0.03060709104170500003 ) ) ;
#4511 = DIRECTION ( 'NONE',  ( 0.000000000000000000, 0.000000000000000000, -1.000000000000000000 ) ) ;
#4512 = DIRECTION ( 'NONE',  ( 0.000000000000000000, 0.7071067811865465735, 0.7071067811865484609 ) ) ;
#4513 = DIRECTION ( 'NONE',  ( 0.000000000000000000, -1.000000000000000000, 0.000000000000000000 ) ) ;
#4514 = DIRECTION ( 'NONE',  ( 0.000000000000000000, -1.000000000000000000, 0.000000000000000000 ) ) ;
#4515 = ORIENTED_EDGE ( 'NONE', *, *, #3831, .T. ) ;
#4516 = CARTESIAN_POINT ( 'NONE',  ( -0.3054127741390711970, 0.04330710999999999589, 0.01718333846491707992 ) ) ;
#4517 = LINE ( 'NONE', #4032, #3594 ) ;
#4518 = ORIENTED_EDGE ( 'NONE', *, *, #5381, .T. ) ;
#4519 = CARTESIAN_POINT ( 'NONE',  ( -0.2770602828159770548, 0.04527561499999997047, 0.01846801284098649812 ) ) ;
#4520 = LENGTH_MEASURE_WITH_UNIT ( LENGTH_MEASURE( 0.02539999999999999897 ), #2371 );
#4521 = ORIENTED_EDGE ( 'NONE', *, *, #5340, .T. ) ;
#4522 = EDGE_CURVE ( 'NONE', #1504, #5528, #1125, .T. ) ;
#4523 = CARTESIAN_POINT ( 'NONE',  ( -0.2283465799999999102, -0.02952757499999999688, 0.06889767499999997769 ) ) ;
#4524 =( NAMED_UNIT ( * ) PLANE_ANGLE_UNIT ( ) SI_UNIT ( $, .RADIAN. ) );
#4525 = CARTESIAN_POINT ( 'NONE',  ( -0.03818899699999998842, -0.04527561499999999822, -0.05590554199999997476 ) ) ;
#4526 = AXIS2_PLACEMENT_3D ( 'NONE', #1337, #3544, #4613 ) ;
#4527 = EDGE_LOOP ( 'NONE', ( #726, #5423, #4705, #5524 ) ) ;
#4528 =( GEOMETRIC_REPRESENTATION_CONTEXT ( 3 ) GLOBAL_UNCERTAINTY_ASSIGNED_CONTEXT ( ( #4706 ) ) GLOBAL_UNIT_ASSIGNED_CONTEXT ( ( #4166, #6907, #2102 ) ) REPRESENTATION_CONTEXT ( 'NONE', 'WORKASPACE' ) );
#4529 = PRESENTATION_LAYER_ASSIGNMENT (  '', '', ( #1600 ) ) ;
#4530 = CARTESIAN_POINT ( 'NONE',  ( 0.05000002700000000244, -0.02952757499999999688, 0.000000000000000000 ) ) ;
#4531 = EDGE_LOOP ( 'NONE', ( #1584, #4518, #6774, #282 ) ) ;
#4532 = DIRECTION ( 'NONE',  ( 0.000000000000000000, -0.000000000000000000, -1.000000000000000000 ) ) ;
#4533 = ORIENTED_EDGE ( 'NONE', *, *, #6025, .T. ) ;
#4534 = CARTESIAN_POINT ( 'NONE',  ( 0.3074234615712765906, 0.04527561499999999822, 0.02812502969661697175 ) ) ;
#4535 = AXIS2_PLACEMENT_3D ( 'NONE', #4140, #4729, #2600 ) ;
#4536 = EDGE_LOOP ( 'NONE', ( #3009, #2884, #6755, #1859 ) ) ;
#4537 = CARTESIAN_POINT ( 'NONE',  ( -0.2839372833564702825, 0.04527561500000001210, 0.02182536097030514030 ) ) ;
#4538 = PRESENTATION_STYLE_ASSIGNMENT (( #6689 ) ) ;
#4539 = AXIS2_PLACEMENT_3D ( 'NONE', #144, #6686, #2277 ) ;
#4540 =( LENGTH_UNIT ( ) NAMED_UNIT ( * ) SI_UNIT ( $, .METRE. ) );
#4541 = DIRECTION ( 'NONE',  ( 0.000000000000000000, 0.000000000000000000, 1.000000000000000000 ) ) ;
#4542 = LINE ( 'NONE', #6087, #2164 ) ;
#4543 = CARTESIAN_POINT ( 'NONE',  ( 0.05000002700000000244, -0.1811024599999999929, 0.000000000000000000 ) ) ;
#4544 = LINE ( 'NONE', #2984, #855 ) ;
#4545 = FACE_OUTER_BOUND ( 'NONE', #5889, .T. ) ;
#4546 = B_SPLINE_SURFACE_WITH_KNOTS ( 'NONE', 3, 1, ( 
 ( #3564, #4035 ),
 ( #1355, #2506 ),
 ( #3604, #4073 ),
 ( #5716, #1977 ),
 ( #6199, #6271 ),
 ( #830, #4698 ),
 ( #4556, #3487 ),
 ( #2014, #1937 ),
 ( #4178, #2962 ),
 ( #6303, #1456 ),
 ( #1489, #5126 ),
 ( #4632, #2927 ),
 ( #5087, #266 ),
 ( #2406, #6676 ),
 ( #866, #1872 ),
 ( #4595, #5160 ),
 ( #1389, #5683 ),
 ( #2994, #6850 ),
 ( #5371, #4803 ) ),
 .UNSPECIFIED., .F., .F., .F.,
 ( 4, 1, 1, 1, 1, 1, 1, 1, 1, 1, 1, 1, 1, 1, 1, 1, 4 ),
 ( 2, 2 ),
 ( 0.000000000000000000, 0.06906221142851866335, 0.1347658792836475550, 0.1976107057024327485, 0.2585282108425823733, 0.3181274252810147307, 0.3770582660618971849, 0.4356857915191242880, 0.4947336263914085541, 0.5540911070636520552, 0.6133334186580061687, 0.6729241889746497840, 0.7340655047106270370, 0.7962987887860591973, 0.8612408916846037155, 0.9289703310657816404, 1.000000000000000000 ),
 ( 0.000000000000000000, 1.000000000000000000 ),
 .UNSPECIFIED. ) ;
#4547 = PLANE ( 'NONE',  #1802 ) ;
#4548 = CIRCLE ( 'NONE', #953, 0.07086617999999995920 ) ;
#4549 = ORIENTED_EDGE ( 'NONE', *, *, #2822, .T. ) ;
#4550 = CARTESIAN_POINT ( 'NONE',  ( -0.2878857729340414395, 0.04527561499999999822, -0.005452999990883026712 ) ) ;
#4551 = LINE ( 'NONE', #4070, #3358 ) ;
#4552 = DIRECTION ( 'NONE',  ( -0.000000000000000000, -1.000000000000000000, -0.000000000000000000 ) ) ;
#4553 = ORIENTED_EDGE ( 'NONE', *, *, #6629, .F. ) ;
#4554 = EDGE_CURVE ( 'NONE', #1679, #1200, #3356, .T. ) ;
#4555 = CARTESIAN_POINT ( 'NONE',  ( -0.2777871408192225666, 0.04527561500000001210, 0.01920593186324980745 ) ) ;
#4556 = CARTESIAN_POINT ( 'NONE',  ( -0.2968698789541462935, 0.04330710999999999589, 0.02682747228110679560 ) ) ;
#4557 = ADVANCED_FACE ( 'NONE', ( #1239 ), #218, .F. ) ;
#4558 = ORIENTED_EDGE ( 'NONE', *, *, #6555, .F. ) ;
#4559 = AXIS2_PLACEMENT_3D ( 'NONE', #3441, #3551, #2915 ) ;
#4560 = EDGE_CURVE ( 'NONE', #2404, #2814, #3827, .T. ) ;
#4561 = EDGE_CURVE ( 'NONE', #1398, #6476, #6284, .T. ) ;
#4562 = ADVANCED_FACE ( 'NONE', ( #6054 ), #5459, .T. ) ;
#4563 = CARTESIAN_POINT ( 'NONE',  ( -0.05000002700000000244, -0.1023622599999999966, 0.000000000000000000 ) ) ;
#4564 = SURFACE_SIDE_STYLE ('',( #3936 ) ) ;
#4565 = AXIS2_PLACEMENT_3D ( 'NONE', #2616, #1536, #6829 ) ;
#4566 = LINE ( 'NONE', #4525, #5684 ) ;
#4567 = EDGE_LOOP ( 'NONE', ( #1756, #1250, #2208, #744, #4921, #6194, #1576, #1466, #5807, #1225 ) ) ;
#4568 = B_SPLINE_CURVE_WITH_KNOTS ( 'NONE', 3,
 ( #2123, #5413, #5538, #1770, #590, #5831, #3718, #3754, #6348, #1249, #3790, #28, #5350, #3212, #5380 ),
 .UNSPECIFIED., .F., .F.,
 ( 4, 1, 1, 1, 1, 1, 1, 1, 1, 1, 1, 1, 4 ),
 ( 0.000000000000000000, 0.09191484500950586334, 0.1793500136985497762, 0.2627602509497596883, 0.3438245629315453966, 0.4230536694981507639, 0.5001537638566708743, 0.5774020559630037575, 0.6564709802344417255, 0.7376500484536384628, 0.8208783262149128568, 0.9079232481193409976, 1.000000000000000000 ),
 .UNSPECIFIED. ) ;
#4569 = VERTEX_POINT ( 'NONE', #3505 ) ;
#4570 = SURFACE_STYLE_USAGE ( .BOTH. , #2314 ) ;
#4571 = CARTESIAN_POINT ( 'NONE',  ( -0.1500000810000000073, -0.1220473100000000061, 0.000000000000000000 ) ) ;
#4572 = ADVANCED_FACE ( 'NONE', ( #463 ), #6730, .T. ) ;
#4573 = ORIENTED_EDGE ( 'NONE', *, *, #2175, .F. ) ;
#4574 = DIRECTION ( 'NONE',  ( -0.000000000000000000, 1.000000000000000000, -0.000000000000000000 ) ) ;
#4575 = UNCERTAINTY_MEASURE_WITH_UNIT (LENGTH_MEASURE( 1.000000000000000082E-05 ), #1358, 'distance_accuracy_value', 'NONE');
#4576 = ORIENTED_EDGE ( 'NONE', *, *, #1110, .F. ) ;
#4577 = CYLINDRICAL_SURFACE ( 'NONE', #4526, 0.09100030497545502639 ) ;
#4578 = CARTESIAN_POINT ( 'NONE',  ( -0.2884374888753654664, 0.04527561499999999128, -0.02479071854524524804 ) ) ;
#4579 = ORIENTED_EDGE ( 'NONE', *, *, #6257, .F. ) ;
#4580 = DIRECTION ( 'NONE',  ( 3.589081115641316436E-15, 0.000000000000000000, 1.000000000000000000 ) ) ;
#4581 = EDGE_CURVE ( 'NONE', #671, #5693, #4059, .T. ) ;
#4582 = CARTESIAN_POINT ( 'NONE',  ( -0.2974807554292910883, 0.04527561500000000516, -0.002194250003118405293 ) ) ;
#4583 = DIRECTION ( 'NONE',  ( 0.000000000000000000, 0.7071067811865465735, 0.7071067811865484609 ) ) ;
#4584 = CARTESIAN_POINT ( 'NONE',  ( 0.05000002700000000244, -0.02952757499999999688, 0.000000000000000000 ) ) ;
#4585 = FACE_OUTER_BOUND ( 'NONE', #3908, .T. ) ;
#4586 = CARTESIAN_POINT ( 'NONE',  ( -0.2748258432171898358, 0.04330710999999999589, 0.01401589062114849335 ) ) ;
#4587 = CARTESIAN_POINT ( 'NONE',  ( -0.05000002700000000244, 0.04527561499999999822, -0.02952757500000001076 ) ) ;
#4588 = PRESENTATION_STYLE_ASSIGNMENT (( #4029 ) ) ;
#4589 = ORIENTED_EDGE ( 'NONE', *, *, #133, .F. ) ;
#4590 = CARTESIAN_POINT ( 'NONE',  ( 0.3008564521962766025, 0.04330710999999999589, 0.02812502969661697175 ) ) ;
#4591 = CARTESIAN_POINT ( 'NONE',  ( -0.3064834741289894082, 0.04330710999999999589, 0.01328986117903750881 ) ) ;
#4592 = CARTESIAN_POINT ( 'NONE',  ( 0.2877954310000000460, 0.04133860712598422249, -0.09055122999999992706 ) ) ;
#4593 = CARTESIAN_POINT ( 'NONE',  ( 0.2877954310000000460, -0.1003937550000000151, -0.05905514999999998682 ) ) ;
#4594 = PLANE ( 'NONE',  #3388 ) ;
#4595 = CARTESIAN_POINT ( 'NONE',  ( -0.3064834741289894082, 0.04330710999999999589, 0.01328986117903750881 ) ) ;
#4596 = EDGE_LOOP ( 'NONE', ( #6819, #4316, #2063, #3743 ) ) ;
#4597 = EDGE_CURVE ( 'NONE', #394, #5344, #1374, .T. ) ;
#4598 = EDGE_CURVE ( 'NONE', #4372, #5561, #4167, .T. ) ;
#4599 = CARTESIAN_POINT ( 'NONE',  ( -0.2872980702213435711, 0.04527561499999999128, -0.005311217293554978090 ) ) ;
#4600 = ORIENTED_EDGE ( 'NONE', *, *, #1251, .T. ) ;
#4601 = B_SPLINE_CURVE_WITH_KNOTS ( 'NONE', 3,
 ( #6913, #3199, #3706, #4175, #4210, #547, #2109, #5916, #4246, #2147, #2012, #4283, #3740, #5334, #506, #6847, #4832, #5884, #3777 ),
 .UNSPECIFIED., .F., .F.,
 ( 4, 1, 1, 1, 1, 1, 1, 1, 1, 1, 1, 1, 1, 1, 1, 1, 4 ),
 ( 0.000000000000000000, 0.06961345028915065514, 0.1341558467413843103, 0.1941216639751314754, 0.2492702399547626346, 0.3003975238168702933, 0.3464602541181230899, 0.3882517207597301345, 0.4259028191906374383, 0.4961060560373062867, 0.5655345875935802180, 0.6348462500707496847, 0.7047585289073901027, 0.7756659742820924963, 0.8477253815784792090, 0.9224175839219319606, 1.000000000000000000 ),
 .UNSPECIFIED. ) ;
#4602 = FILL_AREA_STYLE ('',( #6312 ) ) ;
#4603 = CIRCLE ( 'NONE', #5504, 0.05708664500000000530 ) ;
#4604 = EDGE_LOOP ( 'NONE', ( #6281, #5065, #4465, #5389 ) ) ;
#4605 = DIRECTION ( 'NONE',  ( 0.000000000000000000, 0.000000000000000000, -1.000000000000000000 ) ) ;
#4606 = AXIS2_PLACEMENT_3D ( 'NONE', #639, #3797, #4300 ) ;
#4607 = DIRECTION ( 'NONE',  ( 0.000000000000000000, -0.000000000000000000, -1.000000000000000000 ) ) ;
#4608 = AXIS2_PLACEMENT_3D ( 'NONE', #1862, #2949, #749 ) ;
#4609 = ORIENTED_EDGE ( 'NONE', *, *, #5976, .T. ) ;
#4610 = CARTESIAN_POINT ( 'NONE',  ( -0.2720696004342240681, 0.04330710999999999589, 0.001433081516908632329 ) ) ;
#4611 = ORIENTED_EDGE ( 'NONE', *, *, #2736, .T. ) ;
#4612 = CIRCLE ( 'NONE', #4279, 0.05708664499999999142 ) ;
#4613 = DIRECTION ( 'NONE',  ( 0.000000000000000000, 0.000000000000000000, -1.000000000000000000 ) ) ;
#4614 = AXIS2_PLACEMENT_3D ( 'NONE', #155, #1143, #3853 ) ;
#4615 = SURFACE_SIDE_STYLE ('',( #3052 ) ) ;
#4616 = ORIENTED_EDGE ( 'NONE', *, *, #6014, .F. ) ;
#4617 = LINE ( 'NONE', #706, #4440 ) ;
#4618 = ADVANCED_FACE ( 'NONE', ( #428 ), #2555, .F. ) ;
#4619 =( LENGTH_UNIT ( ) NAMED_UNIT ( * ) SI_UNIT ( $, .METRE. ) );
#4620 = FACE_OUTER_BOUND ( 'NONE', #4536, .T. ) ;
#4621 = AXIS2_PLACEMENT_3D ( 'NONE', #4624, #6630, #2363 ) ;
#4622 =( NAMED_UNIT ( * ) SI_UNIT ( $, .STERADIAN. ) SOLID_ANGLE_UNIT ( ) );
#4623 =( NAMED_UNIT ( * ) PLANE_ANGLE_UNIT ( ) SI_UNIT ( $, .RADIAN. ) );
#4624 = CARTESIAN_POINT ( 'NONE',  ( 0.2877954310000000460, 0.04133860499999999355, -0.05511813999999998215 ) ) ;
#4625 = LINE ( 'NONE', #1930, #5830 ) ;
#4626 = EDGE_LOOP ( 'NONE', ( #3091, #423, #5275, #6898 ) ) ;
#4627 = DIRECTION ( 'NONE',  ( -0.000000000000000000, 1.000000000000000000, -0.000000000000000000 ) ) ;
#4628 = CARTESIAN_POINT ( 'NONE',  ( -0.2877954310000000460, 0.04527561499999999822, 0.08661422212598421377 ) ) ;
#4629 = DIRECTION ( 'NONE',  ( 0.000000000000000000, 0.000000000000000000, -1.000000000000000000 ) ) ;
#4630 =( LENGTH_UNIT ( ) NAMED_UNIT ( * ) SI_UNIT ( $, .METRE. ) );
#4631 = DIRECTION ( 'NONE',  ( -0.000000000000000000, 1.000000000000000000, -0.000000000000000000 ) ) ;
#4632 = CARTESIAN_POINT ( 'NONE',  ( -0.3037238451804166184, 0.04330710999999999589, 0.02061520957055486269 ) ) ;
#4633 = ORIENTED_EDGE ( 'NONE', *, *, #2606, .T. ) ;
#4634 =( LENGTH_UNIT ( ) NAMED_UNIT ( * ) SI_UNIT ( $, .METRE. ) );
#4635 = CARTESIAN_POINT ( 'NONE',  ( -0.2845493380454994781, 0.04330710999999998201, -0.004613883429252091384 ) ) ;
#4636 = VERTEX_POINT ( 'NONE', #5147 ) ;
#4637 = CARTESIAN_POINT ( 'NONE',  ( 0.1500000810000000073, -0.1811024599999999929, 0.000000000000000000 ) ) ;
#4638 = ORIENTED_EDGE ( 'NONE', *, *, #531, .F. ) ;
#4639 = DIRECTION ( 'NONE',  ( -0.000000000000000000, -1.000000000000000000, -0.000000000000000000 ) ) ;
#4640 = CARTESIAN_POINT ( 'NONE',  ( 0.1381890509999999794, -0.04527561499999999822, 0.05595963274136995375 ) ) ;
#4641 = EDGE_CURVE ( 'NONE', #5179, #4103, #3056, .T. ) ;
#4642 = UNCERTAINTY_MEASURE_WITH_UNIT (LENGTH_MEASURE( 1.000000000000000082E-05 ), #5658, 'distance_accuracy_value', 'NONE');
#4643 = ORIENTED_EDGE ( 'NONE', *, *, #2496, .T. ) ;
#4644 = VECTOR ( 'NONE', #1732, 39.37007874015747433 ) ;
#4645 = DIRECTION ( 'NONE',  ( 0.000000000000000000, 0.000000000000000000, -1.000000000000000000 ) ) ;
#4646 = EDGE_CURVE ( 'NONE', #1141, #2755, #6324, .T. ) ;
#4647 = EDGE_CURVE ( 'NONE', #6415, #2941, #6176, .T. ) ;
#4648 = LENGTH_MEASURE_WITH_UNIT ( LENGTH_MEASURE( 0.02539999999999999897 ), #2487 );
#4649 = AXIS2_PLACEMENT_3D ( 'NONE', #5377, #660, #198 ) ;
#4650 = ORIENTED_EDGE ( 'NONE', *, *, #2999, .F. ) ;
#4651 = CARTESIAN_POINT ( 'NONE',  ( -0.2888371631807256090, 0.04330710999999999589, -0.03168435714248621360 ) ) ;
#4652 = AXIS2_PLACEMENT_3D ( 'NONE', #2594, #2000, #3694 ) ;
#4653 = CIRCLE ( 'NONE', #939, 0.003937009999999999468 ) ;
#4654 = CARTESIAN_POINT ( 'NONE',  ( -0.3052894788628106038, 0.04330710999999998895, -0.01360920641885193100 ) ) ;
#4655 = DIMENSIONAL_EXPONENTS ( 1.000000000000000000, 0.000000000000000000, 0.000000000000000000, 0.000000000000000000, 0.000000000000000000, 0.000000000000000000, 0.000000000000000000 ) ;
#4656 = CARTESIAN_POINT ( 'NONE',  ( 0.2877954310000000460, 0.03346458500000000502, 1.762238766916914599E-17 ) ) ;
#4657 = LINE ( 'NONE', #6769, #2419 ) ;
#4658 = DIRECTION ( 'NONE',  ( -0.000000000000000000, 1.000000000000000000, -0.000000000000000000 ) ) ;
#4659 = FACE_BOUND ( 'NONE', #4345, .T. ) ;
#4660 = AXIS2_PLACEMENT_3D ( 'NONE', #5, #570, #4371 ) ;
#4661 = DIRECTION ( 'NONE',  ( 0.000000000000000000, 0.000000000000000000, -1.000000000000000000 ) ) ;
#4662 = CARTESIAN_POINT ( 'NONE',  ( -0.2965169183431903277, 0.04527561499999997741, 0.01841222099253130018 ) ) ;
#4663 = ORIENTED_EDGE ( 'NONE', *, *, #654, .F. ) ;
#4664 = DIRECTION ( 'NONE',  ( 0.000000000000000000, -1.000000000000000000, 0.000000000000000000 ) ) ;
#4665 = DIRECTION ( 'NONE',  ( 1.000000000000000000, 0.000000000000000000, 0.000000000000000000 ) ) ;
#4666 = FACE_OUTER_BOUND ( 'NONE', #4910, .T. ) ;
#4667 = DIRECTION ( 'NONE',  ( 0.000000000000000000, 0.000000000000000000, -1.000000000000000000 ) ) ;
#4668 = ORIENTED_EDGE ( 'NONE', *, *, #2999, .T. ) ;
#4669 = CIRCLE ( 'NONE', #1742, 0.05905515000000000070 ) ;
#4670 = STYLED_ITEM ( 'NONE', ( #514 ), #3955 ) ;
#4671 = AXIS2_PLACEMENT_3D ( 'NONE', #4563, #1811, #3967 ) ;
#4672 = CARTESIAN_POINT ( 'NONE',  ( -0.3068677854340414735, 0.04330710999999999589, 0.008951279696616970191 ) ) ;
#4673 = VECTOR ( 'NONE', #1094, 39.37007874015747433 ) ;
#4674 = ORIENTED_EDGE ( 'NONE', *, *, #2696, .T. ) ;
#4675 = ORIENTED_EDGE ( 'NONE', *, *, #1626, .T. ) ;
#4676 = MECHANICAL_DESIGN_GEOMETRIC_PRESENTATION_REPRESENTATION (  '', ( #6240 ), #1964 ) ;
#4677 = CARTESIAN_POINT ( 'NONE',  ( 0.3012878615712766273, 0.04527561499999999822, 0.01614143594661697143 ) ) ;
#4678 = LINE ( 'NONE', #5252, #5797 ) ;
#4679 = FACE_OUTER_BOUND ( 'NONE', #5580, .T. ) ;
#4680 = EDGE_LOOP ( 'NONE', ( #1001, #104, #4470, #1074 ) ) ;
#4681 = CARTESIAN_POINT ( 'NONE',  ( 0.05000002700000000244, -0.1023622599999999966, 0.05708664500000004000 ) ) ;
#4682 = CARTESIAN_POINT ( 'NONE',  ( -0.05000002700000000244, 0.04527561499999999822, 0.000000000000000000 ) ) ;
#4683 = ORIENTED_EDGE ( 'NONE', *, *, #5806, .F. ) ;
#4684 = EDGE_CURVE ( 'NONE', #4872, #1303, #2624, .T. ) ;
#4685 = CARTESIAN_POINT ( 'NONE',  ( 0.2877954310000000460, 0.03346458500000000502, 0.07086617999999997308 ) ) ;
#4686 = EDGE_CURVE ( 'NONE', #809, #2196, #1648, .T. ) ;
#4687 = DIRECTION ( 'NONE',  ( -0.000000000000000000, 1.000000000000000000, -0.000000000000000000 ) ) ;
#4688 = CARTESIAN_POINT ( 'NONE',  ( 0.05000002700000000244, -0.1771654499999999743, 0.000000000000000000 ) ) ;
#4689 = EDGE_CURVE ( 'NONE', #4103, #4291, #1011, .T. ) ;
#4690 = CARTESIAN_POINT ( 'NONE',  ( -0.2754140326676920991, 0.04330710999999998895, 0.01595796379878327773 ) ) ;
#4691 = CARTESIAN_POINT ( 'NONE',  ( 0.2877954310000000460, 0.04133860712598422249, 0.09055122999999995481 ) ) ;
#4692 = FACE_OUTER_BOUND ( 'NONE', #5356, .T. ) ;
#4693 = ORIENTED_EDGE ( 'NONE', *, *, #6132, .F. ) ;
#4694 = CARTESIAN_POINT ( 'NONE',  ( -0.05000002700000000244, -0.1771654499999999743, 0.000000000000000000 ) ) ;
#4695 = CARTESIAN_POINT ( 'NONE',  ( 0.1618111110000000352, -0.02952757499999999688, -0.05590554199999997476 ) ) ;
#4696 = CARTESIAN_POINT ( 'NONE',  ( 0.2877954310000000460, 0.03346458500000000502, 1.762238766916914599E-17 ) ) ;
#4697 = CARTESIAN_POINT ( 'NONE',  ( -0.2991779551850775043, 0.04330710999999998895, -0.01476610887293659628 ) ) ;
#4698 = CARTESIAN_POINT ( 'NONE',  ( -0.2951343863332919759, 0.04527561499999996353, 0.02758535607632614517 ) ) ;
#4699 = DIMENSIONAL_EXPONENTS ( 1.000000000000000000, 0.000000000000000000, 0.000000000000000000, 0.000000000000000000, 0.000000000000000000, 0.000000000000000000, 0.000000000000000000 ) ;
#4700 = EDGE_LOOP ( 'NONE', ( #912, #4287, #2741, #6346 ) ) ;
#4701 = AXIS2_PLACEMENT_3D ( 'NONE', #6083, #2456, #1304 ) ;
#4702 = DIRECTION ( 'NONE',  ( 0.000000000000000000, 0.000000000000000000, 1.000000000000000000 ) ) ;
#4703 = CARTESIAN_POINT ( 'NONE',  ( -0.2773116158182962199, 0.04330710999999999589, 0.02685071639206850977 ) ) ;
#4704 = CARTESIAN_POINT ( 'NONE',  ( 0.05000002700000000244, 0.04527561499999999822, 0.000000000000000000 ) ) ;
#4705 = ORIENTED_EDGE ( 'NONE', *, *, #3086, .T. ) ;
#4706 = UNCERTAINTY_MEASURE_WITH_UNIT (LENGTH_MEASURE( 1.000000000000000082E-05 ), #4166, 'distance_accuracy_value', 'NONE');
#4707 = CARTESIAN_POINT ( 'NONE',  ( -0.05000002700000000244, -0.1200788050000000107, -0.02913387400000000058 ) ) ;
#4708 = CARTESIAN_POINT ( 'NONE',  ( -0.2804230377955088116, 0.04527561499999999128, -0.02264110584259382969 ) ) ;
#4709 = AXIS2_PLACEMENT_3D ( 'NONE', #3596, #3335, #2704 ) ;
#4710 = LINE ( 'NONE', #1433, #2837 ) ;
#4711 = VERTEX_POINT ( 'NONE', #2135 ) ;
#4712 = CARTESIAN_POINT ( 'NONE',  ( -0.2843992673026132789, 0.04527561499999999822, 0.002149892814663456088 ) ) ;
#4713 = AXIS2_PLACEMENT_3D ( 'NONE', #1828, #3309, #6504 ) ;
#4714 = CIRCLE ( 'NONE', #4606, 0.05708664500000004000 ) ;
#4715 = DIRECTION ( 'NONE',  ( 0.000000000000000000, 0.000000000000000000, -1.000000000000000000 ) ) ;
#4716 = AXIS2_PLACEMENT_3D ( 'NONE', #6495, #3882, #3226 ) ;
#4717 = ORIENTED_EDGE ( 'NONE', *, *, #3555, .T. ) ;
#4718 = CARTESIAN_POINT ( 'NONE',  ( -0.3041959415166746172, 0.04330710999999998201, -0.02200163123815658192 ) ) ;
#4719 = CARTESIAN_POINT ( 'NONE',  ( -0.2894076893402914297, 0.04330710999999999589, 0.0007065671966169690841 ) ) ;
#4720 =( CONVERSION_BASED_UNIT ( 'INCH', #2701 ) LENGTH_UNIT ( ) NAMED_UNIT ( #4117 ) );
#4721 = DIRECTION ( 'NONE',  ( 0.000000000000000000, 0.000000000000000000, -1.000000000000000000 ) ) ;
#4722 = AXIS2_PLACEMENT_3D ( 'NONE', #5110, #3400, #4541 ) ;
#4723 = CIRCLE ( 'NONE', #3249, 0.02224410649999999587 ) ;
#4724 = CARTESIAN_POINT ( 'NONE',  ( 0.2877954310000000460, 0.04133860712598425025, -0.08661422212598419990 ) ) ;
#4725 = ADVANCED_FACE ( 'NONE', ( #3764 ), #4852, .T. ) ;
#4726 = DIRECTION ( 'NONE',  ( 0.000000000000000000, 0.000000000000000000, -1.000000000000000000 ) ) ;
#4727 = ORIENTED_EDGE ( 'NONE', *, *, #4896, .T. ) ;
#4728 = VECTOR ( 'NONE', #924, 39.37007874015748143 ) ;
#4729 = DIRECTION ( 'NONE',  ( 0.000000000000000000, 0.000000000000000000, -1.000000000000000000 ) ) ;
#4730 = DIRECTION ( 'NONE',  ( -0.000000000000000000, 1.000000000000000000, -0.000000000000000000 ) ) ;
#4731 = DIRECTION ( 'NONE',  ( 0.000000000000000000, 1.000000000000000000, 0.000000000000000000 ) ) ;
#4732 = FACE_OUTER_BOUND ( 'NONE', #742, .T. ) ;
#4733 = ORIENTED_EDGE ( 'NONE', *, *, #311, .T. ) ;
#4734 = CIRCLE ( 'NONE', #2364, 0.02952757500000000035 ) ;
#4735 = EDGE_CURVE ( 'NONE', #357, #4411, #36, .T. ) ;
#4736 = CARTESIAN_POINT ( 'NONE',  ( -0.2685202854340414391, 0.04330710999999999589, 0.01169552266536696972 ) ) ;
#4737 = ORIENTED_EDGE ( 'NONE', *, *, #6897, .T. ) ;
#4738 =( CONVERSION_BASED_UNIT ( 'INCH', #1495 ) LENGTH_UNIT ( ) NAMED_UNIT ( #6259 ) );
#4739 = ORIENTED_EDGE ( 'NONE', *, *, #2175, .T. ) ;
#4740 = CARTESIAN_POINT ( 'NONE',  ( 0.2877954310000000460, 0.03346458500000000502, 1.762238766916914599E-17 ) ) ;
#4741 = DIMENSIONAL_EXPONENTS ( 1.000000000000000000, 0.000000000000000000, 0.000000000000000000, 0.000000000000000000, 0.000000000000000000, 0.000000000000000000, 0.000000000000000000 ) ;
#4742 = CARTESIAN_POINT ( 'NONE',  ( -0.03818899699999998842, -0.04527561499999999822, -0.06889767499999997769 ) ) ;
#4743 = CARTESIAN_POINT ( 'NONE',  ( -0.06181105699999998176, -0.04527561499999999822, 0.05590554199999997476 ) ) ;
#4744 = LINE ( 'NONE', #6721, #6328 ) ;
#4745 = ORIENTED_EDGE ( 'NONE', *, *, #3667, .T. ) ;
#4746 = CARTESIAN_POINT ( 'NONE',  ( -0.05000002700000000244, -0.1023622599999999966, 0.000000000000000000 ) ) ;
#4747 =( NAMED_UNIT ( * ) SI_UNIT ( $, .STERADIAN. ) SOLID_ANGLE_UNIT ( ) );
#4748 = ORIENTED_EDGE ( 'NONE', *, *, #4435, .F. ) ;
#4749 = CARTESIAN_POINT ( 'NONE',  ( -0.2818723945075569115, 0.04527561499999999128, 0.002983838964311399770 ) ) ;
#4750 = DIRECTION ( 'NONE',  ( 0.000000000000000000, -1.000000000000000000, 0.000000000000000000 ) ) ;
#4751 = PLANE ( 'NONE',  #2961 ) ;
#4752 =( GEOMETRIC_REPRESENTATION_CONTEXT ( 3 ) GLOBAL_UNCERTAINTY_ASSIGNED_CONTEXT ( ( #3647 ) ) GLOBAL_UNIT_ASSIGNED_CONTEXT ( ( #4423, #5017, #691 ) ) REPRESENTATION_CONTEXT ( 'NONE', 'WORKASPACE' ) );
#4753 =( CONVERSION_BASED_UNIT ( 'INCH', #2557 ) LENGTH_UNIT ( ) NAMED_UNIT ( #4655 ) );
#4754 = FACE_OUTER_BOUND ( 'NONE', #6687, .T. ) ;
#4755 = DIRECTION ( 'NONE',  ( -0.000000000000000000, 1.000000000000000000, -0.000000000000000000 ) ) ;
#4756 = CARTESIAN_POINT ( 'NONE',  ( -0.2966899088940606055, 0.04330710999999998895, -0.008806232242918413458 ) ) ;
#4757 = CIRCLE ( 'NONE', #487, 0.01968505000000000602 ) ;
#4758 = VECTOR ( 'NONE', #1488, 39.37007874015747433 ) ;
#4759 = CARTESIAN_POINT ( 'NONE',  ( -0.2976393227676831232, 0.04527561500000001210, 0.01721804999091686855 ) ) ;
#4760 = EDGE_LOOP ( 'NONE', ( #5909, #2372, #2275, #1131 ) ) ;
#4761 = DIRECTION ( 'NONE',  ( 0.000000000000000000, 0.000000000000000000, -1.000000000000000000 ) ) ;
#4762 = CARTESIAN_POINT ( 'NONE',  ( 0.2877954310000000460, 0.03346458500000000502, -0.05511813999999998215 ) ) ;
#4763 = LINE ( 'NONE', #1555, #1390 ) ;
#4764 = LINE ( 'NONE', #1487, #6316 ) ;
#4765 = DIRECTION ( 'NONE',  ( -0.000000000000000000, 1.000000000000000000, -0.000000000000000000 ) ) ;
#4766 = CARTESIAN_POINT ( 'NONE',  ( -0.05000002700000000244, -0.1220473100000000061, 0.000000000000000000 ) ) ;
#4767 = CIRCLE ( 'NONE', #2508, 0.003937010000000002070 ) ;
#4768 = EDGE_LOOP ( 'NONE', ( #2269, #5963 ) ) ;
#4769 = VECTOR ( 'NONE', #5527, 39.37007874015748143 ) ;
#4770 = ADVANCED_FACE ( 'NONE', ( #3188 ), #6389, .F. ) ;
#4771 = CARTESIAN_POINT ( 'NONE',  ( 0.1500000810000000073, -0.1771654499999999743, 0.000000000000000000 ) ) ;
#4772 = EDGE_CURVE ( 'NONE', #5921, #1720, #2065, .T. ) ;
#4773 = ORIENTED_EDGE ( 'NONE', *, *, #2997, .F. ) ;
#4774 = DIRECTION ( 'NONE',  ( -0.000000000000000000, 1.000000000000000000, -0.000000000000000000 ) ) ;
#4775 = EDGE_CURVE ( 'NONE', #6855, #589, #78, .T. ) ;
#4776 = ORIENTED_EDGE ( 'NONE', *, *, #326, .T. ) ;
#4777 = EDGE_CURVE ( 'NONE', #6620, #4336, #2581, .T. ) ;
#4778 = DIRECTION ( 'NONE',  ( 0.000000000000000000, 0.000000000000000000, 1.000000000000000000 ) ) ;
#4779 = MECHANICAL_DESIGN_GEOMETRIC_PRESENTATION_REPRESENTATION (  '', ( #286 ), #5562 ) ;
#4780 = CARTESIAN_POINT ( 'NONE',  ( -0.2865915448090414208, 0.04330710999999999589, 0.02198942969661697375 ) ) ;
#4781 = DIRECTION ( 'NONE',  ( -0.000000000000000000, 1.000000000000000000, -0.000000000000000000 ) ) ;
#4782 = VECTOR ( 'NONE', #4358, 39.37007874015748143 ) ;
#4783 = ORIENTED_EDGE ( 'NONE', *, *, #5074, .T. ) ;
#4784 = VECTOR ( 'NONE', #137, 39.37007874015748143 ) ;
#4785 = CARTESIAN_POINT ( 'NONE',  ( 0.05000002700000000244, -0.1220473100000000061, 0.000000000000000000 ) ) ;
#4786 = CIRCLE ( 'NONE', #6554, 0.05905515000000000070 ) ;
#4787 = DIRECTION ( 'NONE',  ( 0.000000000000000000, -1.000000000000000000, 0.000000000000000000 ) ) ;
#4788 = ORIENTED_EDGE ( 'NONE', *, *, #1760, .F. ) ;
#4789 = FACE_OUTER_BOUND ( 'NONE', #2479, .T. ) ;
#4790 = DIRECTION ( 'NONE',  ( 0.4677946733724904771, 0.000000000000000000, 0.8838371702776054439 ) ) ;
#4791 = DIMENSIONAL_EXPONENTS ( 1.000000000000000000, 0.000000000000000000, 0.000000000000000000, 0.000000000000000000, 0.000000000000000000, 0.000000000000000000, 0.000000000000000000 ) ;
#4792 = PLANE ( 'NONE',  #4989 ) ;
#4793 = AXIS2_PLACEMENT_3D ( 'NONE', #30, #5383, #2825 ) ;
#4794 = CARTESIAN_POINT ( 'NONE',  ( -0.2991982854340414777, 0.04527561499999999822, -0.01537541561588303025 ) ) ;
#4795 = SURFACE_STYLE_USAGE ( .BOTH. , #3592 ) ;
#4796 = DIRECTION ( 'NONE',  ( 0.000000000000000000, 0.000000000000000000, -1.000000000000000000 ) ) ;
#4797 = ORIENTED_EDGE ( 'NONE', *, *, #2571, .T. ) ;
#4798 = FILL_AREA_STYLE ('',( #1027 ) ) ;
#4799 = CARTESIAN_POINT ( 'NONE',  ( -0.2690549332144062666, 0.04527561499999999822, 0.01639423124726207409 ) ) ;
#4800 = DIRECTION ( 'NONE',  ( -0.000000000000000000, -1.000000000000000000, -0.000000000000000000 ) ) ;
#4801 = DIRECTION ( 'NONE',  ( 0.000000000000000000, 0.000000000000000000, -1.000000000000000000 ) ) ;
#4802 = CARTESIAN_POINT ( 'NONE',  ( -0.2877954310000000460, -0.04527561499999999822, -0.09055122999999995481 ) ) ;
#4803 = CARTESIAN_POINT ( 'NONE',  ( -0.3068677854340414735, 0.04527561499999997741, 0.008951279696616970191 ) ) ;
#4804 = VECTOR ( 'NONE', #2914, 39.37007874015748143 ) ;
#4805 = ORIENTED_EDGE ( 'NONE', *, *, #1142, .F. ) ;
#4806 = CARTESIAN_POINT ( 'NONE',  ( -0.2877954310000000460, -0.1003937550000000151, 1.762238766916914599E-17 ) ) ;
#4807 = VERTEX_POINT ( 'NONE', #6904 ) ;
#4808 = DIRECTION ( 'NONE',  ( -0.000000000000000000, -1.000000000000000000, -0.000000000000000000 ) ) ;
#4809 = ORIENTED_EDGE ( 'NONE', *, *, #4581, .T. ) ;
#4810 = DIRECTION ( 'NONE',  ( 0.000000000000000000, 0.000000000000000000, 1.000000000000000000 ) ) ;
#4811 = CARTESIAN_POINT ( 'NONE',  ( -0.2965169183431903277, 0.04527561499999997741, 0.01841222099253130018 ) ) ;
#4812 = ADVANCED_FACE ( 'NONE', ( #1545 ), #6420, .F. ) ;
#4813 = CARTESIAN_POINT ( 'NONE',  ( -0.2283465799999999102, -0.02952757499999999688, 0.06889767499999997769 ) ) ;
#4814 = VERTEX_POINT ( 'NONE', #3155 ) ;
#4815 = LINE ( 'NONE', #6929, #6752 ) ;
#4816 = DIRECTION ( 'NONE',  ( 0.000000000000000000, 0.000000000000000000, 1.000000000000000000 ) ) ;
#4817 = ORIENTED_EDGE ( 'NONE', *, *, #6424, .T. ) ;
#4818 = DIRECTION ( 'NONE',  ( -0.000000000000000000, -1.000000000000000000, -0.000000000000000000 ) ) ;
#4819 = AXIS2_PLACEMENT_3D ( 'NONE', #1025, #3160, #4796 ) ;
#4820 = AXIS2_PLACEMENT_3D ( 'NONE', #880, #3116, #3014 ) ;
#4821 = CARTESIAN_POINT ( 'NONE',  ( -0.1618111109999999797, -0.02952757499999999688, 0.06889767499999997769 ) ) ;
#4822 = DIRECTION ( 'NONE',  ( -0.000000000000000000, 1.000000000000000000, -0.000000000000000000 ) ) ;
#4823 = FACE_OUTER_BOUND ( 'NONE', #442, .T. ) ;
#4824 = ORIENTED_EDGE ( 'NONE', *, *, #6518, .T. ) ;
#4825 = CARTESIAN_POINT ( 'NONE',  ( -0.2877954310000000460, 0.03346458499999999808, 0.05905515000000002152 ) ) ;
#4826 = SURFACE_STYLE_FILL_AREA ( #2247 ) ;
#4827 = ORIENTED_EDGE ( 'NONE', *, *, #2262, .F. ) ;
#4828 = MECHANICAL_DESIGN_GEOMETRIC_PRESENTATION_REPRESENTATION (  '', ( #3022 ), #5621 ) ;
#4829 = DIRECTION ( 'NONE',  ( 0.000000000000000000, 0.000000000000000000, 1.000000000000000000 ) ) ;
#4830 = FACE_OUTER_BOUND ( 'NONE', #1543, .T. ) ;
#4831 = CIRCLE ( 'NONE', #5732, 0.02913387400000002139 ) ;
#4832 = CARTESIAN_POINT ( 'NONE',  ( -0.3052894788628106038, 0.04527561499999999128, -0.01360920641885193100 ) ) ;
#4833 = SURFACE_STYLE_FILL_AREA ( #4284 ) ;
#4834 = CARTESIAN_POINT ( 'NONE',  ( 0.06181105699999998176, -0.04527561499999999822, -0.05590554199999997476 ) ) ;
#4835 = CIRCLE ( 'NONE', #1795, 0.05708664500000004000 ) ;
#4836 = DIMENSIONAL_EXPONENTS ( 1.000000000000000000, 0.000000000000000000, 0.000000000000000000, 0.000000000000000000, 0.000000000000000000, 0.000000000000000000, 0.000000000000000000 ) ;
#4837 = ORIENTED_EDGE ( 'NONE', *, *, #1155, .T. ) ;
#4838 = CARTESIAN_POINT ( 'NONE',  ( -0.3007321854340414546, 0.04330710999999999589, 0.008184329696616971309 ) ) ;
#4839 = DIRECTION ( 'NONE',  ( -1.000000000000000000, 0.000000000000000000, 0.000000000000000000 ) ) ;
#4840 = EDGE_LOOP ( 'NONE', ( #3976, #2040, #6096, #6559 ) ) ;
#4841 = CARTESIAN_POINT ( 'NONE',  ( 0.05000002700000000244, -0.1200788050000000107, -0.02913387400000000058 ) ) ;
#4842 = PRESENTATION_LAYER_ASSIGNMENT (  '', '', ( #1247 ) ) ;
#4843 = ORIENTED_EDGE ( 'NONE', *, *, #3012, .T. ) ;
#4844 = FACE_OUTER_BOUND ( 'NONE', #5563, .T. ) ;
#4845 = CARTESIAN_POINT ( 'NONE',  ( -0.2884969484217985713, 0.04527561500000000516, 0.02192942221332308886 ) ) ;
#4846 = CARTESIAN_POINT ( 'NONE',  ( -0.2283465799999999102, -0.04527561499999999822, 0.06889767499999997769 ) ) ;
#4847 = ORIENTED_EDGE ( 'NONE', *, *, #3384, .F. ) ;
#4848 = DIRECTION ( 'NONE',  ( 0.000000000000000000, 1.000000000000000000, 0.000000000000000000 ) ) ;
#4849 = DIRECTION ( 'NONE',  ( 0.000000000000000000, 0.000000000000000000, -1.000000000000000000 ) ) ;
#4850 = ORIENTED_EDGE ( 'NONE', *, *, #3831, .F. ) ;
#4851 = CARTESIAN_POINT ( 'NONE',  ( 0.05000002700000000244, -0.1771654499999999743, -0.02618111650000000054 ) ) ;
#4852 = CYLINDRICAL_SURFACE ( 'NONE', #5626, 0.09100030497545502639 ) ;
#4853 = DIRECTION ( 'NONE',  ( 0.000000000000000000, 0.000000000000000000, 1.000000000000000000 ) ) ;
#4854 = EDGE_CURVE ( 'NONE', #6508, #3681, #2099, .T. ) ;
#4855 = EDGE_LOOP ( 'NONE', ( #2823, #5046, #1170, #3816 ) ) ;
#4856 = ADVANCED_FACE ( 'NONE', ( #5907 ), #6710, .F. ) ;
#4857 = EDGE_CURVE ( 'NONE', #3826, #2851, #3330, .T. ) ;
#4858 = EDGE_CURVE ( 'NONE', #385, #3757, #2245, .T. ) ;
#4859 = CYLINDRICAL_SURFACE ( 'NONE', #4504, 0.05708664500000000530 ) ;
#4860 = ORIENTED_EDGE ( 'NONE', *, *, #4305, .T. ) ;
#4861 = DIRECTION ( 'NONE',  ( 0.000000000000000000, -1.000000000000000000, 0.000000000000000000 ) ) ;
#4862 = DIRECTION ( 'NONE',  ( -0.000000000000000000, -0.000000000000000000, 1.000000000000000000 ) ) ;
#4863 = LINE ( 'NONE', #650, #3437 ) ;
#4864 = DIRECTION ( 'NONE',  ( 0.000000000000000000, 0.000000000000000000, 1.000000000000000000 ) ) ;
#4865 = AXIS2_PLACEMENT_3D ( 'NONE', #1021, #4755, #4721 ) ;
#4866 = EDGE_LOOP ( 'NONE', ( #482, #6920 ) ) ;
#4867 = CIRCLE ( 'NONE', #4425, 0.05708664500000004000 ) ;
#4868 = CARTESIAN_POINT ( 'NONE',  ( -0.2950173702018015764, 0.04527561500000001210, -0.007784096638600814487 ) ) ;
#4869 = AXIS2_PLACEMENT_3D ( 'NONE', #6406, #3105, #1590 ) ;
#4870 = DIRECTION ( 'NONE',  ( -0.000000000000000000, 1.000000000000000000, -0.000000000000000000 ) ) ;
#4871 = CARTESIAN_POINT ( 'NONE',  ( -0.2701937913053629181, 0.04330710999999999589, -0.01662852230044960244 ) ) ;
#4872 = VERTEX_POINT ( 'NONE', #4173 ) ;
#4873 = DIRECTION ( 'NONE',  ( 0.000000000000000000, 0.000000000000000000, 1.000000000000000000 ) ) ;
#4874 = CARTESIAN_POINT ( 'NONE',  ( -0.05000002700000000244, -0.1023622599999999966, 0.000000000000000000 ) ) ;
#4875 = ORIENTED_EDGE ( 'NONE', *, *, #648, .T. ) ;
#4876 = DIRECTION ( 'NONE',  ( 0.000000000000000000, 0.000000000000000000, 1.000000000000000000 ) ) ;
#4877 = DIMENSIONAL_EXPONENTS ( 1.000000000000000000, 0.000000000000000000, 0.000000000000000000, 0.000000000000000000, 0.000000000000000000, 0.000000000000000000, 0.000000000000000000 ) ;
#4878 = PLANE ( 'NONE',  #6005 ) ;
#4879 =( LENGTH_UNIT ( ) NAMED_UNIT ( * ) SI_UNIT ( $, .METRE. ) );
#4880 = DIRECTION ( 'NONE',  ( 0.000000000000000000, -0.000000000000000000, -1.000000000000000000 ) ) ;
#4881 = ORIENTED_EDGE ( 'NONE', *, *, #6513, .F. ) ;
#4882 = FACE_OUTER_BOUND ( 'NONE', #3375, .T. ) ;
#4883 = AXIS2_PLACEMENT_3D ( 'NONE', #3650, #3539, #5798 ) ;
#4884 = B_SPLINE_SURFACE_WITH_KNOTS ( 'NONE', 3, 1, ( 
 ( #6514, #3830 ),
 ( #4916, #525 ),
 ( #3755, #5454 ),
 ( #2652, #3719 ),
 ( #2160, #2124 ),
 ( #2686, #5865 ),
 ( #6446, #68 ),
 ( #5382, #4811 ),
 ( #101, #4329 ),
 ( #6895, #6001 ),
 ( #2228, #3252 ),
 ( #2615, #559 ),
 ( #485, #4845 ),
 ( #4364, #6379 ),
 ( #4780, #1045 ) ),
 .UNSPECIFIED., .F., .F., .F.,
 ( 4, 1, 1, 1, 1, 1, 1, 1, 1, 1, 1, 1, 4 ),
 ( 2, 2 ),
 ( 0.000000000000000000, 0.1067133849811994495, 0.2023827530813245290, 0.2879881362754654339, 0.3651321209974008886, 0.4381553218526812454, 0.5114419818683961783, 0.5870934926508691865, 0.6659855935524687798, 0.7468394073744432093, 0.8288800136248053452, 0.9125295864996446626, 1.000000000000000000 ),
 ( 0.000000000000000000, 1.000000000000000000 ),
 .UNSPECIFIED. ) ;
#4885 = CYLINDRICAL_SURFACE ( 'NONE', #3015, 0.05905515000000000070 ) ;
#4886 = VERTEX_POINT ( 'NONE', #2438 ) ;
#4887 = VECTOR ( 'NONE', #2189, 39.37007874015748143 ) ;
#4888 = CARTESIAN_POINT ( 'NONE',  ( -0.2905432124072707678, 0.04330710999999999589, -0.02463841872836908947 ) ) ;
#4889 = CARTESIAN_POINT ( 'NONE',  ( -0.2981028562917627522, 0.04527561499999999822, -0.01999746868061573479 ) ) ;
#4890 = B_SPLINE_CURVE_WITH_KNOTS ( 'NONE', 3,
 ( #18, #4697, #5885, #6817, #3104, #3133, #6405 ),
 .UNSPECIFIED., .F., .F.,
 ( 4, 1, 1, 1, 4 ),
 ( 0.000000000000000000, 0.2837744943495265626, 0.5395840214497867882, 0.7756449623277227312, 1.000000000000000000 ),
 .UNSPECIFIED. ) ;
#4891 = MECHANICAL_DESIGN_GEOMETRIC_PRESENTATION_REPRESENTATION (  '', ( #4230 ), #3535 ) ;
#4892 = ORIENTED_EDGE ( 'NONE', *, *, #3089, .T. ) ;
#4893 = VECTOR ( 'NONE', #503, 39.37007874015748143 ) ;
#4894 = EDGE_CURVE ( 'NONE', #5172, #3393, #4206, .T. ) ;
#4895 = DIRECTION ( 'NONE',  ( -0.000000000000000000, 1.000000000000000000, -0.000000000000000000 ) ) ;
#4896 = EDGE_CURVE ( 'NONE', #2690, #6764, #5155, .T. ) ;
#4897 = CARTESIAN_POINT ( 'NONE',  ( -0.2877954310000000460, 0.04133860712598425025, 0.08661422212598421377 ) ) ;
#4898 = ORIENTED_EDGE ( 'NONE', *, *, #5419, .F. ) ;
#4899 = CYLINDRICAL_SURFACE ( 'NONE', #965, 0.05905515000000000070 ) ;
#4900 = EDGE_CURVE ( 'NONE', #2138, #2278, #6268, .T. ) ;
#4901 = DIRECTION ( 'NONE',  ( 0.000000000000000000, 1.000000000000000000, 0.000000000000000000 ) ) ;
#4902 = CARTESIAN_POINT ( 'NONE',  ( 0.2877954310000000460, 0.03740159499999999582, 1.762238766916914599E-17 ) ) ;
#4903 = LENGTH_MEASURE_WITH_UNIT ( LENGTH_MEASURE( 0.02539999999999999897 ), #2744 );
#4904 = CYLINDRICAL_SURFACE ( 'NONE', #5794, 0.02618111650000000054 ) ;
#4905 = CARTESIAN_POINT ( 'NONE',  ( 0.1500000810000000073, -0.1023622599999999966, 0.03937010000000001203 ) ) ;
#4906 = CARTESIAN_POINT ( 'NONE',  ( -0.2795249734694338906, 0.04330711000000000976, 0.02042636375934870838 ) ) ;
#4907 = FACE_OUTER_BOUND ( 'NONE', #4604, .T. ) ;
#4908 = CARTESIAN_POINT ( 'NONE',  ( -0.2690389199139515131, 0.04330710999999999589, 0.007108263452207753096 ) ) ;
#4909 = CARTESIAN_POINT ( 'NONE',  ( -0.2763225666697157745, 0.04330710999999999589, -0.01468344526999535923 ) ) ;
#4910 = EDGE_LOOP ( 'NONE', ( #6617, #2424, #5635, #4307 ) ) ;
#4911 = CARTESIAN_POINT ( 'NONE',  ( -0.2749134398339282415, 0.04330710999999998895, 0.009421344156827523089 ) ) ;
#4912 = PLANE ( 'NONE',  #4209 ) ;
#4913 = EDGE_CURVE ( 'NONE', #41, #1506, #2566, .T. ) ;
#4914 = ORIENTED_EDGE ( 'NONE', *, *, #253, .T. ) ;
#4915 = ADVANCED_FACE ( 'NONE', ( #2468 ), #5738, .T. ) ;
#4916 = CARTESIAN_POINT ( 'NONE',  ( -0.3006428475175048631, 0.04330710999999999589, 0.008965441199480854786 ) ) ;
#4917 = PLANE ( 'NONE',  #5686 ) ;
#4918 = CARTESIAN_POINT ( 'NONE',  ( 0.2877954310000000460, 0.04133860499999999355, 0.05905515000000002152 ) ) ;
#4919 = ORIENTED_EDGE ( 'NONE', *, *, #2003, .F. ) ;
#4920 = CARTESIAN_POINT ( 'NONE',  ( 0.2877954310000000460, 0.04527561499999999822, 1.762238766916914599E-17 ) ) ;
#4921 = ORIENTED_EDGE ( 'NONE', *, *, #2641, .F. ) ;
#4922 = CARTESIAN_POINT ( 'NONE',  ( -0.2892954168336081544, 0.04330710999999998201, -0.02478337026389326389 ) ) ;
#4923 = CARTESIAN_POINT ( 'NONE',  ( -0.1500000810000000073, -0.02952757499999999688, 0.0001081814827399373930 ) ) ;
#4924 = DIRECTION ( 'NONE',  ( 0.000000000000000000, -1.000000000000000000, 0.000000000000000000 ) ) ;
#4925 = ORIENTED_EDGE ( 'NONE', *, *, #3781, .F. ) ;
#4926 = AXIS2_PLACEMENT_3D ( 'NONE', #5677, #1312, #5080 ) ;
#4927 = LINE ( 'NONE', #3805, #2011 ) ;
#4928 = CARTESIAN_POINT ( 'NONE',  ( 0.2877954310000000460, 0.03346458500000000502, 1.762238766916914599E-17 ) ) ;
#4929 = ORIENTED_EDGE ( 'NONE', *, *, #3536, .F. ) ;
#4930 =( CONVERSION_BASED_UNIT ( 'INCH', #3337 ) LENGTH_UNIT ( ) NAMED_UNIT ( #1274 ) );
#4931 = CARTESIAN_POINT ( 'NONE',  ( -0.2698017630852226900, 0.04527561499999999128, 0.01860037995639516120 ) ) ;
#4932 = LINE ( 'NONE', #2670, #154 ) ;
#4933 = SURFACE_SIDE_STYLE ('',( #6594 ) ) ;
#4934 = LINE ( 'NONE', #3812, #708 ) ;
#4935 = PRESENTATION_LAYER_ASSIGNMENT (  '', '', ( #6273 ) ) ;
#4936 = DIRECTION ( 'NONE',  ( -0.000000000000000000, -1.000000000000000000, -0.000000000000000000 ) ) ;
#4937 = B_SPLINE_CURVE_WITH_KNOTS ( 'NONE', 3,
 ( #1658, #5955, #1139, #3849, #5986, #5476, #2777, #6224, #6693, #220, #256, #3550, #854, #1963, #5112 ),
 .UNSPECIFIED., .F., .F.,
 ( 4, 1, 1, 1, 1, 1, 1, 1, 1, 1, 1, 1, 4 ),
 ( 0.000000000000000000, 0.08427347156089372293, 0.1665166244253441508, 0.2473877598069608164, 0.3288365457123066382, 0.4090983268496174996, 0.4877267016055336635, 0.5657077880693259786, 0.6449848608508603753, 0.7265584459444179855, 0.8120697979385858023, 0.9027287756276010100, 1.000000000000000000 ),
 .UNSPECIFIED. ) ;
#4938 = EDGE_CURVE ( 'NONE', #2827, #385, #409, .T. ) ;
#4939 = CARTESIAN_POINT ( 'NONE',  ( -0.2939158545066278827, 0.04330711000000000976, -0.007308822395217976810 ) ) ;
#4940 = AXIS2_PLACEMENT_3D ( 'NONE', #173, #5027, #205 ) ;
#4941 = EDGE_LOOP ( 'NONE', ( #6550, #6799, #3881, #2333 ) ) ;
#4942 = CARTESIAN_POINT ( 'NONE',  ( -0.1618111109999999797, -0.02952757499999999688, 0.05595963274136995375 ) ) ;
#4943 = CARTESIAN_POINT ( 'NONE',  ( -0.2706698627550360170, 0.04330710999999998201, -0.01907942125413170792 ) ) ;
#4944 = VERTEX_POINT ( 'NONE', #1520 ) ;
#4945 =( NAMED_UNIT ( * ) SI_UNIT ( $, .STERADIAN. ) SOLID_ANGLE_UNIT ( ) );
#4946 = PRESENTATION_LAYER_ASSIGNMENT (  '', '', ( #2904 ) ) ;
#4947 = ORIENTED_EDGE ( 'NONE', *, *, #6099, .T. ) ;
#4948 =( GEOMETRIC_REPRESENTATION_CONTEXT ( 3 ) GLOBAL_UNCERTAINTY_ASSIGNED_CONTEXT ( ( #6795 ) ) GLOBAL_UNIT_ASSIGNED_CONTEXT ( ( #2041, #3517, #1932 ) ) REPRESENTATION_CONTEXT ( 'NONE', 'WORKASPACE' ) );
#4949 = EDGE_CURVE ( 'NONE', #3761, #5824, #892, .T. ) ;
#4950 = CARTESIAN_POINT ( 'NONE',  ( -0.2700541854340414716, 0.04527561499999999822, -0.01405722030338302925 ) ) ;
#4951 = CIRCLE ( 'NONE', #4621, 0.003937010000000002070 ) ;
#4952 = DIRECTION ( 'NONE',  ( 0.000000000000000000, 0.000000000000000000, 1.000000000000000000 ) ) ;
#4953 = ORIENTED_EDGE ( 'NONE', *, *, #6306, .F. ) ;
#4954 = DIRECTION ( 'NONE',  ( 0.000000000000000000, 0.000000000000000000, 1.000000000000000000 ) ) ;
#4955 =( LENGTH_UNIT ( ) NAMED_UNIT ( * ) SI_UNIT ( $, .METRE. ) );
#4956 = EDGE_LOOP ( 'NONE', ( #3685, #2975 ) ) ;
#4957 = CARTESIAN_POINT ( 'NONE',  ( -0.2938058132405368950, 0.04330710999999999589, -0.02378756751205072378 ) ) ;
#4958 = ORIENTED_EDGE ( 'NONE', *, *, #4561, .F. ) ;
#4959 = LINE ( 'NONE', #1722, #3521 ) ;
#4960 = ORIENTED_EDGE ( 'NONE', *, *, #6717, .F. ) ;
#4961 = DIRECTION ( 'NONE',  ( 0.000000000000000000, -1.000000000000000000, 0.000000000000000000 ) ) ;
#4962 = LENGTH_MEASURE_WITH_UNIT ( LENGTH_MEASURE( 0.02539999999999999897 ), #3806 );
#4963 = ORIENTED_EDGE ( 'NONE', *, *, #1326, .T. ) ;
#4964 = DIRECTION ( 'NONE',  ( 0.000000000000000000, 0.000000000000000000, 1.000000000000000000 ) ) ;
#4965 = CARTESIAN_POINT ( 'NONE',  ( -0.05000002699999999550, -0.07223479225994784703, -5.409074136996869648E-05 ) ) ;
#4966 = DIRECTION ( 'NONE',  ( 0.000000000000000000, 0.000000000000000000, 1.000000000000000000 ) ) ;
#4967 =( NAMED_UNIT ( * ) SI_UNIT ( $, .STERADIAN. ) SOLID_ANGLE_UNIT ( ) );
#4968 = LINE ( 'NONE', #3342, #6491 ) ;
#4969 = CARTESIAN_POINT ( 'NONE',  ( -0.3006428475175048631, 0.04330710999999999589, 0.008965441199480854786 ) ) ;
#4970 = VERTEX_POINT ( 'NONE', #6195 ) ;
#4971 = CARTESIAN_POINT ( 'NONE',  ( 0.1000000540000000188, -0.1023622599999999966, -0.02754781910342992898 ) ) ;
#4972 = CARTESIAN_POINT ( 'NONE',  ( -0.2751105869428239759, 0.04330711000000000976, -0.02699925336046018684 ) ) ;
#4973 = VERTEX_POINT ( 'NONE', #6812 ) ;
#4974 = DIRECTION ( 'NONE',  ( 1.000000000000000000, 0.000000000000000000, 0.000000000000000000 ) ) ;
#4975 = CARTESIAN_POINT ( 'NONE',  ( -0.2782956660228652623, 0.04330710999999999589, -0.02037011066956540342 ) ) ;
#4976 = VECTOR ( 'NONE', #1624, 39.37007874015748143 ) ;
#4977 = ORIENTED_EDGE ( 'NONE', *, *, #5207, .T. ) ;
#4978 = COLOUR_RGB ( '',1.000000000000000000, 0.8117647058823529438, 0.5019607843137254832 ) ;
#4979 = EDGE_CURVE ( 'NONE', #3408, #5311, #3598, .T. ) ;
#4980 = MECHANICAL_DESIGN_GEOMETRIC_PRESENTATION_REPRESENTATION (  '', ( #1822 ), #4528 ) ;
#4981 = ADVANCED_FACE ( 'NONE', ( #861 ), #1572, .F. ) ;
#4982 = CIRCLE ( 'NONE', #1049, 0.05905515000000000070 ) ;
#4983 = SURFACE_STYLE_FILL_AREA ( #135 ) ;
#4984 = SURFACE_STYLE_FILL_AREA ( #2229 ) ;
#4985 = EDGE_CURVE ( 'NONE', #4115, #5756, #2254, .T. ) ;
#4986 = CARTESIAN_POINT ( 'NONE',  ( 0.05000002700000000244, -0.1220473100000000061, 0.03937010000000000509 ) ) ;
#4987 = ADVANCED_FACE ( 'NONE', ( #4907 ), #552, .F. ) ;
#4988 = ORIENTED_EDGE ( 'NONE', *, *, #4016, .F. ) ;
#4989 = AXIS2_PLACEMENT_3D ( 'NONE', #3625, #6260, #496 ) ;
#4990 = CARTESIAN_POINT ( 'NONE',  ( 0.1000000540000000188, -0.1023622599999999966, 0.02754781910342992204 ) ) ;
#4991 = EDGE_CURVE ( 'NONE', #736, #4251, #387, .T. ) ;
#4992 = ORIENTED_EDGE ( 'NONE', *, *, #1199, .F. ) ;
#4993 = CARTESIAN_POINT ( 'NONE',  ( -0.2972689268402914364, 0.04330710999999999589, -0.009383618740883028359 ) ) ;
#4994 = VERTEX_POINT ( 'NONE', #1629 ) ;
#4995 = CARTESIAN_POINT ( 'NONE',  ( 0.1500000810000000073, -0.1811024599999999929, 0.01968505000000000602 ) ) ;
#4996 = EDGE_LOOP ( 'NONE', ( #1559, #6041, #6683, #265 ) ) ;
#4997 = VECTOR ( 'NONE', #2460, 39.37007874015748143 ) ;
#4998 = ADVANCED_FACE ( 'NONE', ( #2676 ), #1178, .F. ) ;
#4999 = CIRCLE ( 'NONE', #5120, 0.07086617999999995920 ) ;
#5000 = CARTESIAN_POINT ( 'NONE',  ( 0.05000002700000000244, -0.1811024599999999929, 0.02224410649999999587 ) ) ;
#5001 = FACE_OUTER_BOUND ( 'NONE', #1434, .T. ) ;
#5002 = CARTESIAN_POINT ( 'NONE',  ( -0.2877954310000000460, -0.09251973500000004735, 1.762238766916914599E-17 ) ) ;
#5003 = CARTESIAN_POINT ( 'NONE',  ( -0.2952520243805699107, 0.04527561499999999128, -0.03060709104170500003 ) ) ;
#5004 = CARTESIAN_POINT ( 'NONE',  ( -0.1500000810000000073, -0.1220473100000000061, -0.02913387400000002139 ) ) ;
#5005 = VECTOR ( 'NONE', #6797, 39.37007874015748143 ) ;
#5006 = VECTOR ( 'NONE', #6261, 39.37007874015748143 ) ;
#5007 = DIRECTION ( 'NONE',  ( -0.000000000000000000, 0.000000000000000000, -1.000000000000000000 ) ) ;
#5008 = COLOUR_RGB ( '',0.9686274509803921573, 0.8784313725490195957, 0.5999999999999999778 ) ;
#5009 = EDGE_CURVE ( 'NONE', #6745, #3150, #637, .T. ) ;
#5010 = CARTESIAN_POINT ( 'NONE',  ( 0.2877954310000000460, -0.1003937550000000151, 0.05905515000000002152 ) ) ;
#5011 = VECTOR ( 'NONE', #4428, 39.37007874015748854 ) ;
#5012 = CARTESIAN_POINT ( 'NONE',  ( -0.2877954310000000460, -0.04527561499999999822, 1.762238766916914599E-17 ) ) ;
#5013 = EDGE_LOOP ( 'NONE', ( #879, #399 ) ) ;
#5014 = DIRECTION ( 'NONE',  ( 0.000000000000000000, 1.000000000000000000, 0.000000000000000000 ) ) ;
#5015 = LINE ( 'NONE', #195, #5104 ) ;
#5016 = ORIENTED_EDGE ( 'NONE', *, *, #2409, .F. ) ;
#5017 =( NAMED_UNIT ( * ) PLANE_ANGLE_UNIT ( ) SI_UNIT ( $, .RADIAN. ) );
#5018 =( CONVERSION_BASED_UNIT ( 'INCH', #1777 ) LENGTH_UNIT ( ) NAMED_UNIT ( #1320 ) );
#5019 = AXIS2_PLACEMENT_3D ( 'NONE', #6708, #3529, #869 ) ;
#5020 = ORIENTED_EDGE ( 'NONE', *, *, #5509, .T. ) ;
#5021 = ADVANCED_FACE ( 'NONE', ( #1735, #1703 ), #125, .T. ) ;
#5022 = FACE_OUTER_BOUND ( 'NONE', #1537, .T. ) ;
#5023 = CARTESIAN_POINT ( 'NONE',  ( -0.1500000810000000073, -0.1811024599999999929, 0.000000000000000000 ) ) ;
#5024 = CYLINDRICAL_SURFACE ( 'NONE', #6558, 0.05708664500000000530 ) ;
#5025 = ORIENTED_EDGE ( 'NONE', *, *, #1213, .T. ) ;
#5026 = EDGE_CURVE ( 'NONE', #2295, #1218, #5078, .T. ) ;
#5027 = DIRECTION ( 'NONE',  ( -1.000000000000000000, 0.000000000000000000, 0.000000000000000000 ) ) ;
#5028 = ORIENTED_EDGE ( 'NONE', *, *, #3205, .F. ) ;
#5029 = DIRECTION ( 'NONE',  ( -0.000000000000000000, 1.000000000000000000, -0.000000000000000000 ) ) ;
#5030 = ORIENTED_EDGE ( 'NONE', *, *, #6631, .T. ) ;
#5031 = CARTESIAN_POINT ( 'NONE',  ( 0.1500000810000000073, -0.1771654499999999743, -0.01574804000000000481 ) ) ;
#5032 = VERTEX_POINT ( 'NONE', #5152 ) ;
#5033 = DIRECTION ( 'NONE',  ( -0.000000000000000000, 1.000000000000000000, -0.000000000000000000 ) ) ;
#5034 = DIRECTION ( 'NONE',  ( -0.000000000000000000, 1.000000000000000000, -0.000000000000000000 ) ) ;
#5035 = CARTESIAN_POINT ( 'NONE',  ( -0.2925723199228008053, 0.04527561500000000516, -0.0002366382256645932199 ) ) ;
#5036 = DIRECTION ( 'NONE',  ( -0.000000000000000000, 1.000000000000000000, -0.000000000000000000 ) ) ;
#5037 = CARTESIAN_POINT ( 'NONE',  ( 0.3012878615712766273, 0.04330710999999999589, 0.01614143594661697143 ) ) ;
#5038 = CARTESIAN_POINT ( 'NONE',  ( 0.1381890509999999794, -0.02952757499999999688, 0.06889767499999997769 ) ) ;
#5039 = EDGE_CURVE ( 'NONE', #1256, #6278, #686, .T. ) ;
#5040 = CARTESIAN_POINT ( 'NONE',  ( -0.2965169183431903277, 0.04330710999999998201, 0.01841222099253130018 ) ) ;
#5041 = FACE_OUTER_BOUND ( 'NONE', #5615, .T. ) ;
#5042 = ORIENTED_EDGE ( 'NONE', *, *, #3090, .F. ) ;
#5043 = COLOUR_RGB ( '',0.9686274509803921573, 0.8784313725490195957, 0.5999999999999999778 ) ;
#5044 = LINE ( 'NONE', #3929, #5897 ) ;
#5045 = DIRECTION ( 'NONE',  ( -0.000000000000000000, 1.000000000000000000, -0.000000000000000000 ) ) ;
#5046 = ORIENTED_EDGE ( 'NONE', *, *, #2995, .F. ) ;
#5047 = CARTESIAN_POINT ( 'NONE',  ( -0.2830508757302938605, 0.04330710999999999589, 0.002575399103334053037 ) ) ;
#5048 = SURFACE_STYLE_USAGE ( .BOTH. , #235 ) ;
#5049 = ORIENTED_EDGE ( 'NONE', *, *, #1562, .F. ) ;
#5050 = AXIS2_PLACEMENT_3D ( 'NONE', #4530, #6650, #769 ) ;
#5051 = VECTOR ( 'NONE', #3992, 39.37007874015748143 ) ;
#5052 =( CONVERSION_BASED_UNIT ( 'INCH', #763 ) LENGTH_UNIT ( ) NAMED_UNIT ( #5426 ) );
#5053 =( LENGTH_UNIT ( ) NAMED_UNIT ( * ) SI_UNIT ( $, .METRE. ) );
#5054 = STYLED_ITEM ( 'NONE', ( #452 ), #5804 ) ;
#5055 = CARTESIAN_POINT ( 'NONE',  ( -0.2877954310000000460, 0.03346458500000000502, 1.762238766916914599E-17 ) ) ;
#5056 = AXIS2_PLACEMENT_3D ( 'NONE', #852, #884, #5742 ) ;
#5057 = EDGE_LOOP ( 'NONE', ( #436, #5516, #6637, #5790 ) ) ;
#5058 = CIRCLE ( 'NONE', #569, 0.003937010000000002070 ) ;
#5059 = DIRECTION ( 'NONE',  ( 0.000000000000000000, 0.000000000000000000, -1.000000000000000000 ) ) ;
#5060 = VECTOR ( 'NONE', #495, 39.37007874015748143 ) ;
#5061 = EDGE_LOOP ( 'NONE', ( #4589, #4616 ) ) ;
#5062 = CARTESIAN_POINT ( 'NONE',  ( 0.1381890510000000072, -0.04527561499999999822, -0.05590554199999997476 ) ) ;
#5063 = EDGE_LOOP ( 'NONE', ( #6317, #5109, #2342, #2938 ) ) ;
#5064 = DIRECTION ( 'NONE',  ( -0.000000000000000000, -1.000000000000000000, -0.000000000000000000 ) ) ;
#5065 = ORIENTED_EDGE ( 'NONE', *, *, #5520, .T. ) ;
#5066 = CIRCLE ( 'NONE', #2897, 0.02913387400000000058 ) ;
#5067 = CARTESIAN_POINT ( 'NONE',  ( -0.2777871408192225666, 0.04527561500000001904, 0.01920593186324980745 ) ) ;
#5068 = FILL_AREA_STYLE_COLOUR ( '', #2678 ) ;
#5069 = EDGE_CURVE ( 'NONE', #5756, #41, #1910, .T. ) ;
#5070 = DIRECTION ( 'NONE',  ( -0.000000000000000000, 1.000000000000000000, -0.000000000000000000 ) ) ;
#5071 = EDGE_CURVE ( 'NONE', #2488, #5685, #1866, .T. ) ;
#5072 = CARTESIAN_POINT ( 'NONE',  ( 0.06181105699999998176, -0.07223479225994784703, -0.05590554199999997476 ) ) ;
#5073 = CARTESIAN_POINT ( 'NONE',  ( -0.2936253262646816298, 0.04527561499999999128, -0.03109289957254887660 ) ) ;
#5074 = EDGE_CURVE ( 'NONE', #772, #233, #1014, .T. ) ;
#5075 = CARTESIAN_POINT ( 'NONE',  ( 0.1000000540000000188, -0.02952757499999999688, -0.02754781910342992898 ) ) ;
#5076 = EDGE_CURVE ( 'NONE', #233, #775, #5606, .T. ) ;
#5077 = EDGE_CURVE ( 'NONE', #572, #249, #4951, .T. ) ;
#5078 = B_SPLINE_CURVE_WITH_KNOTS ( 'NONE', 3,
 ( #4838, #4969, #4454, #1070, #2151, #1102, #6669, #5040, #2917, #5079, #2956, #6600, #5537, #2465, #717 ),
 .UNSPECIFIED., .F., .F.,
 ( 4, 1, 1, 1, 1, 1, 1, 1, 1, 1, 1, 1, 4 ),
 ( 0.000000000000000000, 0.1067133849811994495, 0.2023827530813245290, 0.2879881362754654339, 0.3651321209974008886, 0.4381553218526812454, 0.5114419818683961783, 0.5870934926508691865, 0.6659855935524687798, 0.7468394073744432093, 0.8288800136248053452, 0.9125295864996446626, 1.000000000000000000 ),
 .UNSPECIFIED. ) ;
#5079 = CARTESIAN_POINT ( 'NONE',  ( -0.2937149988838455017, 0.04330710999999999589, 0.02036354144648471268 ) ) ;
#5080 = DIRECTION ( 'NONE',  ( 0.000000000000000000, 0.000000000000000000, -1.000000000000000000 ) ) ;
#5081 = EDGE_LOOP ( 'NONE', ( #3357, #6511, #1496, #1605 ) ) ;
#5082 = PRESENTATION_STYLE_ASSIGNMENT (( #2922 ) ) ;
#5083 = LINE ( 'NONE', #3738, #4096 ) ;
#5084 = CARTESIAN_POINT ( 'NONE',  ( -0.2877954310000000460, -0.1003937550000000151, -0.05905514999999998682 ) ) ;
#5085 = EDGE_LOOP ( 'NONE', ( #3950, #3835, #5482, #3129 ) ) ;
#5086 = DIRECTION ( 'NONE',  ( 0.000000000000000000, 0.000000000000000000, 1.000000000000000000 ) ) ;
#5087 = CARTESIAN_POINT ( 'NONE',  ( -0.3046523795580801108, 0.04330710999999999589, 0.01895763536709793237 ) ) ;
#5088 = VERTEX_POINT ( 'NONE', #4065 ) ;
#5089 = CARTESIAN_POINT ( 'NONE',  ( 0.2763739701650266278, 0.04330710999999999589, -0.03093012030338303242 ) ) ;
#5090 = CARTESIAN_POINT ( 'NONE',  ( 0.05000002700000000244, -0.1200788050000000107, -0.02913387400000000058 ) ) ;
#5091 = CARTESIAN_POINT ( 'NONE',  ( 0.06181105699999998176, -0.07223479225994784703, -0.05590554199999997476 ) ) ;
#5092 = VERTEX_POINT ( 'NONE', #333 ) ;
#5093 = AXIS2_PLACEMENT_3D ( 'NONE', #1065, #17, #968 ) ;
#5094 = AXIS2_PLACEMENT_3D ( 'NONE', #2852, #6608, #4873 ) ;
#5095 = EDGE_CURVE ( 'NONE', #2801, #1978, #6279, .T. ) ;
#5096 = PLANE ( 'NONE',  #3239 ) ;
#5097 = DIMENSIONAL_EXPONENTS ( 1.000000000000000000, 0.000000000000000000, 0.000000000000000000, 0.000000000000000000, 0.000000000000000000, 0.000000000000000000, 0.000000000000000000 ) ;
#5098 = ORIENTED_EDGE ( 'NONE', *, *, #2746, .F. ) ;
#5099 =( LENGTH_UNIT ( ) NAMED_UNIT ( * ) SI_UNIT ( $, .METRE. ) );
#5100 = CARTESIAN_POINT ( 'NONE',  ( 0.000000000000000000, -0.02952757499999999688, 0.02754781910342994980 ) ) ;
#5101 = CIRCLE ( 'NONE', #5220, 0.05708664499999999142 ) ;
#5102 = EDGE_LOOP ( 'NONE', ( #268, #4193, #2173, #6916, #5736, #3597, #6450, #802, #3677, #2969, #4737, #4413, #2224, #5543, #891, #3168, #5893, #4805, #3895, #4650, #1220, #5485, #4745, #5880, #5176 ) ) ;
#5103 = DIRECTION ( 'NONE',  ( 0.000000000000000000, 0.000000000000000000, -1.000000000000000000 ) ) ;
#5104 = VECTOR ( 'NONE', #2440, 39.37007874015748143 ) ;
#5105 = ORIENTED_EDGE ( 'NONE', *, *, #6188, .F. ) ;
#5106 = ORIENTED_EDGE ( 'NONE', *, *, #1771, .F. ) ;
#5107 = CARTESIAN_POINT ( 'NONE',  ( -0.2283465799999999102, -0.02952757499999999688, -0.06889767500000000544 ) ) ;
#5108 = VECTOR ( 'NONE', #1266, 39.37007874015747433 ) ;
#5109 = ORIENTED_EDGE ( 'NONE', *, *, #6729, .T. ) ;
#5110 = CARTESIAN_POINT ( 'NONE',  ( 0.05000002700000000244, -0.1023622599999999966, 0.000000000000000000 ) ) ;
#5111 = CARTESIAN_POINT ( 'NONE',  ( -0.2919036361078693464, 0.04330711000000000283, -0.03143485770643507371 ) ) ;
#5112 = CARTESIAN_POINT ( 'NONE',  ( -0.2871188229340413955, 0.04330710999999999589, 0.02889197969661697063 ) ) ;
#5113 = DIRECTION ( 'NONE',  ( 0.000000000000000000, -1.000000000000000000, 0.000000000000000000 ) ) ;
#5114 = EDGE_CURVE ( 'NONE', #776, #5209, #1900, .T. ) ;
#5115 = DIRECTION ( 'NONE',  ( 0.000000000000000000, 0.000000000000000000, -1.000000000000000000 ) ) ;
#5116 = VECTOR ( 'NONE', #6828, 39.37007874015748143 ) ;
#5117 = EDGE_CURVE ( 'NONE', #4411, #679, #4293, .T. ) ;
#5118 = FACE_OUTER_BOUND ( 'NONE', #2576, .T. ) ;
#5119 = EDGE_LOOP ( 'NONE', ( #4748, #4579, #4875, #3515 ) ) ;
#5120 = AXIS2_PLACEMENT_3D ( 'NONE', #4387, #3314, #4290 ) ;
#5121 = CARTESIAN_POINT ( 'NONE',  ( -0.3000028436301397372, 0.04330710999999998895, 0.02480581877568112034 ) ) ;
#5122 = CARTESIAN_POINT ( 'NONE',  ( -0.05000002700000000244, -0.1023622599999999966, 0.000000000000000000 ) ) ;
#5123 = PLANE ( 'NONE',  #2239 ) ;
#5124 = ADVANCED_FACE ( 'NONE', ( #754 ), #6123, .T. ) ;
#5125 = CARTESIAN_POINT ( 'NONE',  ( -0.2859183122809130784, 0.04330710999999998201, 0.001693976872821767368 ) ) ;
#5126 = CARTESIAN_POINT ( 'NONE',  ( -0.3026261353952934274, 0.04527561499999997047, 0.02214254449605968303 ) ) ;
#5127 = VECTOR ( 'NONE', #2932, 39.37007874015748143 ) ;
#5128 = ORIENTED_EDGE ( 'NONE', *, *, #3089, .F. ) ;
#5129 = COLOUR_RGB ( '',0.9686274509803921573, 0.8784313725490195957, 0.5999999999999999778 ) ;
#5130 = EDGE_CURVE ( 'NONE', #1643, #5161, #5573, .T. ) ;
#5131 = DIRECTION ( 'NONE',  ( 1.000000000000000000, 0.000000000000000000, 0.000000000000000000 ) ) ;
#5132 =( LENGTH_UNIT ( ) NAMED_UNIT ( * ) SI_UNIT ( $, .METRE. ) );
#5133 = AXIS2_PLACEMENT_3D ( 'NONE', #6924, #1500, #1470 ) ;
#5134 = CARTESIAN_POINT ( 'NONE',  ( -0.2861688003128193825, 0.04330711000000000283, -0.005038782046647646146 ) ) ;
#5135 = EDGE_LOOP ( 'NONE', ( #2533, #3364 ) ) ;
#5136 = EDGE_CURVE ( 'NONE', #3150, #4251, #1831, .T. ) ;
#5137 = LENGTH_MEASURE_WITH_UNIT ( LENGTH_MEASURE( 0.02539999999999999897 ), #3573 );
#5138 = EDGE_LOOP ( 'NONE', ( #2935, #1991, #1391, #3390 ) ) ;
#5139 = CARTESIAN_POINT ( 'NONE',  ( -0.2845493380454994781, 0.04527561499999997741, -0.004613883429252091384 ) ) ;
#5140 = CARTESIAN_POINT ( 'NONE',  ( 0.3074234615712765906, 0.04330710999999999589, 0.02812502969661697175 ) ) ;
#5141 = EDGE_LOOP ( 'NONE', ( #1313, #488, #1267, #2550 ) ) ;
#5142 = DIRECTION ( 'NONE',  ( 0.000000000000000000, 0.000000000000000000, -1.000000000000000000 ) ) ;
#5143 = UNCERTAINTY_MEASURE_WITH_UNIT (LENGTH_MEASURE( 1.000000000000000082E-05 ), #6365, 'distance_accuracy_value', 'NONE');
#5144 = VERTEX_POINT ( 'NONE', #858 ) ;
#5145 = CARTESIAN_POINT ( 'NONE',  ( -0.05000002700000000244, -0.1220473100000000061, 0.000000000000000000 ) ) ;
#5146 = ORIENTED_EDGE ( 'NONE', *, *, #1477, .F. ) ;
#5147 = CARTESIAN_POINT ( 'NONE',  ( -0.05000002700000000244, -0.02952757499999999688, 0.05708664500000004000 ) ) ;
#5148 = CARTESIAN_POINT ( 'NONE',  ( -0.2967682675021808825, 0.04527561499999999822, -0.02995009787357189382 ) ) ;
#5149 = SURFACE_STYLE_USAGE ( .BOTH. , #2983 ) ;
#5150 = CARTESIAN_POINT ( 'NONE',  ( 0.05000002700000000244, -0.1811024599999999929, 0.000000000000000000 ) ) ;
#5151 = CARTESIAN_POINT ( 'NONE',  ( -0.2746649313000362747, 0.04330710999999999589, 0.01224318147037011320 ) ) ;
#5152 = CARTESIAN_POINT ( 'NONE',  ( 0.06181105699999999564, -0.02952757499999999688, 0.05590554199999997476 ) ) ;
#5153 = LINE ( 'NONE', #334, #997 ) ;
#5154 = ORIENTED_EDGE ( 'NONE', *, *, #1593, .T. ) ;
#5155 = LINE ( 'NONE', #6298, #460 ) ;
#5156 =( NAMED_UNIT ( * ) PLANE_ANGLE_UNIT ( ) SI_UNIT ( $, .RADIAN. ) );
#5157 = CARTESIAN_POINT ( 'NONE',  ( -0.2877954310000000460, 0.03346458500000000502, -0.07086617999999994533 ) ) ;
#5158 = DIRECTION ( 'NONE',  ( 0.000000000000000000, -1.000000000000000000, 0.000000000000000000 ) ) ;
#5159 = CARTESIAN_POINT ( 'NONE',  ( 0.05000002700000000244, -0.1811024599999999929, 0.000000000000000000 ) ) ;
#5160 = CARTESIAN_POINT ( 'NONE',  ( -0.3064834741289894082, 0.04527561499999997741, 0.01328986117903750881 ) ) ;
#5161 = VERTEX_POINT ( 'NONE', #2986 ) ;
#5162 = AXIS2_PLACEMENT_3D ( 'NONE', #6296, #2104, #2071 ) ;
#5163 = CIRCLE ( 'NONE', #4820, 0.03937010000000000509 ) ;
#5164 = EDGE_CURVE ( 'NONE', #2894, #5575, #823, .T. ) ;
#5165 = PRESENTATION_STYLE_ASSIGNMENT (( #5553 ) ) ;
#5166 = DIRECTION ( 'NONE',  ( 0.000000000000000000, 0.000000000000000000, 1.000000000000000000 ) ) ;
#5167 = ADVANCED_FACE ( 'NONE', ( #2878 ), #4547, .F. ) ;
#5168 = TOROIDAL_SURFACE ( 'NONE', #893, 0.08661422212598421377, 0.003937007874015747977 ) ;
#5169 = EDGE_CURVE ( 'NONE', #1360, #4814, #3405, .T. ) ;
#5170 = EDGE_LOOP ( 'NONE', ( #914, #5949, #1159, #6255 ) ) ;
#5171 = DIRECTION ( 'NONE',  ( 1.000000000000000000, 0.000000000000000000, -0.000000000000000000 ) ) ;
#5172 = VERTEX_POINT ( 'NONE', #1347 ) ;
#5173 = CARTESIAN_POINT ( 'NONE',  ( -0.2776278166840414618, 0.04527561499999999822, -0.002409167178383031255 ) ) ;
#5174 = AXIS2_PLACEMENT_3D ( 'NONE', #3407, #755, #4481 ) ;
#5175 = DIRECTION ( 'NONE',  ( 0.000000000000000000, 0.000000000000000000, 1.000000000000000000 ) ) ;
#5176 = ORIENTED_EDGE ( 'NONE', *, *, #9, .F. ) ;
#5177 = CARTESIAN_POINT ( 'NONE',  ( -0.2685962008386617028, 0.04527561499999999822, 0.009347968799010203389 ) ) ;
#5178 = AXIS2_PLACEMENT_3D ( 'NONE', #3449, #340, #1423 ) ;
#5179 = VERTEX_POINT ( 'NONE', #4691 ) ;
#5180 = AXIS2_PLACEMENT_3D ( 'NONE', #5814, #2596, #6330 ) ;
#5181 = CARTESIAN_POINT ( 'NONE',  ( -0.2859183122809130784, 0.04527561499999997741, 0.001693976872821767368 ) ) ;
#5182 = AXIS2_PLACEMENT_3D ( 'NONE', #5464, #3691, #4370 ) ;
#5183 = DIRECTION ( 'NONE',  ( 1.000000000000000000, 0.000000000000000000, 0.000000000000000000 ) ) ;
#5184 = ORIENTED_EDGE ( 'NONE', *, *, #1540, .F. ) ;
#5185 = CARTESIAN_POINT ( 'NONE',  ( -0.2936253262646816298, 0.04330710999999999589, -0.03109289957254887660 ) ) ;
#5186 = CARTESIAN_POINT ( 'NONE',  ( -0.3028745195518279254, 0.04330710999999998895, -0.006898720731472775258 ) ) ;
#5187 = CARTESIAN_POINT ( 'NONE',  ( -0.2910354835796720163, 0.04330710999999998201, 0.0002472847754685713142 ) ) ;
#5188 = FILL_AREA_STYLE ('',( #2389 ) ) ;
#5189 = AXIS2_PLACEMENT_3D ( 'NONE', #2038, #5300, #5782 ) ;
#5190 = CARTESIAN_POINT ( 'NONE',  ( 0.06181105699999998176, -0.07223479225994784703, 0.06889767499999997769 ) ) ;
#5191 = FILL_AREA_STYLE_COLOUR ( '', #4156 ) ;
#5192 = LINE ( 'NONE', #1548, #3502 ) ;
#5193 = LENGTH_MEASURE_WITH_UNIT ( LENGTH_MEASURE( 0.02539999999999999897 ), #6228 );
#5194 = PLANE ( 'NONE',  #5162 ) ;
#5195 = ORIENTED_EDGE ( 'NONE', *, *, #5069, .T. ) ;
#5196 = DIRECTION ( 'NONE',  ( 1.000000000000000000, 0.000000000000000000, 0.000000000000000000 ) ) ;
#5197 = PLANE ( 'NONE',  #1497 ) ;
#5198 = DIRECTION ( 'NONE',  ( 0.000000000000000000, 1.000000000000000000, 0.000000000000000000 ) ) ;
#5199 = CARTESIAN_POINT ( 'NONE',  ( -0.2865915448090414208, 0.04527561499999999822, 0.02198942969661697375 ) ) ;
#5200 = CARTESIAN_POINT ( 'NONE',  ( -0.2822168947367841296, 0.04527561500000000516, -0.02371436523205234029 ) ) ;
#5201 = B_SPLINE_CURVE_WITH_KNOTS ( 'NONE', 3,
 ( #3687, #1505, #913, #5835, #6761, #2525, #424, #5698, #4192, #4125, #490, #6288, #983, #3151, #4712, #5181, #5217, #2619, #5802 ),
 .UNSPECIFIED., .F., .F.,
 ( 4, 1, 1, 1, 1, 1, 1, 1, 1, 1, 1, 1, 1, 1, 1, 1, 4 ),
 ( 0.000000000000000000, 0.06282749138135949873, 0.1223726895779749246, 0.1803837658619593942, 0.2364891989894687407, 0.2926289502320338354, 0.3503980605968394224, 0.4101926792197943539, 0.4734229773823770970, 0.5102124852509649644, 0.5552799601987786771, 0.6084730122619779191, 0.6698570376582475561, 0.7400379641843825018, 0.8179174674906496412, 0.9048122599055262727, 0.9999999999999998890 ),
 .UNSPECIFIED. ) ;
#5202 = DIMENSIONAL_EXPONENTS ( 1.000000000000000000, 0.000000000000000000, 0.000000000000000000, 0.000000000000000000, 0.000000000000000000, 0.000000000000000000, 0.000000000000000000 ) ;
#5203 = VERTEX_POINT ( 'NONE', #6808 ) ;
#5204 = SHAPE_DEFINITION_REPRESENTATION ( #63, #193 ) ;
#5205 = LINE ( 'NONE', #3073, #6008 ) ;
#5206 = ORIENTED_EDGE ( 'NONE', *, *, #5381, .F. ) ;
#5207 = EDGE_CURVE ( 'NONE', #1360, #4807, #960, .T. ) ;
#5208 = DIRECTION ( 'NONE',  ( 0.000000000000000000, -1.000000000000000000, 0.000000000000000000 ) ) ;
#5209 = VERTEX_POINT ( 'NONE', #4134 ) ;
#5210 = DIRECTION ( 'NONE',  ( 0.000000000000000000, 0.000000000000000000, 1.000000000000000000 ) ) ;
#5211 = ADVANCED_FACE ( 'NONE', ( #4240 ), #407, .T. ) ;
#5212 = CARTESIAN_POINT ( 'NONE',  ( -0.05000002700000000244, -0.1023622599999999966, 0.05708664500000004000 ) ) ;
#5213 = CARTESIAN_POINT ( 'NONE',  ( -0.1381890510000000072, -0.04527561499999999822, 0.06889767499999997769 ) ) ;
#5214 = UNCERTAINTY_MEASURE_WITH_UNIT (LENGTH_MEASURE( 1.000000000000000082E-05 ), #1370, 'distance_accuracy_value', 'NONE');
#5215 = ORIENTED_EDGE ( 'NONE', *, *, #352, .F. ) ;
#5216 = CIRCLE ( 'NONE', #148, 0.01574804000000000481 ) ;
#5217 = CARTESIAN_POINT ( 'NONE',  ( -0.2876027011035143244, 0.04527561499999999822, 0.001201674182431325269 ) ) ;
#5218 = PRODUCT_DEFINITION ( 'UNKNOWN', '', #1516, #2815 ) ;
#5219 = FILL_AREA_STYLE ('',( #1407 ) ) ;
#5220 = AXIS2_PLACEMENT_3D ( 'NONE', #6475, #4808, #3714 ) ;
#5221 = VERTEX_POINT ( 'NONE', #1482 ) ;
#5222 = CARTESIAN_POINT ( 'NONE',  ( -0.2859183122809130784, 0.04330710999999998201, 0.001693976872821767368 ) ) ;
#5223 = AXIS2_PLACEMENT_3D ( 'NONE', #1479, #1546, #1411 ) ;
#5224 = CARTESIAN_POINT ( 'NONE',  ( -0.05000002700000000244, -0.1023622599999999966, 0.000000000000000000 ) ) ;
#5225 = CARTESIAN_POINT ( 'NONE',  ( -0.2947360999014436156, 0.04330710999999998201, -0.02333836318200400300 ) ) ;
#5226 = DIRECTION ( 'NONE',  ( 0.000000000000000000, 0.000000000000000000, 1.000000000000000000 ) ) ;
#5227 = LENGTH_MEASURE_WITH_UNIT ( LENGTH_MEASURE( 0.02539999999999999897 ), #331 );
#5228 = ADVANCED_FACE ( 'NONE', ( #2595 ), #1682, .T. ) ;
#5229 = PLANE ( 'NONE',  #6639 ) ;
#5230 = CIRCLE ( 'NONE', #1177, 0.05905515000000000070 ) ;
#5231 = SURFACE_STYLE_USAGE ( .BOTH. , #3159 ) ;
#5232 = DIRECTION ( 'NONE',  ( -0.000000000000000000, 1.000000000000000000, -0.000000000000000000 ) ) ;
#5233 = ORIENTED_EDGE ( 'NONE', *, *, #2689, .T. ) ;
#5234 = DIRECTION ( 'NONE',  ( 0.000000000000000000, 0.000000000000000000, -1.000000000000000000 ) ) ;
#5235 = CARTESIAN_POINT ( 'NONE',  ( -0.2877954310000000460, -0.04527561499999999822, 0.09055122999999995481 ) ) ;
#5236 = DIRECTION ( 'NONE',  ( 0.000000000000000000, 0.000000000000000000, -1.000000000000000000 ) ) ;
#5237 = FACE_OUTER_BOUND ( 'NONE', #3053, .T. ) ;
#5238 = FACE_OUTER_BOUND ( 'NONE', #5750, .T. ) ;
#5239 = CARTESIAN_POINT ( 'NONE',  ( -0.2804230377955088116, 0.04330710999999998895, -0.02264110584259382969 ) ) ;
#5240 = EDGE_LOOP ( 'NONE', ( #6407, #6544 ) ) ;
#5241 = VECTOR ( 'NONE', #4338, 39.37007874015748143 ) ;
#5242 = CIRCLE ( 'NONE', #1513, 0.03937010000000000509 ) ;
#5243 = DIRECTION ( 'NONE',  ( -0.000000000000000000, 1.000000000000000000, -0.000000000000000000 ) ) ;
#5244 = CARTESIAN_POINT ( 'NONE',  ( -0.2778941145115369493, 0.04527561499999999822, -0.002524444691135924353 ) ) ;
#5245 = EDGE_LOOP ( 'NONE', ( #5874, #2759, #4020, #3177 ) ) ;
#5246 = ADVANCED_FACE ( 'NONE', ( #1969 ), #6295, .F. ) ;
#5247 = SURFACE_STYLE_FILL_AREA ( #1946 ) ;
#5248 = DIMENSIONAL_EXPONENTS ( 1.000000000000000000, 0.000000000000000000, 0.000000000000000000, 0.000000000000000000, 0.000000000000000000, 0.000000000000000000, 0.000000000000000000 ) ;
#5249 = ORIENTED_EDGE ( 'NONE', *, *, #5930, .T. ) ;
#5250 = AXIS2_PLACEMENT_3D ( 'NONE', #3903, #561, #5935 ) ;
#5251 = DIRECTION ( 'NONE',  ( 0.000000000000000000, 1.000000000000000000, 0.000000000000000000 ) ) ;
#5252 = CARTESIAN_POINT ( 'NONE',  ( -0.1000000540000000188, -0.1023622599999999966, -0.02754781910342992898 ) ) ;
#5253 = DIRECTION ( 'NONE',  ( 0.000000000000000000, 0.000000000000000000, 1.000000000000000000 ) ) ;
#5254 = EDGE_LOOP ( 'NONE', ( #3767, #31, #6483, #4322 ) ) ;
#5255 = EDGE_CURVE ( 'NONE', #2278, #5221, #6842, .T. ) ;
#5256 = CARTESIAN_POINT ( 'NONE',  ( -0.03818899699999998842, -0.07223479225994784703, 0.05590554199999997476 ) ) ;
#5257 = FILL_AREA_STYLE_COLOUR ( '', #1346 ) ;
#5258 = EDGE_LOOP ( 'NONE', ( #2902, #2200, #4953, #1852 ) ) ;
#5259 = CARTESIAN_POINT ( 'NONE',  ( -0.2808634504809255916, 0.04330710999999998201, 0.003363318233962866565 ) ) ;
#5260 = LINE ( 'NONE', #1440, #53 ) ;
#5261 = FACE_OUTER_BOUND ( 'NONE', #6164, .T. ) ;
#5262 = CARTESIAN_POINT ( 'NONE',  ( -0.3053338854340414410, 0.04527561499999999822, -0.01551921874088303156 ) ) ;
#5263 = DIRECTION ( 'NONE',  ( 0.000000000000000000, 0.000000000000000000, -1.000000000000000000 ) ) ;
#5264 = EDGE_CURVE ( 'NONE', #1763, #6572, #921, .T. ) ;
#5265 = AXIS2_PLACEMENT_3D ( 'NONE', #5534, #4349, #6465 ) ;
#5266 = CARTESIAN_POINT ( 'NONE',  ( -0.2970863835088824456, 0.04330710999999999589, -0.009201589745866319697 ) ) ;
#5267 = DIRECTION ( 'NONE',  ( 0.000000000000000000, 0.000000000000000000, -1.000000000000000000 ) ) ;
#5268 = ORIENTED_EDGE ( 'NONE', *, *, #3668, .F. ) ;
#5269 = DIRECTION ( 'NONE',  ( 0.000000000000000000, -1.000000000000000000, 0.000000000000000000 ) ) ;
#5270 = PLANE ( 'NONE',  #4535 ) ;
#5271 = DIRECTION ( 'NONE',  ( 0.000000000000000000, 0.000000000000000000, -1.000000000000000000 ) ) ;
#5272 = DIRECTION ( 'NONE',  ( 0.000000000000000000, 0.000000000000000000, -1.000000000000000000 ) ) ;
#5273 = EDGE_CURVE ( 'NONE', #3050, #1953, #6839, .T. ) ;
#5274 = CARTESIAN_POINT ( 'NONE',  ( -0.2685962008386617028, 0.04527561499999999822, 0.009347968799010203389 ) ) ;
#5275 = ORIENTED_EDGE ( 'NONE', *, *, #3523, .T. ) ;
#5276 = CYLINDRICAL_SURFACE ( 'NONE', #4441, 0.07086617999999995920 ) ;
#5277 = CARTESIAN_POINT ( 'NONE',  ( -0.2830615729190518182, 0.04330710999999998201, -0.004221136755202040992 ) ) ;
#5278 = ORIENTED_EDGE ( 'NONE', *, *, #3084, .T. ) ;
#5279 = UNCERTAINTY_MEASURE_WITH_UNIT (LENGTH_MEASURE( 1.000000000000000082E-05 ), #4720, 'distance_accuracy_value', 'NONE');
#5280 = DIRECTION ( 'NONE',  ( 0.000000000000000000, 0.000000000000000000, -1.000000000000000000 ) ) ;
#5281 = LINE ( 'NONE', #3048, #2758 ) ;
#5282 = CIRCLE ( 'NONE', #4039, 0.05708664499999999142 ) ;
#5283 = CARTESIAN_POINT ( 'NONE',  ( -0.2877954310000000460, 0.03346458499999999808, 1.762238766916914599E-17 ) ) ;
#5284 = ORIENTED_EDGE ( 'NONE', *, *, #6517, .F. ) ;
#5285 = LINE ( 'NONE', #6899, #5394 ) ;
#5286 = VECTOR ( 'NONE', #652, 39.37007874015748143 ) ;
#5287 = STYLED_ITEM ( 'NONE', ( #1922 ), #5547 ) ;
#5288 = CARTESIAN_POINT ( 'NONE',  ( -0.1500000810000000073, -0.1811024599999999929, 0.000000000000000000 ) ) ;
#5289 =( GEOMETRIC_REPRESENTATION_CONTEXT ( 3 ) GLOBAL_UNCERTAINTY_ASSIGNED_CONTEXT ( ( #911 ) ) GLOBAL_UNIT_ASSIGNED_CONTEXT ( ( #2636, #1029, #5914 ) ) REPRESENTATION_CONTEXT ( 'NONE', 'WORKASPACE' ) );
#5290 = VERTEX_POINT ( 'NONE', #6329 ) ;
#5291 = CARTESIAN_POINT ( 'NONE',  ( -0.2757938692560801819, 0.04330710999999999589, 0.007271085165341731674 ) ) ;
#5292 = CARTESIAN_POINT ( 'NONE',  ( -0.3005944105938882505, 0.04330710999999999589, -0.004285791742845233843 ) ) ;
#5293 =( LENGTH_UNIT ( ) NAMED_UNIT ( * ) SI_UNIT ( $, .METRE. ) );
#5294 = AXIS2_PLACEMENT_3D ( 'NONE', #5762, #6789, #5171 ) ;
#5295 = CARTESIAN_POINT ( 'NONE',  ( 0.1500000810000000073, -0.1220473100000000061, -0.03937010000000001203 ) ) ;
#5296 = CARTESIAN_POINT ( 'NONE',  ( 0.2877954310000000460, -0.09251973500000004735, 0.05905515000000002152 ) ) ;
#5297 = VECTOR ( 'NONE', #6299, 39.37007874015748143 ) ;
#5298 = VECTOR ( 'NONE', #3999, 39.37007874015748143 ) ;
#5299 = ADVANCED_FACE ( 'NONE', ( #371 ), #1136, .T. ) ;
#5300 = DIRECTION ( 'NONE',  ( 0.000000000000000000, 1.000000000000000000, 0.000000000000000000 ) ) ;
#5301 = EDGE_CURVE ( 'NONE', #6473, #5179, #1515, .T. ) ;
#5302 = DIRECTION ( 'NONE',  ( 0.000000000000000000, 0.000000000000000000, -1.000000000000000000 ) ) ;
#5303 = ORIENTED_EDGE ( 'NONE', *, *, #2992, .T. ) ;
#5304 = STYLED_ITEM ( 'NONE', ( #2501 ), #4915 ) ;
#5305 = EDGE_CURVE ( 'NONE', #5144, #5088, #4734, .T. ) ;
#5306 = EDGE_CURVE ( 'NONE', #671, #1141, #4343, .T. ) ;
#5307 = CARTESIAN_POINT ( 'NONE',  ( 0.2877954310000000460, 0.04133860499999999355, -0.05905514999999998682 ) ) ;
#5308 = CARTESIAN_POINT ( 'NONE',  ( 0.2877954310000000460, 0.04527561499999999822, -0.08661422212598419990 ) ) ;
#5309 = DIRECTION ( 'NONE',  ( 0.000000000000000000, 1.000000000000000000, 0.000000000000000000 ) ) ;
#5310 = VERTEX_POINT ( 'NONE', #3301 ) ;
#5311 = VERTEX_POINT ( 'NONE', #4274 ) ;
#5312 = CARTESIAN_POINT ( 'NONE',  ( -0.2951343863332919759, 0.04527561499999997741, 0.02758535607632614517 ) ) ;
#5313 = ORIENTED_EDGE ( 'NONE', *, *, #3758, .T. ) ;
#5314 = DIRECTION ( 'NONE',  ( 0.000000000000000000, 0.000000000000000000, -1.000000000000000000 ) ) ;
#5315 = DIRECTION ( 'NONE',  ( 0.000000000000000000, -1.000000000000000000, 0.000000000000000000 ) ) ;
#5316 = DIRECTION ( 'NONE',  ( 0.000000000000000000, 0.000000000000000000, -1.000000000000000000 ) ) ;
#5317 = EDGE_LOOP ( 'NONE', ( #636, #6112, #3723, #707 ) ) ;
#5318 = DIRECTION ( 'NONE',  ( -0.000000000000000000, 1.000000000000000000, -0.000000000000000000 ) ) ;
#5319 = DIRECTION ( 'NONE',  ( -0.000000000000000000, 1.000000000000000000, -0.000000000000000000 ) ) ;
#5320 = ORIENTED_EDGE ( 'NONE', *, *, #1501, .T. ) ;
#5321 = CARTESIAN_POINT ( 'NONE',  ( -0.3035536721080016043, 0.04330711000000000283, -0.02343128196848898170 ) ) ;
#5322 = CARTESIAN_POINT ( 'NONE',  ( 0.2877954310000000460, -0.1003937550000000151, 0.05905515000000002152 ) ) ;
#5323 = CARTESIAN_POINT ( 'NONE',  ( -0.2983948761573704256, 0.04330710999999998201, -0.002694375723416117096 ) ) ;
#5324 = VECTOR ( 'NONE', #2472, 39.37007874015748143 ) ;
#5325 = LINE ( 'NONE', #3766, #2351 ) ;
#5326 = FACE_BOUND ( 'NONE', #4332, .T. ) ;
#5327 = CARTESIAN_POINT ( 'NONE',  ( -0.2283465799999999102, -0.04527561499999999822, -0.06889767500000000544 ) ) ;
#5328 = CIRCLE ( 'NONE', #1169, 0.03937010000000001203 ) ;
#5329 = DIRECTION ( 'NONE',  ( 1.000000000000000000, 0.000000000000000000, -1.224646799147353207E-16 ) ) ;
#5330 = VERTEX_POINT ( 'NONE', #6908 ) ;
#5331 = CARTESIAN_POINT ( 'NONE',  ( 0.05000002700000000244, -0.1220473100000000061, 0.03937010000000000509 ) ) ;
#5332 = CARTESIAN_POINT ( 'NONE',  ( 0.1500000810000000073, -0.1023622599999999966, 0.000000000000000000 ) ) ;
#5333 = LINE ( 'NONE', #3704, #611 ) ;
#5334 = CARTESIAN_POINT ( 'NONE',  ( -0.3037615018734047267, 0.04527561499999997741, -0.008404632183298673537 ) ) ;
#5335 = FILL_AREA_STYLE_COLOUR ( '', #4317 ) ;
#5336 = DIRECTION ( 'NONE',  ( 1.000000000000000000, 0.000000000000000000, 0.000000000000000000 ) ) ;
#5337 = B_SPLINE_CURVE_WITH_KNOTS ( 'NONE', 3,
 ( #1820, #4578, #778, #1270, #1762, #4506, #251, #6621, #2318, #2350, #3498, #216, #4476, #6184, #5600, #2907, #2383, #6561, #2870 ),
 .UNSPECIFIED., .F., .F.,
 ( 4, 1, 1, 1, 1, 1, 1, 1, 1, 1, 1, 1, 1, 1, 1, 1, 4 ),
 ( 0.000000000000000000, 0.08042359312847491282, 0.1554478660209154262, 0.2274865779056513826, 0.2949489652405906104, 0.3597986509905196084, 0.4210200219417485901, 0.4819019994984995447, 0.5406082872412761864, 0.5984821386513654584, 0.6551515363375456369, 0.7102010032718244492, 0.7655971895723557852, 0.8217224591483821561, 0.8791641554936606706, 0.9383687171181127606, 1.000000000000000000 ),
 .UNSPECIFIED. ) ;
#5338 = AXIS2_PLACEMENT_3D ( 'NONE', #2331, #3998, #6127 ) ;
#5339 = ORIENTED_EDGE ( 'NONE', *, *, #1996, .F. ) ;
#5340 = EDGE_CURVE ( 'NONE', #4264, #2973, #4927, .T. ) ;
#5341 = VECTOR ( 'NONE', #5800, 39.37007874015748143 ) ;
#5342 = ADVANCED_FACE ( 'NONE', ( #2771 ), #3769, .T. ) ;
#5343 = CARTESIAN_POINT ( 'NONE',  ( -0.2794654835285821926, 0.04330710999999999589, 0.02778637543542661001 ) ) ;
#5344 = VERTEX_POINT ( 'NONE', #1091 ) ;
#5345 = CARTESIAN_POINT ( 'NONE',  ( 0.05000002699999999550, -0.02952757499999999688, 5.409074136996869648E-05 ) ) ;
#5346 = CIRCLE ( 'NONE', #3993, 0.05118113000000000523 ) ;
#5347 = VERTEX_POINT ( 'NONE', #1059 ) ;
#5348 = COLOUR_RGB ( '',1.000000000000000000, 0.8117647058823529438, 0.5019607843137254832 ) ;
#5349 = UNCERTAINTY_MEASURE_WITH_UNIT (LENGTH_MEASURE( 1.000000000000000082E-05 ), #3602, 'distance_accuracy_value', 'NONE');
#5350 = CARTESIAN_POINT ( 'NONE',  ( -0.2701937913053629181, 0.04330710999999999589, -0.01662852230044960244 ) ) ;
#5351 = PRESENTATION_LAYER_ASSIGNMENT (  '', '', ( #3310 ) ) ;
#5352 = DIRECTION ( 'NONE',  ( -0.000000000000000000, 1.000000000000000000, -0.000000000000000000 ) ) ;
#5353 = CARTESIAN_POINT ( 'NONE',  ( -0.2768750459083192950, 0.04527561499999999822, -0.01724344340921513813 ) ) ;
#5354 = CIRCLE ( 'NONE', #512, 0.02224410649999999587 ) ;
#5355 = EDGE_CURVE ( 'NONE', #5561, #4372, #6599, .T. ) ;
#5356 = EDGE_LOOP ( 'NONE', ( #6208, #6586 ) ) ;
#5357 = VECTOR ( 'NONE', #486, 39.37007874015748143 ) ;
#5358 = CARTESIAN_POINT ( 'NONE',  ( -0.2877954310000000460, 0.03346458500000000502, -0.05905514999999998682 ) ) ;
#5359 = EDGE_LOOP ( 'NONE', ( #1833, #2647, #773, #2680 ) ) ;
#5360 = CARTESIAN_POINT ( 'NONE',  ( -0.2701015841427292785, 0.04527561499999997741, -0.01493022366029021948 ) ) ;
#5361 = CARTESIAN_POINT ( 'NONE',  ( -0.2970120694328598487, 0.04330710999999999589, -0.02150181452653161449 ) ) ;
#5362 = PRESENTATION_LAYER_ASSIGNMENT (  '', '', ( #6244 ) ) ;
#5363 = VERTEX_POINT ( 'NONE', #4825 ) ;
#5364 = DIRECTION ( 'NONE',  ( 0.000000000000000000, 0.000000000000000000, 1.000000000000000000 ) ) ;
#5365 = ORIENTED_EDGE ( 'NONE', *, *, #2641, .T. ) ;
#5366 = SURFACE_STYLE_USAGE ( .BOTH. , #1585 ) ;
#5367 = CARTESIAN_POINT ( 'NONE',  ( -0.2877954310000000460, -0.1003937550000000151, 0.05905515000000002152 ) ) ;
#5368 = CARTESIAN_POINT ( 'NONE',  ( -0.3050727111622569820, 0.04330710999999999589, -0.01890775858033752130 ) ) ;
#5369 = CARTESIAN_POINT ( 'NONE',  ( -0.2877954309999999349, -0.02952757499999999688, 1.762238766916914599E-17 ) ) ;
#5370 = CARTESIAN_POINT ( 'NONE',  ( 0.1500000810000000073, -0.1811024599999999929, -0.01574804000000000481 ) ) ;
#5371 = CARTESIAN_POINT ( 'NONE',  ( -0.3068677854340414735, 0.04330710999999999589, 0.008951279696616970191 ) ) ;
#5372 = AXIS2_PLACEMENT_3D ( 'NONE', #6152, #6190, #3588 ) ;
#5373 = EDGE_LOOP ( 'NONE', ( #3396, #582, #4259, #4443 ) ) ;
#5374 = DIRECTION ( 'NONE',  ( 0.000000000000000000, -0.000000000000000000, 1.000000000000000000 ) ) ;
#5375 = CARTESIAN_POINT ( 'NONE',  ( 0.05000002700000000244, -0.1220473100000000061, 0.000000000000000000 ) ) ;
#5376 = ORIENTED_EDGE ( 'NONE', *, *, #2179, .T. ) ;
#5377 = CARTESIAN_POINT ( 'NONE',  ( -0.05000002700000000244, 0.04527561499999999822, 0.000000000000000000 ) ) ;
#5378 = ORIENTED_EDGE ( 'NONE', *, *, #4775, .T. ) ;
#5379 = ADVANCED_FACE ( 'NONE', ( #5395 ), #6459, .F. ) ;
#5380 = CARTESIAN_POINT ( 'NONE',  ( -0.2700541854340414716, 0.04330710999999999589, -0.01405722030338302925 ) ) ;
#5381 = EDGE_CURVE ( 'NONE', #2031, #1793, #1678, .T. ) ;
#5382 = CARTESIAN_POINT ( 'NONE',  ( -0.2965169183431903277, 0.04330710999999998201, 0.01841222099253130018 ) ) ;
#5383 = DIRECTION ( 'NONE',  ( -0.000000000000000000, -1.000000000000000000, -0.000000000000000000 ) ) ;
#5384 = EDGE_CURVE ( 'NONE', #343, #4944, #5066, .T. ) ;
#5385 = EDGE_CURVE ( 'NONE', #192, #2862, #2246, .T. ) ;
#5386 = VERTEX_POINT ( 'NONE', #6425 ) ;
#5387 = FACE_OUTER_BOUND ( 'NONE', #6609, .T. ) ;
#5388 = CARTESIAN_POINT ( 'NONE',  ( 0.1500000810000000073, -0.1220473100000000061, -0.03937010000000001203 ) ) ;
#5389 = ORIENTED_EDGE ( 'NONE', *, *, #1460, .F. ) ;
#5390 = DIRECTION ( 'NONE',  ( -0.000000000000000000, 1.000000000000000000, -0.000000000000000000 ) ) ;
#5391 = SURFACE_STYLE_FILL_AREA ( #3294 ) ;
#5392 = CARTESIAN_POINT ( 'NONE',  ( -0.2976000362779577246, 0.04330710999999998895, -0.02077281745102719027 ) ) ;
#5393 = EDGE_LOOP ( 'NONE', ( #5768, #5608, #543, #3716, #2770, #2449, #540, #5718, #6711, #644, #1873, #1709, #3453, #2093, #4992, #4407, #3944, #4919, #4501, #2015, #6660, #4242, #1215, #6245, #5688, #1356, #6576, #4496, #1706, #6363, #5558, #1994, #840, #5697, #1885, #2766, #3788, #3655, #3043, #3466, #4827, #5760, #3927, #3880 ) ) ;
#5394 = VECTOR ( 'NONE', #361, 39.37007874015748143 ) ;
#5395 = FACE_OUTER_BOUND ( 'NONE', #5254, .T. ) ;
#5396 = FACE_OUTER_BOUND ( 'NONE', #5317, .T. ) ;
#5397 = EDGE_LOOP ( 'NONE', ( #2715, #6072, #1530, #3425 ) ) ;
#5398 = DIRECTION ( 'NONE',  ( 0.000000000000000000, -1.000000000000000000, 0.000000000000000000 ) ) ;
#5399 = CIRCLE ( 'NONE', #2348, 0.09100030497545502639 ) ;
#5400 = CARTESIAN_POINT ( 'NONE',  ( -0.2685463490359360494, 0.04527561499999999822, 0.01249651606225361811 ) ) ;
#5401 = DIRECTION ( 'NONE',  ( 0.000000000000000000, 0.000000000000000000, 1.000000000000000000 ) ) ;
#5402 = CARTESIAN_POINT ( 'NONE',  ( -0.05000002700000000244, -0.1220473100000000061, 0.000000000000000000 ) ) ;
#5403 = SURFACE_STYLE_USAGE ( .BOTH. , #3068 ) ;
#5404 = LINE ( 'NONE', #4350, #3865 ) ;
#5405 = ORIENTED_EDGE ( 'NONE', *, *, #3609, .T. ) ;
#5406 = CARTESIAN_POINT ( 'NONE',  ( -0.2972689268402914364, 0.04330710999999999589, -0.009383618740883028359 ) ) ;
#5407 = VECTOR ( 'NONE', #642, 39.37007874015748143 ) ;
#5408 = DIRECTION ( 'NONE',  ( 0.000000000000000000, 0.000000000000000000, 1.000000000000000000 ) ) ;
#5409 = CARTESIAN_POINT ( 'NONE',  ( -0.2812810786067168611, 0.04330710999999999589, -0.02322217958173399335 ) ) ;
#5410 = VERTEX_POINT ( 'NONE', #1168 ) ;
#5411 = SURFACE_STYLE_FILL_AREA ( #1596 ) ;
#5412 = ORIENTED_EDGE ( 'NONE', *, *, #4979, .T. ) ;
#5413 = CARTESIAN_POINT ( 'NONE',  ( -0.2873250634777796964, 0.04330710999999998895, -0.03167271822245115720 ) ) ;
#5414 = DIRECTION ( 'NONE',  ( 0.000000000000000000, 0.000000000000000000, -1.000000000000000000 ) ) ;
#5415 = CARTESIAN_POINT ( 'NONE',  ( -0.1500000810000000073, -0.02952757499999999688, 0.0001081814827399373930 ) ) ;
#5416 = SURFACE_STYLE_FILL_AREA ( #3286 ) ;
#5417 = ADVANCED_FACE ( 'NONE', ( #541 ), #4859, .T. ) ;
#5418 = ORIENTED_EDGE ( 'NONE', *, *, #2958, .T. ) ;
#5419 = EDGE_CURVE ( 'NONE', #5363, #3557, #2209, .T. ) ;
#5420 = CARTESIAN_POINT ( 'NONE',  ( 0.2877954310000000460, -0.02952757499999999688, 1.762238766916914599E-17 ) ) ;
#5421 = EDGE_CURVE ( 'NONE', #1595, #408, #5618, .T. ) ;
#5422 = FACE_OUTER_BOUND ( 'NONE', #3362, .T. ) ;
#5423 = ORIENTED_EDGE ( 'NONE', *, *, #938, .T. ) ;
#5424 = CARTESIAN_POINT ( 'NONE',  ( -0.2714001019317104912, 0.04527561500000001210, -0.02135638846448164457 ) ) ;
#5425 =( NAMED_UNIT ( * ) PLANE_ANGLE_UNIT ( ) SI_UNIT ( $, .RADIAN. ) );
#5426 = DIMENSIONAL_EXPONENTS ( 1.000000000000000000, 0.000000000000000000, 0.000000000000000000, 0.000000000000000000, 0.000000000000000000, 0.000000000000000000, 0.000000000000000000 ) ;
#5427 = CARTESIAN_POINT ( 'NONE',  ( -0.2988077327464514488, 0.04527561499999997741, -0.01828501347585652359 ) ) ;
#5428 = DIRECTION ( 'NONE',  ( -0.000000000000000000, 1.000000000000000000, -0.000000000000000000 ) ) ;
#5429 = ORIENTED_EDGE ( 'NONE', *, *, #5502, .T. ) ;
#5430 = DIRECTION ( 'NONE',  ( 0.000000000000000000, 0.000000000000000000, -1.000000000000000000 ) ) ;
#5431 = DIRECTION ( 'NONE',  ( 0.000000000000000000, 0.000000000000000000, -1.000000000000000000 ) ) ;
#5432 = ORIENTED_EDGE ( 'NONE', *, *, #4560, .T. ) ;
#5433 = DIRECTION ( 'NONE',  ( 0.000000000000000000, 0.000000000000000000, -1.000000000000000000 ) ) ;
#5434 = CYLINDRICAL_SURFACE ( 'NONE', #4495, 0.03937009999999999121 ) ;
#5435 = EDGE_CURVE ( 'NONE', #3804, #6855, #705, .T. ) ;
#5436 = CARTESIAN_POINT ( 'NONE',  ( 0.1500000810000000073, -0.1220473100000000061, 0.000000000000000000 ) ) ;
#5437 = CIRCLE ( 'NONE', #931, 0.05708664499999999142 ) ;
#5438 = DIRECTION ( 'NONE',  ( 0.000000000000000000, 0.000000000000000000, -1.000000000000000000 ) ) ;
#5439 = PLANE ( 'NONE',  #1005 ) ;
#5440 = EDGE_CURVE ( 'NONE', #1506, #2605, #2836, .T. ) ;
#5441 = VECTOR ( 'NONE', #2573, 39.37007874015747433 ) ;
#5442 = ORIENTED_EDGE ( 'NONE', *, *, #1024, .F. ) ;
#5443 = LENGTH_MEASURE_WITH_UNIT ( LENGTH_MEASURE( 0.02539999999999999897 ), #1974 );
#5444 = AXIS2_PLACEMENT_3D ( 'NONE', #6163, #379, #4667 ) ;
#5445 = PLANE ( 'NONE',  #6339 ) ;
#5446 = DIRECTION ( 'NONE',  ( 0.000000000000000000, 0.000000000000000000, -1.000000000000000000 ) ) ;
#5447 = AXIS2_PLACEMENT_3D ( 'NONE', #995, #411, #2536 ) ;
#5448 = ORIENTED_EDGE ( 'NONE', *, *, #1593, .F. ) ;
#5449 = DIRECTION ( 'NONE',  ( 0.000000000000000000, 0.000000000000000000, -1.000000000000000000 ) ) ;
#5450 = EDGE_CURVE ( 'NONE', #2020, #2510, #6589, .T. ) ;
#5451 = PRESENTATION_STYLE_ASSIGNMENT (( #627 ) ) ;
#5452 = ORIENTED_EDGE ( 'NONE', *, *, #5114, .T. ) ;
#5453 = AXIS2_PLACEMENT_3D ( 'NONE', #1886, #6179, #6047 ) ;
#5454 = CARTESIAN_POINT ( 'NONE',  ( -0.3004734174735941288, 0.04527561499999999128, 0.01044682515558846732 ) ) ;
#5455 = CARTESIAN_POINT ( 'NONE',  ( 0.2759785115712766190, 0.04330710999999999589, 0.02812502969661697175 ) ) ;
#5456 = EDGE_LOOP ( 'NONE', ( #4675, #4426 ) ) ;
#5457 = FACE_OUTER_BOUND ( 'NONE', #6181, .T. ) ;
#5458 = VECTOR ( 'NONE', #1785, 39.37007874015748143 ) ;
#5459 = B_SPLINE_SURFACE_WITH_KNOTS ( 'NONE', 3, 1, ( 
 ( #5601, #6592 ),
 ( #780, #709 ),
 ( #3369, #2910 ),
 ( #3951, #5035 ),
 ( #294, #149 ),
 ( #254, #1797 ),
 ( #4445, #6086 ),
 ( #2387, #4582 ),
 ( #5568, #2285 ),
 ( #6663, #6023 ),
 ( #1729, #3886 ),
 ( #1207, #3339 ),
 ( #5186, #1478 ),
 ( #366, #5777 ),
 ( #2033, #3093 ),
 ( #4196, #951 ),
 ( #4654, #1439 ),
 ( #6221, #3662 ),
 ( #6187, #4162 ) ),
 .UNSPECIFIED., .F., .F., .F.,
 ( 4, 1, 1, 1, 1, 1, 1, 1, 1, 1, 1, 1, 1, 1, 1, 1, 4 ),
 ( 2, 2 ),
 ( 0.000000000000000000, 0.06961345028915065514, 0.1341558467413843103, 0.1941216639751314754, 0.2492702399547626346, 0.3003975238168702933, 0.3464602541181230899, 0.3882517207597301345, 0.4259028191906374383, 0.4961060560373062867, 0.5655345875935802180, 0.6348462500707496847, 0.7047585289073901027, 0.7756659742820924963, 0.8477253815784792090, 0.9224175839219319606, 1.000000000000000000 ),
 ( 0.000000000000000000, 1.000000000000000000 ),
 .UNSPECIFIED. ) ;
#5460 = DIRECTION ( 'NONE',  ( 0.000000000000000000, 1.000000000000000000, 0.000000000000000000 ) ) ;
#5461 = ORIENTED_EDGE ( 'NONE', *, *, #3852, .F. ) ;
#5462 = CIRCLE ( 'NONE', #3889, 0.003937007874015741038 ) ;
#5463 = CARTESIAN_POINT ( 'NONE',  ( -0.2881973463715414296, 0.04527561499999999822, -0.03169707030338302783 ) ) ;
#5464 = CARTESIAN_POINT ( 'NONE',  ( -0.2877954310000000460, 0.04133860712598425025, 0.08661422212598421377 ) ) ;
#5465 = CARTESIAN_POINT ( 'NONE',  ( -0.05000002700000000244, -0.1220473100000000061, 0.000000000000000000 ) ) ;
#5466 = EDGE_CURVE ( 'NONE', #204, #679, #3398, .T. ) ;
#5467 = AXIS2_PLACEMENT_3D ( 'NONE', #6822, #3074, #1982 ) ;
#5468 = VERTEX_POINT ( 'NONE', #5107 ) ;
#5469 = CIRCLE ( 'NONE', #2854, 0.05708664500000000530 ) ;
#5470 = DIRECTION ( 'NONE',  ( 0.000000000000000000, 1.000000000000000000, 0.000000000000000000 ) ) ;
#5471 =( LENGTH_UNIT ( ) NAMED_UNIT ( * ) SI_UNIT ( $, .METRE. ) );
#5472 = EDGE_LOOP ( 'NONE', ( #2237, #6715, #4609, #179 ) ) ;
#5473 = CIRCLE ( 'NONE', #4455, 0.05905515000000000070 ) ;
#5474 = CARTESIAN_POINT ( 'NONE',  ( -0.2871188229340413955, 0.04527561499999997741, 0.02889197969661697063 ) ) ;
#5475 = DIRECTION ( 'NONE',  ( 0.000000000000000000, -0.000000000000000000, 1.000000000000000000 ) ) ;
#5476 = CARTESIAN_POINT ( 'NONE',  ( -0.2708463755346470769, 0.04330710999999999589, 0.02066183863074979796 ) ) ;
#5477 = ADVANCED_FACE ( 'NONE', ( #4021 ), #2427, .F. ) ;
#5478 = LINE ( 'NONE', #5038, #5286 ) ;
#5479 = DIRECTION ( 'NONE',  ( 0.000000000000000000, 0.000000000000000000, 1.000000000000000000 ) ) ;
#5480 = CARTESIAN_POINT ( 'NONE',  ( -0.2769094173692577820, 0.04330710999999999589, -0.002061689754786709492 ) ) ;
#5481 = CARTESIAN_POINT ( 'NONE',  ( -0.2736294835926085800, 0.04330710999999998895, -0.02534259838665509079 ) ) ;
#5482 = ORIENTED_EDGE ( 'NONE', *, *, #4598, .F. ) ;
#5483 = CARTESIAN_POINT ( 'NONE',  ( -0.2877954310000000460, -0.04527561499999999822, 1.762238766916914599E-17 ) ) ;
#5484 = FACE_BOUND ( 'NONE', #2437, .T. ) ;
#5485 = ORIENTED_EDGE ( 'NONE', *, *, #2266, .F. ) ;
#5486 = DIRECTION ( 'NONE',  ( 0.000000000000000000, 0.000000000000000000, -1.000000000000000000 ) ) ;
#5487 = ORIENTED_EDGE ( 'NONE', *, *, #1542, .F. ) ;
#5488 = CARTESIAN_POINT ( 'NONE',  ( -0.2283465799999999102, -0.02952757499999999688, -0.06889767500000000544 ) ) ;
#5489 = ORIENTED_EDGE ( 'NONE', *, *, #2397, .T. ) ;
#5490 = LINE ( 'NONE', #1609, #4111 ) ;
#5491 = ORIENTED_EDGE ( 'NONE', *, *, #1844, .F. ) ;
#5492 = CARTESIAN_POINT ( 'NONE',  ( -0.2761897854340414349, 0.04330710999999999589, -0.01329027030338302863 ) ) ;
#5493 = CARTESIAN_POINT ( 'NONE',  ( -0.2976000362779577246, 0.04527561499999999128, -0.02077281745102719027 ) ) ;
#5494 = VERTEX_POINT ( 'NONE', #5000 ) ;
#5495 = ORIENTED_EDGE ( 'NONE', *, *, #937, .F. ) ;
#5496 =( LENGTH_UNIT ( ) NAMED_UNIT ( * ) SI_UNIT ( $, .METRE. ) );
#5497 = DIRECTION ( 'NONE',  ( 0.000000000000000000, -1.000000000000000000, 0.000000000000000000 ) ) ;
#5498 = DIRECTION ( 'NONE',  ( 0.000000000000000000, -1.000000000000000000, 0.000000000000000000 ) ) ;
#5499 = DIRECTION ( 'NONE',  ( -0.000000000000000000, 1.000000000000000000, -0.000000000000000000 ) ) ;
#5500 = CARTESIAN_POINT ( 'NONE',  ( 0.05000002700000000244, 0.04527561499999999822, -0.02952757500000001076 ) ) ;
#5501 = FACE_OUTER_BOUND ( 'NONE', #3332, .T. ) ;
#5502 = EDGE_CURVE ( 'NONE', #2338, #1566, #5337, .T. ) ;
#5503 = CARTESIAN_POINT ( 'NONE',  ( -0.2878857729340414395, 0.04527561499999999822, -0.005452999990883026712 ) ) ;
#5504 = AXIS2_PLACEMENT_3D ( 'NONE', #5706, #4658, #2953 ) ;
#5505 = ADVANCED_FACE ( 'NONE', ( #5565 ), #6493, .F. ) ;
#5506 = STYLED_ITEM ( 'NONE', ( #2417 ), #5748 ) ;
#5507 = ADVANCED_FACE ( 'NONE', ( #6867 ), #4272, .F. ) ;
#5508 = ORIENTED_EDGE ( 'NONE', *, *, #6470, .F. ) ;
#5509 = EDGE_CURVE ( 'NONE', #1058, #1077, #784, .T. ) ;
#5510 = COLOUR_RGB ( '',1.000000000000000000, 0.8117647058823529438, 0.5019607843137254832 ) ;
#5511 = CARTESIAN_POINT ( 'NONE',  ( -0.2685460599314002383, 0.04330710999999999589, 0.01089849047894041363 ) ) ;
#5512 = PLANE ( 'NONE',  #2629 ) ;
#5513 = VERTEX_POINT ( 'NONE', #1957 ) ;
#5514 = FILL_AREA_STYLE ('',( #2716 ) ) ;
#5515 = CARTESIAN_POINT ( 'NONE',  ( -0.2777519821829086411, 0.04527561499999999128, -0.01942058161109104161 ) ) ;
#5516 = ORIENTED_EDGE ( 'NONE', *, *, #3961, .F. ) ;
#5517 = AXIS2_PLACEMENT_3D ( 'NONE', #2186, #4355, #5479 ) ;
#5518 = DIRECTION ( 'NONE',  ( 0.000000000000000000, -0.000000000000000000, -1.000000000000000000 ) ) ;
#5519 = CARTESIAN_POINT ( 'NONE',  ( -0.2972689268402914364, 0.04527561499999999822, -0.009383618740883028359 ) ) ;
#5520 = EDGE_CURVE ( 'NONE', #1784, #2967, #3582, .T. ) ;
#5521 = ORIENTED_EDGE ( 'NONE', *, *, #2691, .F. ) ;
#5522 = DIRECTION ( 'NONE',  ( -0.000000000000000000, 1.000000000000000000, -0.000000000000000000 ) ) ;
#5523 =( NAMED_UNIT ( * ) PLANE_ANGLE_UNIT ( ) SI_UNIT ( $, .RADIAN. ) );
#5524 = ORIENTED_EDGE ( 'NONE', *, *, #1142, .T. ) ;
#5525 = DIRECTION ( 'NONE',  ( 0.000000000000000000, 0.000000000000000000, -1.000000000000000000 ) ) ;
#5526 = VERTEX_POINT ( 'NONE', #6726 ) ;
#5527 = DIRECTION ( 'NONE',  ( 0.000000000000000000, -0.000000000000000000, 1.000000000000000000 ) ) ;
#5528 = VERTEX_POINT ( 'NONE', #1474 ) ;
#5529 = FACE_OUTER_BOUND ( 'NONE', #6011, .T. ) ;
#5530 = ORIENTED_EDGE ( 'NONE', *, *, #2481, .T. ) ;
#5531 = EDGE_CURVE ( 'NONE', #849, #1978, #323, .T. ) ;
#5532 = DIRECTION ( 'NONE',  ( -0.000000000000000000, 1.000000000000000000, -0.000000000000000000 ) ) ;
#5533 = SURFACE_STYLE_USAGE ( .BOTH. , #1240 ) ;
#5534 = CARTESIAN_POINT ( 'NONE',  ( 0.1500000810000000073, -0.1200788050000000107, 0.000000000000000000 ) ) ;
#5535 = FILL_AREA_STYLE_COLOUR ( '', #1164 ) ;
#5536 = DIRECTION ( 'NONE',  ( 1.000000000000000000, 0.000000000000000000, 0.000000000000000000 ) ) ;
#5537 = CARTESIAN_POINT ( 'NONE',  ( -0.2884969484217985713, 0.04330711000000000283, 0.02192942221332308886 ) ) ;
#5538 = CARTESIAN_POINT ( 'NONE',  ( -0.2856230103553598632, 0.04330710999999999589, -0.03162520091392208299 ) ) ;
#5539 = ORIENTED_EDGE ( 'NONE', *, *, #1874, .T. ) ;
#5540 = CIRCLE ( 'NONE', #381, 0.09100030497545502639 ) ;
#5541 = CARTESIAN_POINT ( 'NONE',  ( -0.2892667265150145606, 0.04330710999999999589, 0.02884694036136315268 ) ) ;
#5542 = CARTESIAN_POINT ( 'NONE',  ( -0.1500000810000000073, 0.04527561499999999822, -0.02952757500000000035 ) ) ;
#5543 = ORIENTED_EDGE ( 'NONE', *, *, #4261, .F. ) ;
#5544 = CARTESIAN_POINT ( 'NONE',  ( -0.2283465799999999102, -0.04527561499999999822, 0.06889767499999997769 ) ) ;
#5545 = CARTESIAN_POINT ( 'NONE',  ( -0.2796354770518548749, 0.04527561499999999128, -0.02197813541035827448 ) ) ;
#5546 = CIRCLE ( 'NONE', #267, 0.05905515000000000070 ) ;
#5547 = ADVANCED_FACE ( 'NONE', ( #1993 ), #675, .T. ) ;
#5548 = ORIENTED_EDGE ( 'NONE', *, *, #2409, .T. ) ;
#5549 = TOROIDAL_SURFACE ( 'NONE', #4869, 0.08661422212598421377, 0.003937007874015747977 ) ;
#5550 = EDGE_CURVE ( 'NONE', #3499, #5344, #881, .T. ) ;
#5551 = AXIS2_PLACEMENT_3D ( 'NONE', #5402, #3103, #6433 ) ;
#5552 = COLOUR_RGB ( '',1.000000000000000000, 0.8117647058823529438, 0.5019607843137254832 ) ;
#5553 = SURFACE_STYLE_USAGE ( .BOTH. , #6103 ) ;
#5554 = DIRECTION ( 'NONE',  ( 0.000000000000000000, 0.000000000000000000, 1.000000000000000000 ) ) ;
#5555 = ORIENTED_EDGE ( 'NONE', *, *, #3758, .F. ) ;
#5556 = VECTOR ( 'NONE', #392, 39.37007874015748143 ) ;
#5557 = CARTESIAN_POINT ( 'NONE',  ( 0.2877954310000000460, 0.03346458500000000502, 0.05905515000000002152 ) ) ;
#5558 = ORIENTED_EDGE ( 'NONE', *, *, #3503, .F. ) ;
#5559 = DIRECTION ( 'NONE',  ( 0.000000000000000000, -1.000000000000000000, 0.000000000000000000 ) ) ;
#5560 = ORIENTED_EDGE ( 'NONE', *, *, #727, .F. ) ;
#5561 = VERTEX_POINT ( 'NONE', #5939 ) ;
#5562 =( GEOMETRIC_REPRESENTATION_CONTEXT ( 3 ) GLOBAL_UNCERTAINTY_ASSIGNED_CONTEXT ( ( #4018 ) ) GLOBAL_UNIT_ASSIGNED_CONTEXT ( ( #2971, #1363, #5660 ) ) REPRESENTATION_CONTEXT ( 'NONE', 'WORKASPACE' ) );
#5563 = EDGE_LOOP ( 'NONE', ( #3488, #1253, #946, #6157 ) ) ;
#5564 = AXIS2_PLACEMENT_3D ( 'NONE', #6845, #3559, #2469 ) ;
#5565 = FACE_OUTER_BOUND ( 'NONE', #3939, .T. ) ;
#5566 = DIRECTION ( 'NONE',  ( -1.000000000000000000, 0.000000000000000000, 0.000000000000000000 ) ) ;
#5567 = AXIS2_PLACEMENT_3D ( 'NONE', #5089, #2888, #662 ) ;
#5568 = CARTESIAN_POINT ( 'NONE',  ( -0.2983948761573704256, 0.04330710999999998201, -0.002694375723416117096 ) ) ;
#5569 = CARTESIAN_POINT ( 'NONE',  ( 0.2877954310000000460, 0.03346458500000000502, -0.07086617999999994533 ) ) ;
#5570 = AXIS2_PLACEMENT_3D ( 'NONE', #299, #2432, #4063 ) ;
#5571 = CARTESIAN_POINT ( 'NONE',  ( -0.2877954310000000460, 0.04133860712598425718, 1.762238766916914599E-17 ) ) ;
#5572 = FACE_OUTER_BOUND ( 'NONE', #3274, .T. ) ;
#5573 = LINE ( 'NONE', #3373, #2693 ) ;
#5574 = CIRCLE ( 'NONE', #1527, 0.05708664499999997755 ) ;
#5575 = VERTEX_POINT ( 'NONE', #566 ) ;
#5576 = FACE_OUTER_BOUND ( 'NONE', #2302, .T. ) ;
#5577 = CARTESIAN_POINT ( 'NONE',  ( 0.2698429115712766002, 0.04330710999999999589, -0.03093012030338303242 ) ) ;
#5578 = ORIENTED_EDGE ( 'NONE', *, *, #15, .F. ) ;
#5579 = CARTESIAN_POINT ( 'NONE',  ( -0.2786114479521625831, 0.04527561499999997741, 0.01986246257351311287 ) ) ;
#5580 = EDGE_LOOP ( 'NONE', ( #1154, #111, #1813, #244 ) ) ;
#5581 = LINE ( 'NONE', #3902, #6341 ) ;
#5582 = SURFACE_SIDE_STYLE ('',( #3421 ) ) ;
#5583 = FACE_OUTER_BOUND ( 'NONE', #5678, .T. ) ;
#5584 = ORIENTED_EDGE ( 'NONE', *, *, #1031, .F. ) ;
#5585 =( GEOMETRIC_REPRESENTATION_CONTEXT ( 3 ) GLOBAL_UNCERTAINTY_ASSIGNED_CONTEXT ( ( #3076 ) ) GLOBAL_UNIT_ASSIGNED_CONTEXT ( ( #5603, #4129, #4027 ) ) REPRESENTATION_CONTEXT ( 'NONE', 'WORKASPACE' ) );
#5586 = EDGE_CURVE ( 'NONE', #1595, #5290, #1683, .T. ) ;
#5587 = EDGE_CURVE ( 'NONE', #4569, #871, #1716, .T. ) ;
#5588 = CARTESIAN_POINT ( 'NONE',  ( -0.2700541854340414716, 0.04330710999999999589, -0.01405722030338302925 ) ) ;
#5589 = DIMENSIONAL_EXPONENTS ( 1.000000000000000000, 0.000000000000000000, 0.000000000000000000, 0.000000000000000000, 0.000000000000000000, 0.000000000000000000, 0.000000000000000000 ) ;
#5590 = ORIENTED_EDGE ( 'NONE', *, *, #3991, .F. ) ;
#5591 = CARTESIAN_POINT ( 'NONE',  ( -0.2877954310000000460, 0.04527561499999999822, 0.05511814000000001684 ) ) ;
#5592 = EDGE_CURVE ( 'NONE', #5088, #5144, #1116, .T. ) ;
#5593 = EDGE_CURVE ( 'NONE', #3979, #3408, #4714, .T. ) ;
#5594 = EDGE_CURVE ( 'NONE', #6078, #6374, #5869, .T. ) ;
#5595 = ORIENTED_EDGE ( 'NONE', *, *, #4472, .T. ) ;
#5596 = DIRECTION ( 'NONE',  ( -1.000000000000000000, -0.000000000000000000, -0.000000000000000000 ) ) ;
#5597 = ORIENTED_EDGE ( 'NONE', *, *, #3458, .F. ) ;
#5598 = CARTESIAN_POINT ( 'NONE',  ( -0.2815735424467962766, 0.04330710999999998895, 0.02129958936025705060 ) ) ;
#5599 = AXIS2_PLACEMENT_3D ( 'NONE', #746, #287, #847 ) ;
#5600 = CARTESIAN_POINT ( 'NONE',  ( -0.2988077327464514488, 0.04527561499999997741, -0.01828501347585652359 ) ) ;
#5601 = CARTESIAN_POINT ( 'NONE',  ( -0.2894076893402914297, 0.04330710999999999589, 0.0007065671966169690841 ) ) ;
#5602 = CARTESIAN_POINT ( 'NONE',  ( -0.2995115048804433688, 0.04527561499999997741, -0.02825489099438019402 ) ) ;
#5603 =( CONVERSION_BASED_UNIT ( 'INCH', #4062 ) LENGTH_UNIT ( ) NAMED_UNIT ( #2340 ) );
#5604 = CYLINDRICAL_SURFACE ( 'NONE', #5570, 0.09100030497545502639 ) ;
#5605 = PRESENTATION_STYLE_ASSIGNMENT (( #3990 ) ) ;
#5606 = LINE ( 'NONE', #5010, #126 ) ;
#5607 = CARTESIAN_POINT ( 'NONE',  ( -0.05000002699999999550, -0.02952757499999999688, 5.409074136996869648E-05 ) ) ;
#5608 = ORIENTED_EDGE ( 'NONE', *, *, #2567, .F. ) ;
#5609 = CIRCLE ( 'NONE', #4819, 0.07086617999999995920 ) ;
#5610 = PLANE ( 'NONE',  #5564 ) ;
#5611 = CARTESIAN_POINT ( 'NONE',  ( 0.1381890510000000072, -0.02952757499999999688, -0.06889767500000000544 ) ) ;
#5612 = EDGE_LOOP ( 'NONE', ( #2523, #6615 ) ) ;
#5613 =( NAMED_UNIT ( * ) PLANE_ANGLE_UNIT ( ) SI_UNIT ( $, .RADIAN. ) );
#5614 = EDGE_CURVE ( 'NONE', #3229, #1720, #337, .T. ) ;
#5615 = EDGE_LOOP ( 'NONE', ( #2086, #303 ) ) ;
#5616 = AXIS2_PLACEMENT_3D ( 'NONE', #476, #2603, #4248 ) ;
#5617 = B_SPLINE_SURFACE_WITH_KNOTS ( 'NONE', 3, 1, ( 
 ( #2223, #6510 ),
 ( #692, #3933 ),
 ( #1708, #3858 ),
 ( #1183, #5998 ),
 ( #3318, #6036 ),
 ( #1219, #725 ),
 ( #3349, #5515 ),
 ( #4975, #162 ),
 ( #4461, #6070 ),
 ( #1255, #5545 ),
 ( #5239, #3036 ),
 ( #342, #413 ),
 ( #897, #5200 ),
 ( #6238, #5652 ),
 ( #4109, #6818 ),
 ( #5755, #1908 ),
 ( #929, #4143 ),
 ( #308, #1424 ),
 ( #3639, #2473 ) ),
 .UNSPECIFIED., .F., .F., .F.,
 ( 4, 1, 1, 1, 1, 1, 1, 1, 1, 1, 1, 1, 1, 1, 1, 1, 4 ),
 ( 2, 2 ),
 ( 0.000000000000000000, 0.07657281352907585603, 0.1493228985313979906, 0.2172186749416069318, 0.2820872493082847710, 0.3432655771108285570, 0.4022310899227248826, 0.4584773865507863477, 0.5141512058041759481, 0.5690726415643317937, 0.6243527363272776132, 0.6811913672928024965, 0.7394041584491248820, 0.7998297883091698424, 0.8628307336450727894, 0.9296455439554848210, 0.9999999999999998890 ),
 ( 0.000000000000000000, 1.000000000000000000 ),
 .UNSPECIFIED. ) ;
#5618 = CIRCLE ( 'NONE', #2572, 0.03937010000000001203 ) ;
#5619 = DIRECTION ( 'NONE',  ( -0.000000000000000000, 1.000000000000000000, -0.000000000000000000 ) ) ;
#5620 = LINE ( 'NONE', #5090, #1079 ) ;
#5621 =( GEOMETRIC_REPRESENTATION_CONTEXT ( 3 ) GLOBAL_UNCERTAINTY_ASSIGNED_CONTEXT ( ( #2522 ) ) GLOBAL_UNIT_ASSIGNED_CONTEXT ( ( #1361, #3490, #1498 ) ) REPRESENTATION_CONTEXT ( 'NONE', 'WORKASPACE' ) );
#5622 = CARTESIAN_POINT ( 'NONE',  ( 0.2698429115712766002, 0.04330710999999999589, 0.02812502969661697175 ) ) ;
#5623 = AXIS2_PLACEMENT_3D ( 'NONE', #3737, #118, #6463 ) ;
#5624 = VERTEX_POINT ( 'NONE', #1051 ) ;
#5625 = VECTOR ( 'NONE', #539, 39.37007874015748143 ) ;
#5626 = AXIS2_PLACEMENT_3D ( 'NONE', #5977, #4303, #2206 ) ;
#5627 = ORIENTED_EDGE ( 'NONE', *, *, #1155, .F. ) ;
#5628 = CARTESIAN_POINT ( 'NONE',  ( -0.1500000810000000073, -0.1023622599999999966, -0.05708664500000000530 ) ) ;
#5629 = FACE_BOUND ( 'NONE', #2047, .T. ) ;
#5630 = EDGE_CURVE ( 'NONE', #6076, #2827, #6058, .T. ) ;
#5631 = ORIENTED_EDGE ( 'NONE', *, *, #3920, .T. ) ;
#5632 = DIRECTION ( 'NONE',  ( -0.000000000000000000, 1.000000000000000000, -0.000000000000000000 ) ) ;
#5633 = ADVANCED_FACE ( 'NONE', ( #5904 ), #4403, .T. ) ;
#5634 = UNCERTAINTY_MEASURE_WITH_UNIT (LENGTH_MEASURE( 1.000000000000000082E-05 ), #5052, 'distance_accuracy_value', 'NONE');
#5635 = ORIENTED_EDGE ( 'NONE', *, *, #3384, .T. ) ;
#5636 = EDGE_CURVE ( 'NONE', #408, #1490, #1124, .T. ) ;
#5637 = DIRECTION ( 'NONE',  ( -0.000000000000000000, -1.000000000000000000, -0.000000000000000000 ) ) ;
#5638 = DIRECTION ( 'NONE',  ( 1.000000000000000000, 0.000000000000000000, 0.000000000000000000 ) ) ;
#5639 = ORIENTED_EDGE ( 'NONE', *, *, #3511, .T. ) ;
#5640 = LINE ( 'NONE', #6691, #2457 ) ;
#5641 = CYLINDRICAL_SURFACE ( 'NONE', #4722, 0.05708664500000004000 ) ;
#5642 = CARTESIAN_POINT ( 'NONE',  ( -0.2995115048804433688, 0.04330710999999998895, -0.02825489099438019402 ) ) ;
#5643 = CYLINDRICAL_SURFACE ( 'NONE', #3107, 0.05708664500000000530 ) ;
#5644 = CARTESIAN_POINT ( 'NONE',  ( 0.1500000810000000073, -0.1220473100000000061, -0.01968505000000000602 ) ) ;
#5645 = EDGE_CURVE ( 'NONE', #4994, #3872, #1158, .T. ) ;
#5646 = DIRECTION ( 'NONE',  ( -0.000000000000000000, 1.000000000000000000, -0.000000000000000000 ) ) ;
#5647 = CARTESIAN_POINT ( 'NONE',  ( -0.05000002700000000244, -0.1811024599999999929, 0.000000000000000000 ) ) ;
#5648 = ADVANCED_FACE ( 'NONE', ( #2166 ), #5168, .T. ) ;
#5649 = ORIENTED_EDGE ( 'NONE', *, *, #4597, .T. ) ;
#5650 = CARTESIAN_POINT ( 'NONE',  ( -0.3067725601861164275, 0.04330710999999998201, 0.01116015332463097219 ) ) ;
#5651 = DIRECTION ( 'NONE',  ( 0.000000000000000000, 0.000000000000000000, -1.000000000000000000 ) ) ;
#5652 = CARTESIAN_POINT ( 'NONE',  ( -0.2832321500926100466, 0.04527561499999996353, -0.02410665370879615937 ) ) ;
#5653 = EDGE_LOOP ( 'NONE', ( #5631, #1472, #5669, #97 ) ) ;
#5654 = PRESENTATION_STYLE_ASSIGNMENT (( #6134 ) ) ;
#5655 = VERTEX_POINT ( 'NONE', #2620 ) ;
#5656 = AXIS2_PLACEMENT_3D ( 'NONE', #2796, #2165, #3289 ) ;
#5657 = MECHANICAL_DESIGN_GEOMETRIC_PRESENTATION_REPRESENTATION (  '', ( #603 ), #2498 ) ;
#5658 =( CONVERSION_BASED_UNIT ( 'INCH', #873 ) LENGTH_UNIT ( ) NAMED_UNIT ( #3251 ) );
#5659 = ORIENTED_EDGE ( 'NONE', *, *, #3572, .T. ) ;
#5660 =( NAMED_UNIT ( * ) SI_UNIT ( $, .STERADIAN. ) SOLID_ANGLE_UNIT ( ) );
#5661 =( LENGTH_UNIT ( ) NAMED_UNIT ( * ) SI_UNIT ( $, .METRE. ) );
#5662 = ORIENTED_EDGE ( 'NONE', *, *, #6930, .F. ) ;
#5663 = FACE_OUTER_BOUND ( 'NONE', #5397, .T. ) ;
#5664 = VECTOR ( 'NONE', #1486, 39.37007874015748143 ) ;
#5665 = VERTEX_POINT ( 'NONE', #5358 ) ;
#5666 = CARTESIAN_POINT ( 'NONE',  ( -0.2764014363036511601, 0.04330711000000000976, 0.01769356849699999304 ) ) ;
#5667 = SURFACE_SIDE_STYLE ('',( #811 ) ) ;
#5668 = VECTOR ( 'NONE', #5064, 39.37007874015748143 ) ;
#5669 = ORIENTED_EDGE ( 'NONE', *, *, #5301, .F. ) ;
#5670 = DIRECTION ( 'NONE',  ( -0.000000000000000000, 1.000000000000000000, -0.000000000000000000 ) ) ;
#5671 = CARTESIAN_POINT ( 'NONE',  ( -0.2967682675021808825, 0.04330711000000000283, -0.02995009787357189382 ) ) ;
#5672 = DIRECTION ( 'NONE',  ( 0.000000000000000000, 0.000000000000000000, 1.000000000000000000 ) ) ;
#5673 = CARTESIAN_POINT ( 'NONE',  ( -0.2786114479521625831, 0.04330710999999998201, 0.01986246257351311287 ) ) ;
#5674 = AXIS2_PLACEMENT_3D ( 'NONE', #3518, #1314, #6699 ) ;
#5675 = CARTESIAN_POINT ( 'NONE',  ( 0.2877954310000000460, -0.04527561499999999822, 1.762238766916914599E-17 ) ) ;
#5676 = VECTOR ( 'NONE', #5691, 39.37007874015748143 ) ;
#5677 = CARTESIAN_POINT ( 'NONE',  ( -0.05000002700000000244, -0.1220473100000000061, 0.000000000000000000 ) ) ;
#5678 = EDGE_LOOP ( 'NONE', ( #5539, #6239, #613, #1265, #3461, #3210, #2084, #3632, #4250, #5412, #73, #4381 ) ) ;
#5679 = AXIS2_PLACEMENT_3D ( 'NONE', #1594, #6436, #584 ) ;
#5680 = ADVANCED_FACE ( 'NONE', ( #5422 ), #1607, .F. ) ;
#5681 = CARTESIAN_POINT ( 'NONE',  ( -0.1500000810000000073, -0.1771654499999999743, 0.02618111650000000748 ) ) ;
#5682 = DIRECTION ( 'NONE',  ( -0.9922778767136677391, 0.000000000000000000, 0.1240347345892084674 ) ) ;
#5683 = CARTESIAN_POINT ( 'NONE',  ( -0.3067725601861164275, 0.04527561499999996353, 0.01116015332463097219 ) ) ;
#5684 = VECTOR ( 'NONE', #4429, 39.37007874015748143 ) ;
#5685 = VERTEX_POINT ( 'NONE', #530 ) ;
#5686 = AXIS2_PLACEMENT_3D ( 'NONE', #6547, #102, #5518 ) ;
#5687 = SURFACE_STYLE_FILL_AREA ( #2018 ) ;
#5688 = ORIENTED_EDGE ( 'NONE', *, *, #3298, .F. ) ;
#5689 = FACE_BOUND ( 'NONE', #4956, .T. ) ;
#5690 = ORIENTED_EDGE ( 'NONE', *, *, #3086, .F. ) ;
#5691 = DIRECTION ( 'NONE',  ( -0.000000000000000000, -1.000000000000000000, -0.000000000000000000 ) ) ;
#5692 = SURFACE_SIDE_STYLE ('',( #2249 ) ) ;
#5693 = VERTEX_POINT ( 'NONE', #1645 ) ;
#5694 = CARTESIAN_POINT ( 'NONE',  ( -0.2894076893402914297, 0.04330710999999999589, 0.0007065671966169690841 ) ) ;
#5695 = CIRCLE ( 'NONE', #1980, 0.05708664500000000530 ) ;
#5696 = UNCERTAINTY_MEASURE_WITH_UNIT (LENGTH_MEASURE( 1.000000000000000082E-05 ), #2703, 'distance_accuracy_value', 'NONE');
#5697 = ORIENTED_EDGE ( 'NONE', *, *, #2140, .F. ) ;
#5698 = CARTESIAN_POINT ( 'NONE',  ( -0.2772590071254081301, 0.04527561499999999128, 0.005468984555864810429 ) ) ;
#5699 = DIRECTION ( 'NONE',  ( -0.000000000000000000, 1.000000000000000000, -0.000000000000000000 ) ) ;
#5700 = ORIENTED_EDGE ( 'NONE', *, *, #3264, .F. ) ;
#5701 = CARTESIAN_POINT ( 'NONE',  ( -0.2981879954129469379, 0.04330710999999998895, -0.02917250811758003923 ) ) ;
#5702 =( CONVERSION_BASED_UNIT ( 'INCH', #5809 ) LENGTH_UNIT ( ) NAMED_UNIT ( #6390 ) );
#5703 =( NAMED_UNIT ( * ) SI_UNIT ( $, .STERADIAN. ) SOLID_ANGLE_UNIT ( ) );
#5704 = SURFACE_STYLE_FILL_AREA ( #5188 ) ;
#5705 = LINE ( 'NONE', #1865, #2635 ) ;
#5706 = CARTESIAN_POINT ( 'NONE',  ( -0.1500000810000000073, -0.02952757499999999688, 0.000000000000000000 ) ) ;
#5707 = DIRECTION ( 'NONE',  ( -1.000000000000000000, 0.000000000000000000, -0.000000000000000000 ) ) ;
#5708 = CARTESIAN_POINT ( 'NONE',  ( -0.2939158545066278827, 0.04527561500000001210, -0.007308822395217976810 ) ) ;
#5709 = DIRECTION ( 'NONE',  ( 0.000000000000000000, -1.000000000000000000, 0.000000000000000000 ) ) ;
#5710 = ORIENTED_EDGE ( 'NONE', *, *, #133, .T. ) ;
#5711 =( NAMED_UNIT ( * ) PLANE_ANGLE_UNIT ( ) SI_UNIT ( $, .RADIAN. ) );
#5712 = CARTESIAN_POINT ( 'NONE',  ( 0.05000002700000000244, -0.1023622599999999966, 0.000000000000000000 ) ) ;
#5713 = CARTESIAN_POINT ( 'NONE',  ( -0.3053338854340414410, 0.04330710999999999589, -0.01551921874088303156 ) ) ;
#5714 = ADVANCED_FACE ( 'NONE', ( #2730 ), #4885, .T. ) ;
#5715 = SURFACE_SIDE_STYLE ('',( #795 ) ) ;
#5716 = CARTESIAN_POINT ( 'NONE',  ( -0.2913363750064600910, 0.04330710999999998895, 0.02859052145730782771 ) ) ;
#5717 = ADVANCED_FACE ( 'NONE', ( #75 ), #6384, .T. ) ;
#5718 = ORIENTED_EDGE ( 'NONE', *, *, #5930, .F. ) ;
#5719 = EDGE_CURVE ( 'NONE', #775, #5410, #112, .T. ) ;
#5720 = ADVANCED_FACE ( 'NONE', ( #667 ), #2376, .F. ) ;
#5721 = AXIS2_PLACEMENT_3D ( 'NONE', #45, #612, #2772 ) ;
#5722 =( NAMED_UNIT ( * ) PLANE_ANGLE_UNIT ( ) SI_UNIT ( $, .RADIAN. ) );
#5723 = DIRECTION ( 'NONE',  ( -0.000000000000000000, 1.000000000000000000, -0.000000000000000000 ) ) ;
#5724 = ADVANCED_FACE ( 'NONE', ( #803 ), #5096, .T. ) ;
#5725 = AXIS2_PLACEMENT_3D ( 'NONE', #5288, #2030, #1541 ) ;
#5726 = ORIENTED_EDGE ( 'NONE', *, *, #2696, .F. ) ;
#5727 = DIMENSIONAL_EXPONENTS ( 1.000000000000000000, 0.000000000000000000, 0.000000000000000000, 0.000000000000000000, 0.000000000000000000, 0.000000000000000000, 0.000000000000000000 ) ;
#5728 = VERTEX_POINT ( 'NONE', #3389 ) ;
#5729 = CARTESIAN_POINT ( 'NONE',  ( -0.2817077147201570986, 0.04527561500000000516, -0.003844995780401616516 ) ) ;
#5730 = PRESENTATION_LAYER_ASSIGNMENT (  '', '', ( #117 ) ) ;
#5731 = DIRECTION ( 'NONE',  ( -0.000000000000000000, 1.000000000000000000, -0.000000000000000000 ) ) ;
#5732 = AXIS2_PLACEMENT_3D ( 'NONE', #1063, #3305, #1698 ) ;
#5733 = CARTESIAN_POINT ( 'NONE',  ( -0.2755165691926769189, 0.04527561499999999822, -0.001387992987683239667 ) ) ;
#5734 = CIRCLE ( 'NONE', #2684, 0.02952757500000001076 ) ;
#5735 = EDGE_CURVE ( 'NONE', #1256, #3348, #6925, .T. ) ;
#5736 = ORIENTED_EDGE ( 'NONE', *, *, #6760, .F. ) ;
#5737 = PLANE ( 'NONE',  #6376 ) ;
#5738 = TOROIDAL_SURFACE ( 'NONE', #1903, 0.02224410649999999587, 0.003937010000000000336 ) ;
#5739 = CARTESIAN_POINT ( 'NONE',  ( -0.1500000810000000073, -0.1220473100000000061, -0.03937010000000001203 ) ) ;
#5740 = VERTEX_POINT ( 'NONE', #5557 ) ;
#5741 = CARTESIAN_POINT ( 'NONE',  ( -0.2764494211997789441, 0.04330710999999999589, 0.006323737441640815346 ) ) ;
#5742 = DIRECTION ( 'NONE',  ( 0.000000000000000000, 0.000000000000000000, -1.000000000000000000 ) ) ;
#5743 = CARTESIAN_POINT ( 'NONE',  ( -0.2892954168336081544, 0.04330710999999998201, -0.02478337026389326389 ) ) ;
#5744 = AXIS2_PLACEMENT_3D ( 'NONE', #3844, #114, #1201 ) ;
#5745 = DIRECTION ( 'NONE',  ( -0.000000000000000000, 1.000000000000000000, -0.000000000000000000 ) ) ;
#5746 = PLANE ( 'NONE',  #4652 ) ;
#5747 = CARTESIAN_POINT ( 'NONE',  ( -0.2966899088940606055, 0.04527561499999999128, -0.008806232242918413458 ) ) ;
#5748 = MANIFOLD_SOLID_BREP ( 'Scale1[1]', #2881 ) ;
#5749 = CARTESIAN_POINT ( 'NONE',  ( -0.1500000810000000073, -0.04527561499999999822, 0.05719482648273991471 ) ) ;
#5750 = EDGE_LOOP ( 'NONE', ( #2819, #3263, #156, #5863 ) ) ;
#5751 = LINE ( 'NONE', #338, #5954 ) ;
#5752 = CARTESIAN_POINT ( 'NONE',  ( 0.3008564521962766025, 0.04330710999999999589, 0.02812502969661697175 ) ) ;
#5753 = LINE ( 'NONE', #3067, #3940 ) ;
#5754 = FACE_OUTER_BOUND ( 'NONE', #3430, .T. ) ;
#5755 = CARTESIAN_POINT ( 'NONE',  ( -0.2854744997245423632, 0.04330710999999998201, -0.02463222818722319435 ) ) ;
#5756 = VERTEX_POINT ( 'NONE', #2797 ) ;
#5757 = CARTESIAN_POINT ( 'NONE',  ( -0.2871188229340413955, 0.04330710999999999589, 0.02889197969661697063 ) ) ;
#5758 = ADVANCED_FACE ( 'NONE', ( #6006 ), #1814, .F. ) ;
#5759 = CARTESIAN_POINT ( 'NONE',  ( -0.2776278166840414618, 0.04330710999999999589, -0.002409167178383031255 ) ) ;
#5760 = ORIENTED_EDGE ( 'NONE', *, *, #2375, .F. ) ;
#5761 = UNCERTAINTY_MEASURE_WITH_UNIT (LENGTH_MEASURE( 1.000000000000000082E-05 ), #2287, 'distance_accuracy_value', 'NONE');
#5762 = CARTESIAN_POINT ( 'NONE',  ( -0.2877954310000000460, -0.04527561499999999822, -0.09055122999999995481 ) ) ;
#5763 = ORIENTED_EDGE ( 'NONE', *, *, #4581, .F. ) ;
#5764 = CARTESIAN_POINT ( 'NONE',  ( -0.2784677826397585210, 0.04527561499999999822, -0.002772779555858423048 ) ) ;
#5765 = CARTESIAN_POINT ( 'NONE',  ( -0.2761897854340414349, 0.04527561499999999822, -0.01329027030338302863 ) ) ;
#5766 = CIRCLE ( 'NONE', #6093, 0.02913387400000000058 ) ;
#5767 = CARTESIAN_POINT ( 'NONE',  ( -0.2690389199139515131, 0.04527561499999999822, 0.007108263452207753096 ) ) ;
#5768 = ORIENTED_EDGE ( 'NONE', *, *, #5169, .T. ) ;
#5769 = AXIS2_PLACEMENT_3D ( 'NONE', #3741, #4731, #928 ) ;
#5770 = CARTESIAN_POINT ( 'NONE',  ( -0.2746558854340414579, 0.04330710999999999589, 0.01187527657161697135 ) ) ;
#5771 =( NAMED_UNIT ( * ) SI_UNIT ( $, .STERADIAN. ) SOLID_ANGLE_UNIT ( ) );
#5772 = AXIS2_PLACEMENT_3D ( 'NONE', #3245, #4324, #2085 ) ;
#5773 = ORIENTED_EDGE ( 'NONE', *, *, #2358, .T. ) ;
#5774 = CARTESIAN_POINT ( 'NONE',  ( -0.05000002699999999550, -0.1023622599999999966, -0.03937009999999999121 ) ) ;
#5775 = ADVANCED_FACE ( 'NONE', ( #4186 ), #3360, .T. ) ;
#5776 = VECTOR ( 'NONE', #5818, 39.37007874015748143 ) ;
#5777 = CARTESIAN_POINT ( 'NONE',  ( -0.3037615018734047267, 0.04527561499999997741, -0.008404632183298673537 ) ) ;
#5778 = DIRECTION ( 'NONE',  ( 0.000000000000000000, -0.000000000000000000, -1.000000000000000000 ) ) ;
#5779 = CARTESIAN_POINT ( 'NONE',  ( 0.05000002700000000244, -0.1220473100000000061, 0.000000000000000000 ) ) ;
#5780 = CARTESIAN_POINT ( 'NONE',  ( 0.2877954310000000460, -0.04527561499999999822, 1.762238766916914599E-17 ) ) ;
#5781 = CIRCLE ( 'NONE', #2733, 0.05708664500000004000 ) ;
#5782 = DIRECTION ( 'NONE',  ( 0.000000000000000000, 0.000000000000000000, 1.000000000000000000 ) ) ;
#5783 = SURFACE_STYLE_USAGE ( .BOTH. , #6773 ) ;
#5784 = ORIENTED_EDGE ( 'NONE', *, *, #2822, .F. ) ;
#5785 = DIRECTION ( 'NONE',  ( 0.000000000000000000, -1.000000000000000000, 0.000000000000000000 ) ) ;
#5786 = FACE_OUTER_BOUND ( 'NONE', #5258, .T. ) ;
#5787 = CARTESIAN_POINT ( 'NONE',  ( -0.1500000810000000073, 0.04527561499999999822, 0.02952757500000000035 ) ) ;
#5788 = CARTESIAN_POINT ( 'NONE',  ( 0.1500000810000000073, -0.02952757499999999688, 0.000000000000000000 ) ) ;
#5789 = LINE ( 'NONE', #6781, #5875 ) ;
#5790 = ORIENTED_EDGE ( 'NONE', *, *, #6132, .T. ) ;
#5791 = VECTOR ( 'NONE', #1179, 39.37007874015748143 ) ;
#5792 = CONICAL_SURFACE ( 'NONE', #632, 0.02952757500000001076, 1.439896632895325101 ) ;
#5793 = FACE_OUTER_BOUND ( 'NONE', #4866, .T. ) ;
#5794 = AXIS2_PLACEMENT_3D ( 'NONE', #5150, #2390, #6733 ) ;
#5795 = ORIENTED_EDGE ( 'NONE', *, *, #1789, .F. ) ;
#5796 = FILL_AREA_STYLE_COLOUR ( '', #4394 ) ;
#5797 = VECTOR ( 'NONE', #455, 39.37007874015748143 ) ;
#5798 = DIRECTION ( 'NONE',  ( 0.000000000000000000, 0.000000000000000000, -1.000000000000000000 ) ) ;
#5799 = CARTESIAN_POINT ( 'NONE',  ( -0.2854744997245423632, 0.04527561499999997741, -0.02463222818722319435 ) ) ;
#5800 = DIRECTION ( 'NONE',  ( -0.000000000000000000, 1.000000000000000000, -0.000000000000000000 ) ) ;
#5801 = EDGE_LOOP ( 'NONE', ( #6144, #6140, #1816, #3795 ) ) ;
#5802 = CARTESIAN_POINT ( 'NONE',  ( -0.2894076893402914297, 0.04527561499999999822, 0.0007065671966169690841 ) ) ;
#5803 = ADVANCED_FACE ( 'NONE', ( #3044, #5689 ), #3077, .T. ) ;
#5804 = ADVANCED_FACE ( 'NONE', ( #976 ), #3004, .T. ) ;
#5805 = DIRECTION ( 'NONE',  ( -0.000000000000000000, 1.000000000000000000, -0.000000000000000000 ) ) ;
#5806 = EDGE_CURVE ( 'NONE', #6386, #3225, #6922, .T. ) ;
#5807 = ORIENTED_EDGE ( 'NONE', *, *, #1881, .F. ) ;
#5808 = CARTESIAN_POINT ( 'NONE',  ( -0.2843992673026132789, 0.04330710999999999589, 0.002149892814663456088 ) ) ;
#5809 = LENGTH_MEASURE_WITH_UNIT ( LENGTH_MEASURE( 0.02539999999999999897 ), #4619 );
#5810 = CARTESIAN_POINT ( 'NONE',  ( -0.2947360999014436156, 0.04527561499999997741, -0.02333836318200400300 ) ) ;
#5811 = CARTESIAN_POINT ( 'NONE',  ( -0.2995115048804433688, 0.04527561499999999128, -0.02825489099438019402 ) ) ;
#5812 = DIRECTION ( 'NONE',  ( -0.000000000000000000, 1.000000000000000000, -0.000000000000000000 ) ) ;
#5813 = SURFACE_STYLE_FILL_AREA ( #889 ) ;
#5814 = CARTESIAN_POINT ( 'NONE',  ( -0.2283465799999999102, -0.02952757499999999688, 0.06889767499999997769 ) ) ;
#5815 = VERTEX_POINT ( 'NONE', #5898 ) ;
#5816 = CARTESIAN_POINT ( 'NONE',  ( 0.2759785115712766190, 0.04330710999999999589, 0.02812502969661697175 ) ) ;
#5817 = CARTESIAN_POINT ( 'NONE',  ( 0.3012878615712766273, 0.04330710999999999589, -0.03093012030338303242 ) ) ;
#5818 = DIRECTION ( 'NONE',  ( 0.000000000000000000, 0.000000000000000000, -1.000000000000000000 ) ) ;
#5819 = CARTESIAN_POINT ( 'NONE',  ( -0.1500000810000000073, -0.04527561499999999822, -5.409074136996869648E-05 ) ) ;
#5820 = DIRECTION ( 'NONE',  ( 1.000000000000000000, 0.000000000000000000, 0.000000000000000000 ) ) ;
#5821 = ADVANCED_FACE ( 'NONE', ( #4844 ), #4254, .T. ) ;
#5822 = CARTESIAN_POINT ( 'NONE',  ( 0.2877954310000000460, -0.1003937550000000151, 1.762238766916914599E-17 ) ) ;
#5823 = DIMENSIONAL_EXPONENTS ( 1.000000000000000000, 0.000000000000000000, 0.000000000000000000, 0.000000000000000000, 0.000000000000000000, 0.000000000000000000, 0.000000000000000000 ) ;
#5824 = VERTEX_POINT ( 'NONE', #6063 ) ;
#5825 = LENGTH_MEASURE_WITH_UNIT ( LENGTH_MEASURE( 0.02539999999999999897 ), #4634 );
#5826 = ORIENTED_EDGE ( 'NONE', *, *, #6146, .F. ) ;
#5827 = EDGE_CURVE ( 'NONE', #6508, #1394, #1792, .T. ) ;
#5828 = CARTESIAN_POINT ( 'NONE',  ( -0.3067725601861164275, 0.04527561499999997741, 0.01116015332463097219 ) ) ;
#5829 = EDGE_LOOP ( 'NONE', ( #4145, #5530, #2565, #1196 ) ) ;
#5830 = VECTOR ( 'NONE', #4102, 39.37007874015748143 ) ;
#5831 = CARTESIAN_POINT ( 'NONE',  ( -0.2787340670884270732, 0.04330710999999999589, -0.02961769254804931181 ) ) ;
#5832 = DIRECTION ( 'NONE',  ( 1.000000000000000000, 0.000000000000000000, 0.000000000000000000 ) ) ;
#5833 = CARTESIAN_POINT ( 'NONE',  ( -0.2879936252777913763, 0.04527561499999999822, -0.02479452030338303442 ) ) ;
#5834 = ORIENTED_EDGE ( 'NONE', *, *, #228, .F. ) ;
#5835 = CARTESIAN_POINT ( 'NONE',  ( -0.2749134398339282415, 0.04527561499999999128, 0.009421344156827523089 ) ) ;
#5836 = AXIS2_PLACEMENT_3D ( 'NONE', #2339, #6139, #5059 ) ;
#5837 = CARTESIAN_POINT ( 'NONE',  ( 0.1500000810000000073, -0.1220473100000000061, 0.03937010000000001203 ) ) ;
#5838 = AXIS2_PLACEMENT_3D ( 'NONE', #5235, #4207, #6332 ) ;
#5839 = ORIENTED_EDGE ( 'NONE', *, *, #4854, .F. ) ;
#5840 = CARTESIAN_POINT ( 'NONE',  ( -0.2752862885010043947, 0.04527561499999997047, 0.008306392113689593446 ) ) ;
#5841 = EDGE_CURVE ( 'NONE', #5740, #5921, #565, .T. ) ;
#5842 = CARTESIAN_POINT ( 'NONE',  ( 0.05000002700000000244, -0.1811024599999999929, -0.02618111650000000054 ) ) ;
#5843 = CARTESIAN_POINT ( 'NONE',  ( -0.2899637906519973996, 0.04330710999999999589, 0.0005496631170563290791 ) ) ;
#5844 = EDGE_CURVE ( 'NONE', #5728, #923, #4568, .T. ) ;
#5845 = CARTESIAN_POINT ( 'NONE',  ( -0.1618111109999999797, -0.02952757499999999688, 0.05595963274136995375 ) ) ;
#5846 = VECTOR ( 'NONE', #4627, 39.37007874015748143 ) ;
#5847 = CARTESIAN_POINT ( 'NONE',  ( -0.2878857729340414395, 0.04330710999999999589, -0.005452999990883026712 ) ) ;
#5848 = CARTESIAN_POINT ( 'NONE',  ( -0.2920861433719179057, 0.04527561499999997741, 0.02109758867167412996 ) ) ;
#5849 = EDGE_LOOP ( 'NONE', ( #6381, #5487 ) ) ;
#5851 = EDGE_CURVE ( 'NONE', #160, #3579, #454, .T. ) ;
#5850 = AXIS2_PLACEMENT_3D ( 'NONE', #2435, #5646, #6696 ) ;
#5852 = CARTESIAN_POINT ( 'NONE',  ( 0.05000002700000000244, 0.04527561499999999822, 0.000000000000000000 ) ) ;
#5853 = CARTESIAN_POINT ( 'NONE',  ( -0.2879936252777913763, 0.04330710999999999589, -0.02479452030338303442 ) ) ;
#5854 = CARTESIAN_POINT ( 'NONE',  ( -0.2685202854340414946, 0.04527561499999999822, 0.01169552266536697319 ) ) ;
#5855 = LINE ( 'NONE', #5787, #5441 ) ;
#5856 = DIRECTION ( 'NONE',  ( -0.000000000000000000, 1.000000000000000000, -0.000000000000000000 ) ) ;
#5857 = CARTESIAN_POINT ( 'NONE',  ( -0.2755165691926769189, 0.04527561499999999822, -0.001387992987683239667 ) ) ;
#5858 = ORIENTED_EDGE ( 'NONE', *, *, #6851, .F. ) ;
#5859 = ADVANCED_FACE ( 'NONE', ( #2721 ), #558, .T. ) ;
#5860 = CARTESIAN_POINT ( 'NONE',  ( -0.2736291285032008691, 0.04330710999999998201, 0.02424338214889001572 ) ) ;
#5861 = ORIENTED_EDGE ( 'NONE', *, *, #3018, .T. ) ;
#5862 = DIRECTION ( 'NONE',  ( -0.000000000000000000, 1.000000000000000000, -0.000000000000000000 ) ) ;
#5863 = ORIENTED_EDGE ( 'NONE', *, *, #2992, .F. ) ;
#5864 = DIRECTION ( 'NONE',  ( -0.000000000000000000, 1.000000000000000000, -0.000000000000000000 ) ) ;
#5865 = CARTESIAN_POINT ( 'NONE',  ( -0.2986219419750341109, 0.04527561499999999128, 0.01589020907903221369 ) ) ;
#5866 = CARTESIAN_POINT ( 'NONE',  ( -0.2789289382698492692, 0.04527561499999999822, -0.02122107148888135314 ) ) ;
#5867 = EDGE_LOOP ( 'NONE', ( #360, #1695, #4439, #2298 ) ) ;
#5868 = DIRECTION ( 'NONE',  ( -0.000000000000000000, 1.000000000000000000, -0.000000000000000000 ) ) ;
#5869 = LINE ( 'NONE', #6417, #1676 ) ;
#5870 = ORIENTED_EDGE ( 'NONE', *, *, #262, .F. ) ;
#5871 = CARTESIAN_POINT ( 'NONE',  ( -0.2884374888753654664, 0.04330710999999998895, -0.02479071854524524804 ) ) ;
#5872 = SURFACE_STYLE_USAGE ( .BOTH. , #3261 ) ;
#5873 = CARTESIAN_POINT ( 'NONE',  ( -0.2990377522587766013, 0.04527561499999999822, -0.01735852787467613567 ) ) ;
#5874 = ORIENTED_EDGE ( 'NONE', *, *, #6518, .F. ) ;
#5875 = VECTOR ( 'NONE', #3524, 39.37007874015748143 ) ;
#5876 = DIRECTION ( 'NONE',  ( -0.000000000000000000, -1.000000000000000000, -0.000000000000000000 ) ) ;
#5877 = VECTOR ( 'NONE', #4848, 39.37007874015748143 ) ;
#5878 = CIRCLE ( 'NONE', #5447, 0.05905515000000000070 ) ;
#5879 = CARTESIAN_POINT ( 'NONE',  ( -0.05000002700000000244, -0.1023622599999999966, 0.000000000000000000 ) ) ;
#5880 = ORIENTED_EDGE ( 'NONE', *, *, #4491, .F. ) ;
#5881 = DIRECTION ( 'NONE',  ( 0.000000000000000000, 0.000000000000000000, 1.000000000000000000 ) ) ;
#5882 = CARTESIAN_POINT ( 'NONE',  ( 0.1500000810000000073, -0.1200788050000000107, -0.02263780749999999911 ) ) ;
#5883 = CARTESIAN_POINT ( 'NONE',  ( -0.3068677854340414735, 0.04527561499999999822, 0.008951279696616970191 ) ) ;
#5884 = CARTESIAN_POINT ( 'NONE',  ( -0.3053188971214438330, 0.04527561499999999822, -0.01487454249242860932 ) ) ;
#5885 = CARTESIAN_POINT ( 'NONE',  ( -0.2991392981608858581, 0.04330710999999998895, -0.01360754039972294702 ) ) ;
#5886 = DIRECTION ( 'NONE',  ( 0.000000000000000000, 0.000000000000000000, 1.000000000000000000 ) ) ;
#5887 = CIRCLE ( 'NONE', #620, 0.02618111650000000054 ) ;
#5888 = ADVANCED_FACE ( 'NONE', ( #2685 ), #6571, .F. ) ;
#5889 = EDGE_LOOP ( 'NONE', ( #3288, #351, #6844, #5184 ) ) ;
#5890 = CARTESIAN_POINT ( 'NONE',  ( -0.2959263123492578140, 0.04527561499999999822, -0.008308123487875018753 ) ) ;
#5891 = EDGE_CURVE ( 'NONE', #5528, #5203, #5399, .T. ) ;
#5892 = DIRECTION ( 'NONE',  ( 0.000000000000000000, 0.000000000000000000, -1.000000000000000000 ) ) ;
#5893 = ORIENTED_EDGE ( 'NONE', *, *, #1251, .F. ) ;
#5894 = DIRECTION ( 'NONE',  ( 0.000000000000000000, 0.000000000000000000, 1.000000000000000000 ) ) ;
#5895 = AXIS2_PLACEMENT_3D ( 'NONE', #1264, #5559, #4532 ) ;
#5896 = EDGE_LOOP ( 'NONE', ( #4360, #2128, #1268, #6672 ) ) ;
#5897 = VECTOR ( 'NONE', #6066, 39.37007874015748143 ) ;
#5898 = CARTESIAN_POINT ( 'NONE',  ( -0.2746558854340414579, 0.04330710999999999589, 0.01187527657161697135 ) ) ;
#5899 = PLANE ( 'NONE',  #167 ) ;
#5900 =( NAMED_UNIT ( * ) SI_UNIT ( $, .STERADIAN. ) SOLID_ANGLE_UNIT ( ) );
#5901 = VERTEX_POINT ( 'NONE', #1111 ) ;
#5902 =( LENGTH_UNIT ( ) NAMED_UNIT ( * ) SI_UNIT ( $, .METRE. ) );
#5903 = AXIS2_PLACEMENT_3D ( 'NONE', #6564, #1856, #3492 ) ;
#5904 = FACE_OUTER_BOUND ( 'NONE', #5896, .T. ) ;
#5905 = VERTEX_POINT ( 'NONE', #3682 ) ;
#5906 = DIRECTION ( 'NONE',  ( 0.000000000000000000, 0.000000000000000000, 1.000000000000000000 ) ) ;
#5907 = FACE_OUTER_BOUND ( 'NONE', #1230, .T. ) ;
#5908 = PLANE ( 'NONE',  #6000 ) ;
#5909 = ORIENTED_EDGE ( 'NONE', *, *, #599, .F. ) ;
#5910 = CARTESIAN_POINT ( 'NONE',  ( -0.2283465799999999102, -0.02952757499999999688, 0.06889767499999997769 ) ) ;
#5911 = DIRECTION ( 'NONE',  ( 0.000000000000000000, 0.000000000000000000, -1.000000000000000000 ) ) ;
#5912 = VERTEX_POINT ( 'NONE', #5933 ) ;
#5913 = DIRECTION ( 'NONE',  ( 0.000000000000000000, -1.000000000000000000, 0.000000000000000000 ) ) ;
#5914 =( NAMED_UNIT ( * ) SI_UNIT ( $, .STERADIAN. ) SOLID_ANGLE_UNIT ( ) );
#5915 = CARTESIAN_POINT ( 'NONE',  ( -0.3035536721080016043, 0.04330711000000000283, -0.02343128196848898170 ) ) ;
#5916 = CARTESIAN_POINT ( 'NONE',  ( -0.2974807554292910883, 0.04527561500000000516, -0.002194250003118405293 ) ) ;
#5917 = B_SPLINE_CURVE_WITH_KNOTS ( 'NONE', 3,
 ( #4719, #5843, #5187, #1019, #1998, #3156, #6802, #367, #5323, #2625, #5292, #6905, #429, #952, #4098, #464, #6222, #3549, #4164 ),
 .UNSPECIFIED., .F., .F.,
 ( 4, 1, 1, 1, 1, 1, 1, 1, 1, 1, 1, 1, 1, 1, 1, 1, 4 ),
 ( 0.000000000000000000, 0.06961345028915065514, 0.1341558467413843103, 0.1941216639751314754, 0.2492702399547626346, 0.3003975238168702933, 0.3464602541181230899, 0.3882517207597301345, 0.4259028191906374383, 0.4961060560373062867, 0.5655345875935802180, 0.6348462500707496847, 0.7047585289073901027, 0.7756659742820924963, 0.8477253815784792090, 0.9224175839219319606, 1.000000000000000000 ),
 .UNSPECIFIED. ) ;
#5918 = FILL_AREA_STYLE ('',( #5535 ) ) ;
#5919 = CYLINDRICAL_SURFACE ( 'NONE', #3171, 0.05905515000000000070 ) ;
#5920 = MECHANICAL_DESIGN_GEOMETRIC_PRESENTATION_REPRESENTATION (  '', ( #1317 ), #759 ) ;
#5921 = VERTEX_POINT ( 'NONE', #3147 ) ;
#5922 = CARTESIAN_POINT ( 'NONE',  ( -0.2926619100678924390, 0.04527561499999997047, -0.006810484004758938364 ) ) ;
#5923 = ADVANCED_FACE ( 'NONE', ( #3250 ), #1568, .F. ) ;
#5924 = FACE_OUTER_BOUND ( 'NONE', #6497, .T. ) ;
#5925 = CARTESIAN_POINT ( 'NONE',  ( -0.2787340670884270732, 0.04527561499999996353, -0.02961769254804931181 ) ) ;
#5926 = ADVANCED_FACE ( 'NONE', ( #718 ), #2057, .T. ) ;
#5927 = ORIENTED_EDGE ( 'NONE', *, *, #522, .T. ) ;
#5928 = DIRECTION ( 'NONE',  ( -0.000000000000000000, -1.000000000000000000, -0.000000000000000000 ) ) ;
#5929 = DIRECTION ( 'NONE',  ( -0.000000000000000000, 1.000000000000000000, -0.000000000000000000 ) ) ;
#5930 = EDGE_CURVE ( 'NONE', #3161, #4433, #1238, .T. ) ;
#5931 = ORIENTED_EDGE ( 'NONE', *, *, #3458, .T. ) ;
#5932 = CLOSED_SHELL ( 'NONE', ( #777, #5211, #3516, #3041, #347, #6552 ) ) ;
#5933 = CARTESIAN_POINT ( 'NONE',  ( 0.1618111110000000630, -0.02952757499999999688, -0.06889767500000000544 ) ) ;
#5934 = FACE_OUTER_BOUND ( 'NONE', #4680, .T. ) ;
#5935 = DIRECTION ( 'NONE',  ( 0.000000000000000000, 0.000000000000000000, -1.000000000000000000 ) ) ;
#5936 = DIRECTION ( 'NONE',  ( 0.000000000000000000, 0.000000000000000000, 1.000000000000000000 ) ) ;
#5937 = ADVANCED_FACE ( 'NONE', ( #5118 ), #3994, .T. ) ;
#5938 = EDGE_LOOP ( 'NONE', ( #6355, #2211 ) ) ;
#5939 = CARTESIAN_POINT ( 'NONE',  ( 0.2877954310000000460, 0.03346458500000000502, 0.05511814000000001684 ) ) ;
#5940 = VERTEX_POINT ( 'NONE', #2398 ) ;
#5941 = CARTESIAN_POINT ( 'NONE',  ( -0.2991982854340414777, 0.04330710999999999589, -0.01537541561588303025 ) ) ;
#5942 = CIRCLE ( 'NONE', #3815, 0.02618111650000000054 ) ;
#5943 = ADVANCED_FACE ( 'NONE', ( #5041 ), #3482, .T. ) ;
#5944 = CARTESIAN_POINT ( 'NONE',  ( -0.2991687554480017552, 0.04330710999999999589, -0.01638178712921748922 ) ) ;
#5945 = FILL_AREA_STYLE_COLOUR ( '', #2579 ) ;
#5946 = AXIS2_PLACEMENT_3D ( 'NONE', #549, #2674, #4864 ) ;
#5947 = ORIENTED_EDGE ( 'NONE', *, *, #2717, .T. ) ;
#5948 = AXIS2_PLACEMENT_3D ( 'NONE', #2103, #4308, #6018 ) ;
#5949 = ORIENTED_EDGE ( 'NONE', *, *, #3751, .T. ) ;
#5950 = DIRECTION ( 'NONE',  ( -1.000000000000000000, -0.000000000000000000, -0.000000000000000000 ) ) ;
#5951 = B_SPLINE_SURFACE_WITH_KNOTS ( 'NONE', 3, 1, ( 
 ( #2863, #4045 ),
 ( #2831, #2343 ),
 ( #6141, #6109 ),
 ( #207, #142 ),
 ( #1299, #4500 ),
 ( #841, #3429 ),
 ( #4993, #245 ) ),
 .UNSPECIFIED., .F., .F., .F.,
 ( 4, 1, 1, 1, 4 ),
 ( 2, 2 ),
 ( 0.000000000000000000, 0.2837744943495265626, 0.5395840214497867882, 0.7756449623277227312, 1.000000000000000000 ),
 ( 0.000000000000000000, 1.000000000000000000 ),
 .UNSPECIFIED. ) ;
#5952 = CARTESIAN_POINT ( 'NONE',  ( 0.2006744615700000178, -0.04527561499999999822, 0.02628673032544811758 ) ) ;
#5953 = FACE_OUTER_BOUND ( 'NONE', #1418, .T. ) ;
#5954 = VECTOR ( 'NONE', #6740, 39.37007874015748143 ) ;
#5955 = CARTESIAN_POINT ( 'NONE',  ( -0.2685463490359360494, 0.04330710999999999589, 0.01249651606225361811 ) ) ;
#5956 =( CONVERSION_BASED_UNIT ( 'INCH', #51 ) LENGTH_UNIT ( ) NAMED_UNIT ( #1985 ) );
#5957 = CARTESIAN_POINT ( 'NONE',  ( 0.2763739701650266278, 0.04527561499999999822, -0.03093012030338303242 ) ) ;
#5958 = STYLED_ITEM ( 'NONE', ( #2737 ), #1615 ) ;
#5959 = ORIENTED_EDGE ( 'NONE', *, *, #3914, .T. ) ;
#5960 = CARTESIAN_POINT ( 'NONE',  ( 0.2006744615700000178, -0.06594491749999999153, -0.02628673032544805166 ) ) ;
#5961 = CARTESIAN_POINT ( 'NONE',  ( -0.2700541854340414716, 0.04527561499999996353, -0.01405722030338302925 ) ) ;
#5962 = EDGE_CURVE ( 'NONE', #2510, #2447, #4612, .T. ) ;
#5963 = ORIENTED_EDGE ( 'NONE', *, *, #4647, .F. ) ;
#5964 = CYLINDRICAL_SURFACE ( 'NONE', #1945, 0.09055122999999995481 ) ;
#5965 = CARTESIAN_POINT ( 'NONE',  ( -0.2984953874332663126, 0.04527561499999999822, 0.02590310141538208766 ) ) ;
#5966 = VECTOR ( 'NONE', #190, 39.37007874015748143 ) ;
#5967 = EDGE_LOOP ( 'NONE', ( #6749, #3883, #380, #4600 ) ) ;
#5968 = DIRECTION ( 'NONE',  ( 0.000000000000000000, -1.000000000000000000, 0.000000000000000000 ) ) ;
#5969 = EDGE_CURVE ( 'NONE', #2690, #6076, #1233, .T. ) ;
#5970 = CIRCLE ( 'NONE', #2930, 0.09100030497545502639 ) ;
#5971 = CARTESIAN_POINT ( 'NONE',  ( -0.1000000540000000188, -0.1023622599999999966, 0.02754781910342992204 ) ) ;
#5972 = ORIENTED_EDGE ( 'NONE', *, *, #4182, .T. ) ;
#5973 = DIRECTION ( 'NONE',  ( -1.000000000000000000, 0.000000000000000000, -0.000000000000000000 ) ) ;
#5974 = EDGE_LOOP ( 'NONE', ( #3030, #414, #3574, #6142 ) ) ;
#5975 = CARTESIAN_POINT ( 'NONE',  ( -0.2701937913053629181, 0.04527561499999999822, -0.01662852230044960244 ) ) ;
#5976 = EDGE_CURVE ( 'NONE', #3619, #2138, #2879, .T. ) ;
#5977 = CARTESIAN_POINT ( 'NONE',  ( 0.2877954310000000460, -0.02952757499999999688, 1.762238766916914599E-17 ) ) ;
#5978 = DIRECTION ( 'NONE',  ( 0.000000000000000000, 0.000000000000000000, 1.000000000000000000 ) ) ;
#5979 = ORIENTED_EDGE ( 'NONE', *, *, #2803, .F. ) ;
#5980 = DIRECTION ( 'NONE',  ( 0.000000000000000000, 1.000000000000000000, 0.000000000000000000 ) ) ;
#5981 =( CONVERSION_BASED_UNIT ( 'INCH', #4962 ) LENGTH_UNIT ( ) NAMED_UNIT ( #4741 ) );
#5982 = ORIENTED_EDGE ( 'NONE', *, *, #1719, .T. ) ;
#5983 = CARTESIAN_POINT ( 'NONE',  ( 0.2759785115712766190, 0.04330710999999999589, 0.02812502969661697175 ) ) ;
#5984 = PRESENTATION_STYLE_ASSIGNMENT (( #3775 ) ) ;
#5985 = CARTESIAN_POINT ( 'NONE',  ( -0.3068677854340414735, 0.04330710999999999589, 0.008951279696616970191 ) ) ;
#5986 = CARTESIAN_POINT ( 'NONE',  ( -0.2698017630852226900, 0.04330710999999998895, 0.01860037995639516120 ) ) ;
#5987 = CARTESIAN_POINT ( 'NONE',  ( 0.05000002700000000244, -0.1771654499999999743, 0.02618111650000000054 ) ) ;
#5988 = AXIS2_PLACEMENT_3D ( 'NONE', #887, #6875, #5263 ) ;
#5989 = PRESENTATION_LAYER_ASSIGNMENT (  '', '', ( #2049 ) ) ;
#5990 = CARTESIAN_POINT ( 'NONE',  ( -0.2939158545066278827, 0.04527561500000001210, -0.007308822395217976810 ) ) ;
#5991 = B_SPLINE_CURVE_WITH_KNOTS ( 'NONE', 3,
 ( #384, #2514, #2965, #1076, #1531, #5312, #3680, #5965, #3750, #2117, #2611, #26, #6410, #61, #1107, #3280, #5828, #2718, #3824 ),
 .UNSPECIFIED., .F., .F.,
 ( 4, 1, 1, 1, 1, 1, 1, 1, 1, 1, 1, 1, 1, 1, 1, 1, 4 ),
 ( 0.000000000000000000, 0.06906221142851866335, 0.1347658792836475550, 0.1976107057024327485, 0.2585282108425823733, 0.3181274252810147307, 0.3770582660618971849, 0.4356857915191242880, 0.4947336263914085541, 0.5540911070636520552, 0.6133334186580061687, 0.6729241889746497840, 0.7340655047106270370, 0.7962987887860591973, 0.8612408916846037155, 0.9289703310657816404, 1.000000000000000000 ),
 .UNSPECIFIED. ) ;
#5992 = VECTOR ( 'NONE', #1558, 39.37007874015748143 ) ;
#5993 = CYLINDRICAL_SURFACE ( 'NONE', #169, 0.05905515000000000070 ) ;
#5994 = CARTESIAN_POINT ( 'NONE',  ( -0.2787340670884270732, 0.04330710999999999589, -0.02961769254804931181 ) ) ;
#5995 = AXIS2_PLACEMENT_3D ( 'NONE', #4348, #4446, #5401 ) ;
#5996 = ORIENTED_EDGE ( 'NONE', *, *, #3170, .T. ) ;
#5997 = CARTESIAN_POINT ( 'NONE',  ( -0.2757938692560801819, 0.04330710999999999589, 0.007271085165341731674 ) ) ;
#5998 = CARTESIAN_POINT ( 'NONE',  ( -0.2765650814422189185, 0.04527561499999997047, -0.01600824203572200066 ) ) ;
#5999 = EDGE_LOOP ( 'NONE', ( #2482, #6037, #3267 ) ) ;
#6000 = AXIS2_PLACEMENT_3D ( 'NONE', #1088, #3223, #4853 ) ;
#6001 = CARTESIAN_POINT ( 'NONE',  ( -0.2937149988838455017, 0.04527561499999999822, 0.02036354144648471268 ) ) ;
#6002 = CARTESIAN_POINT ( 'NONE',  ( 0.05000002699999999550, -0.02952757499999999688, 0.05714073574136996347 ) ) ;
#6003 = ORIENTED_EDGE ( 'NONE', *, *, #1844, .T. ) ;
#6004 = FACE_OUTER_BOUND ( 'NONE', #4531, .T. ) ;
#6005 = AXIS2_PLACEMENT_3D ( 'NONE', #631, #2760, #1710 ) ;
#6006 = FACE_OUTER_BOUND ( 'NONE', #64, .T. ) ;
#6007 = ORIENTED_EDGE ( 'NONE', *, *, #1199, .T. ) ;
#6008 = VECTOR ( 'NONE', #5243, 39.37007874015748143 ) ;
#6009 = DIRECTION ( 'NONE',  ( 0.000000000000000000, 0.000000000000000000, -1.000000000000000000 ) ) ;
#6010 = ADVANCED_FACE ( 'NONE', ( #2365 ), #4066, .F. ) ;
#6011 = EDGE_LOOP ( 'NONE', ( #567, #4977, #4797, #6685 ) ) ;
#6012 = DIRECTION ( 'NONE',  ( 0.000000000000000000, 0.000000000000000000, -1.000000000000000000 ) ) ;
#6013 = LINE ( 'NONE', #3331, #6648 ) ;
#6014 = EDGE_CURVE ( 'NONE', #4374, #5575, #1884, .T. ) ;
#6015 = AXIS2_PLACEMENT_3D ( 'NONE', #5345, #1004, #555 ) ;
#6016 = ORIENTED_EDGE ( 'NONE', *, *, #6432, .T. ) ;
#6017 = EDGE_CURVE ( 'NONE', #2642, #1784, #5153, .T. ) ;
#6018 = DIRECTION ( 'NONE',  ( -1.000000000000000000, 0.000000000000000000, -0.000000000000000000 ) ) ;
#6019 =( NAMED_UNIT ( * ) PLANE_ANGLE_UNIT ( ) SI_UNIT ( $, .RADIAN. ) );
#6020 = ORIENTED_EDGE ( 'NONE', *, *, #1332, .F. ) ;
#6021 = CARTESIAN_POINT ( 'NONE',  ( -0.05000002700000000244, -0.1811024599999999929, 0.000000000000000000 ) ) ;
#6022 = AXIS2_PLACEMENT_3D ( 'NONE', #3149, #3576, #5316 ) ;
#6023 = CARTESIAN_POINT ( 'NONE',  ( -0.2994461568950158026, 0.04527561499999999822, -0.003357854368925008992 ) ) ;
#6024 = CARTESIAN_POINT ( 'NONE',  ( -0.3050727111622569820, 0.04527561499999999128, -0.01890775858033752130 ) ) ;
#6025 = EDGE_CURVE ( 'NONE', #2154, #4433, #4625, .T. ) ;
#6026 = DIRECTION ( 'NONE',  ( 0.000000000000000000, -1.000000000000000000, 0.000000000000000000 ) ) ;
#6027 = CARTESIAN_POINT ( 'NONE',  ( 0.2877954310000000460, -0.04527561499999999822, 0.07086617999999997308 ) ) ;
#6028 = CARTESIAN_POINT ( 'NONE',  ( -0.2805011860406071422, 0.04330710999999998895, 0.02092532751244396624 ) ) ;
#6029 = CARTESIAN_POINT ( 'NONE',  ( -0.2877954310000000460, 0.04527561499999999822, 1.762238766916914599E-17 ) ) ;
#6030 = EDGE_LOOP ( 'NONE', ( #5858, #3416, #984, #1728 ) ) ;
#6031 = LINE ( 'NONE', #57, #4782 ) ;
#6032 = CARTESIAN_POINT ( 'NONE',  ( -0.1381890510000000072, -0.07223479225994784703, 0.05595963274136995375 ) ) ;
#6033 = AXIS2_PLACEMENT_3D ( 'NONE', #5779, #2035, #5936 ) ;
#6034 = ORIENTED_EDGE ( 'NONE', *, *, #1081, .T. ) ;
#6035 = DIRECTION ( 'NONE',  ( 0.000000000000000000, 1.000000000000000000, 0.000000000000000000 ) ) ;
#6036 = CARTESIAN_POINT ( 'NONE',  ( -0.2768750459083192950, 0.04527561499999999128, -0.01724344340921513813 ) ) ;
#6037 = ORIENTED_EDGE ( 'NONE', *, *, #3253, .T. ) ;
#6038 = DIRECTION ( 'NONE',  ( 0.000000000000000000, 0.000000000000000000, -1.000000000000000000 ) ) ;
#6039 = DIRECTION ( 'NONE',  ( 1.000000000000000000, 0.000000000000000000, 0.000000000000000000 ) ) ;
#6040 = CARTESIAN_POINT ( 'NONE',  ( 0.03818899699999998842, -0.02952757499999999688, 0.05590554199999997476 ) ) ;
#6041 = ORIENTED_EDGE ( 'NONE', *, *, #1979, .F. ) ;
#6042 = CARTESIAN_POINT ( 'NONE',  ( -0.2006744615699999623, -0.02952757499999999688, 0.02628673032544818003 ) ) ;
#6043 = ADVANCED_FACE ( 'NONE', ( #6229 ), #1417, .T. ) ;
#6044 = ORIENTED_EDGE ( 'NONE', *, *, #2003, .T. ) ;
#6045 = FACE_BOUND ( 'NONE', #1902, .T. ) ;
#6046 = EDGE_LOOP ( 'NONE', ( #6172, #5826, #5639, #4733 ) ) ;
#6047 = DIRECTION ( 'NONE',  ( 0.000000000000000000, 0.000000000000000000, 1.000000000000000000 ) ) ;
#6048 = EDGE_LOOP ( 'NONE', ( #3236, #4553, #2621, #4776 ) ) ;
#6049 = CONICAL_SURFACE ( 'NONE', #6158, 0.02952757500000000035, 1.439896632895325101 ) ;
#6050 = CARTESIAN_POINT ( 'NONE',  ( 0.2877954310000000460, -0.1003937550000000151, -0.05905514999999998682 ) ) ;
#6051 =( NAMED_UNIT ( * ) SI_UNIT ( $, .STERADIAN. ) SOLID_ANGLE_UNIT ( ) );
#6052 = ORIENTED_EDGE ( 'NONE', *, *, #5435, .T. ) ;
#6053 = ADVANCED_FACE ( 'NONE', ( #191 ), #2328, .F. ) ;
#6054 = FACE_OUTER_BOUND ( 'NONE', #789, .T. ) ;
#6055 = SURFACE_STYLE_FILL_AREA ( #1924 ) ;
#6056 = SURFACE_STYLE_USAGE ( .BOTH. , #4933 ) ;
#6057 = FACE_OUTER_BOUND ( 'NONE', #3397, .T. ) ;
#6058 = CIRCLE ( 'NONE', #3581, 0.05708664499999997755 ) ;
#6059 = CARTESIAN_POINT ( 'NONE',  ( 0.1500000810000000073, -0.1220473100000000061, 0.02263780749999999911 ) ) ;
#6060 = ADVANCED_FACE ( 'NONE', ( #6266 ), #3670, .T. ) ;
#6061 = DIRECTION ( 'NONE',  ( -0.000000000000000000, 1.000000000000000000, -0.000000000000000000 ) ) ;
#6062 = CONICAL_SURFACE ( 'NONE', #5946, 0.05905515000000000070, 0.7853981633974496113 ) ;
#6063 = CARTESIAN_POINT ( 'NONE',  ( 0.2759785115712766190, 0.04527561499999999822, 0.02812502969661697175 ) ) ;
#6064 = ORIENTED_EDGE ( 'NONE', *, *, #1671, .F. ) ;
#6065 = AXIS2_PLACEMENT_3D ( 'NONE', #3986, #3439, #6117 ) ;
#6066 = DIRECTION ( 'NONE',  ( -0.000000000000000000, -0.000000000000000000, 1.000000000000000000 ) ) ;
#6067 = CARTESIAN_POINT ( 'NONE',  ( -0.2706698627550360170, 0.04527561499999994271, -0.01907942125413170792 ) ) ;
#6068 = CIRCLE ( 'NONE', #3474, 0.02618111650000000748 ) ;
#6069 = ORIENTED_EDGE ( 'NONE', *, *, #5301, .T. ) ;
#6070 = CARTESIAN_POINT ( 'NONE',  ( -0.2789289382698492692, 0.04527561499999999128, -0.02122107148888135314 ) ) ;
#6071 = CIRCLE ( 'NONE', #3696, 0.05708664500000000530 ) ;
#6072 = ORIENTED_EDGE ( 'NONE', *, *, #6513, .T. ) ;
#6073 = EDGE_CURVE ( 'NONE', #6454, #4115, #6071, .T. ) ;
#6074 = AXIS2_PLACEMENT_3D ( 'NONE', #6192, #1246, #786 ) ;
#6075 = CARTESIAN_POINT ( 'NONE',  ( -0.1500000810000000073, -0.1220473100000000061, -0.03937010000000001203 ) ) ;
#6076 = VERTEX_POINT ( 'NONE', #5749 ) ;
#6077 = DIMENSIONAL_EXPONENTS ( 1.000000000000000000, 0.000000000000000000, 0.000000000000000000, 0.000000000000000000, 0.000000000000000000, 0.000000000000000000, 0.000000000000000000 ) ;
#6078 = VERTEX_POINT ( 'NONE', #3631 ) ;
#6079 = DIRECTION ( 'NONE',  ( -0.000000000000000000, 1.000000000000000000, -0.000000000000000000 ) ) ;
#6080 = ORIENTED_EDGE ( 'NONE', *, *, #1465, .F. ) ;
#6081 = DIRECTION ( 'NONE',  ( -0.000000000000000000, 1.000000000000000000, -0.000000000000000000 ) ) ;
#6082 = ORIENTED_EDGE ( 'NONE', *, *, #397, .T. ) ;
#6083 = CARTESIAN_POINT ( 'NONE',  ( 0.1500000810000000073, -0.02952757499999999688, -5.409074136996869648E-05 ) ) ;
#6084 = DIRECTION ( 'NONE',  ( -0.000000000000000000, -1.000000000000000000, -0.000000000000000000 ) ) ;
#6085 = CARTESIAN_POINT ( 'NONE',  ( -0.1500000810000000073, 0.04527561499999999822, 0.000000000000000000 ) ) ;
#6086 = CARTESIAN_POINT ( 'NONE',  ( -0.2964456437994549276, 0.04527561499999997741, -0.001683482018620254027 ) ) ;
#6087 = CARTESIAN_POINT ( 'NONE',  ( 0.2877954310000000460, -0.09251973500000004735, 0.05905515000000002152 ) ) ;
#6088 = LINE ( 'NONE', #3919, #534 ) ;
#6089 = DIRECTION ( 'NONE',  ( -0.000000000000000000, 1.000000000000000000, -0.000000000000000000 ) ) ;
#6090 = DIRECTION ( 'NONE',  ( -0.000000000000000000, 1.000000000000000000, -0.000000000000000000 ) ) ;
#6091 = DIRECTION ( 'NONE',  ( 0.000000000000000000, 0.000000000000000000, -1.000000000000000000 ) ) ;
#6092 = ORIENTED_EDGE ( 'NONE', *, *, #3088, .T. ) ;
#6093 = AXIS2_PLACEMENT_3D ( 'NONE', #5145, #6587, #1269 ) ;
#6094 = CARTESIAN_POINT ( 'NONE',  ( 0.2698429115712766002, 0.04527561499999999822, -0.03093012030338303242 ) ) ;
#6095 = DIRECTION ( 'NONE',  ( -0.000000000000000000, 1.000000000000000000, -0.000000000000000000 ) ) ;
#6096 = ORIENTED_EDGE ( 'NONE', *, *, #4938, .F. ) ;
#6097 = EDGE_CURVE ( 'NONE', #3979, #6331, #2560, .T. ) ;
#6098 = EDGE_LOOP ( 'NONE', ( #4809, #629, #5690, #6044 ) ) ;
#6099 = EDGE_CURVE ( 'NONE', #5330, #6415, #3698, .T. ) ;
#6100 = EDGE_CURVE ( 'NONE', #2941, #6415, #3008, .T. ) ;
#6101 = CIRCLE ( 'NONE', #4431, 0.02618111650000000748 ) ;
#6102 = PLANE ( 'NONE',  #3190 ) ;
#6103 = SURFACE_SIDE_STYLE ('',( #3000 ) ) ;
#6104 = FACE_BOUND ( 'NONE', #4768, .T. ) ;
#6105 = ORIENTED_EDGE ( 'NONE', *, *, #1768, .T. ) ;
#6106 = PRESENTATION_LAYER_ASSIGNMENT (  '', '', ( #722 ) ) ;
#6107 = FILL_AREA_STYLE ('',( #1296 ) ) ;
#6108 = ORIENTED_EDGE ( 'NONE', *, *, #2291, .T. ) ;
#6109 = CARTESIAN_POINT ( 'NONE',  ( -0.2991392981608858581, 0.04527561499999999128, -0.01360754039972294702 ) ) ;
#6110 = ORIENTED_EDGE ( 'NONE', *, *, #4646, .T. ) ;
#6111 = LINE ( 'NONE', #1858, #1503 ) ;
#6112 = ORIENTED_EDGE ( 'NONE', *, *, #2218, .F. ) ;
#6113 = VECTOR ( 'NONE', #6756, 39.37007874015748143 ) ;
#6114 = CARTESIAN_POINT ( 'NONE',  ( -0.2852383056904384540, 0.04330710999999999589, 0.02196192948305196110 ) ) ;
#6115 = DIRECTION ( 'NONE',  ( -0.000000000000000000, 1.000000000000000000, -0.000000000000000000 ) ) ;
#6116 = CARTESIAN_POINT ( 'NONE',  ( -0.05000002699999999550, -0.04527561499999999822, -5.409074136996869648E-05 ) ) ;
#6117 = DIRECTION ( 'NONE',  ( 0.000000000000000000, 0.000000000000000000, -1.000000000000000000 ) ) ;
#6118 = DIMENSIONAL_EXPONENTS ( 1.000000000000000000, 0.000000000000000000, 0.000000000000000000, 0.000000000000000000, 0.000000000000000000, 0.000000000000000000, 0.000000000000000000 ) ;
#6119 = CARTESIAN_POINT ( 'NONE',  ( -0.2888371631807256090, 0.04527561499999999128, -0.03168435714248621360 ) ) ;
#6120 = CARTESIAN_POINT ( 'NONE',  ( -0.06181105699999998176, -0.04527561499999999822, 0.05590554199999997476 ) ) ;
#6121 = AXIS2_PLACEMENT_3D ( 'NONE', #3589, #5745, #2493 ) ;
#6122 = CARTESIAN_POINT ( 'NONE',  ( 0.1000000540000000188, -0.1023622599999999966, -0.02754781910342992898 ) ) ;
#6123 = CYLINDRICAL_SURFACE ( 'NONE', #6074, 0.05708664500000004000 ) ;
#6124 = LENGTH_MEASURE_WITH_UNIT ( LENGTH_MEASURE( 0.02539999999999999897 ), #3445 );
#6125 = ORIENTED_EDGE ( 'NONE', *, *, #92, .F. ) ;
#6126 = CARTESIAN_POINT ( 'NONE',  ( -0.2877954310000000460, -0.1003937550000000151, 1.762238766916914599E-17 ) ) ;
#6127 = DIRECTION ( 'NONE',  ( 0.000000000000000000, 0.000000000000000000, 1.000000000000000000 ) ) ;
#6128 = LINE ( 'NONE', #5084, #793 ) ;
#6129 = VERTEX_POINT ( 'NONE', #6399 ) ;
#6130 = CARTESIAN_POINT ( 'NONE',  ( -0.2887880313093656448, 0.04330710999999999589, 0.0008765389524856332824 ) ) ;
#6131 = EDGE_LOOP ( 'NONE', ( #2830, #4437, #4482 ) ) ;
#6132 = EDGE_CURVE ( 'NONE', #5815, #5624, #2039, .T. ) ;
#6133 = EDGE_CURVE ( 'NONE', #354, #6370, #1128, .T. ) ;
#6134 = SURFACE_STYLE_USAGE ( .BOTH. , #4564 ) ;
#6135 = ADVANCED_FACE ( 'NONE', ( #4692 ), #5194, .T. ) ;
#6136 = DIRECTION ( 'NONE',  ( 0.000000000000000000, 0.000000000000000000, -1.000000000000000000 ) ) ;
#6137 = ORIENTED_EDGE ( 'NONE', *, *, #560, .T. ) ;
#6138 = AXIS2_PLACEMENT_3D ( 'NONE', #4543, #1895, #885 ) ;
#6139 = DIRECTION ( 'NONE',  ( -0.000000000000000000, -1.000000000000000000, -0.000000000000000000 ) ) ;
#6140 = ORIENTED_EDGE ( 'NONE', *, *, #515, .T. ) ;
#6141 = CARTESIAN_POINT ( 'NONE',  ( -0.2991392981608858581, 0.04330710999999998895, -0.01360754039972294702 ) ) ;
#6142 = ORIENTED_EDGE ( 'NONE', *, *, #3435, .F. ) ;
#6143 = CYLINDRICAL_SURFACE ( 'NONE', #4101, 0.05708664499999997755 ) ;
#6144 = ORIENTED_EDGE ( 'NONE', *, *, #2291, .F. ) ;
#6145 = ORIENTED_EDGE ( 'NONE', *, *, #2397, .F. ) ;
#6146 = EDGE_CURVE ( 'NONE', #4430, #2783, #1224, .T. ) ;
#6147 = CARTESIAN_POINT ( 'NONE',  ( 0.1500000810000000073, 0.04527561499999999822, 0.000000000000000000 ) ) ;
#6148 = DIRECTION ( 'NONE',  ( 0.000000000000000000, 1.000000000000000000, -0.000000000000000000 ) ) ;
#6149 = EDGE_CURVE ( 'NONE', #1394, #5494, #1109, .T. ) ;
#6150 = PLANE ( 'NONE',  #6385 ) ;
#6151 = LINE ( 'NONE', #1375, #2834 ) ;
#6152 = CARTESIAN_POINT ( 'NONE',  ( 0.1500000810000000073, -0.1811024599999999929, 0.000000000000000000 ) ) ;
#6153 = CARTESIAN_POINT ( 'NONE',  ( 0.05000002699999999550, -0.04527561499999999822, 0.05714073574136996347 ) ) ;
#6154 =( NAMED_UNIT ( * ) PLANE_ANGLE_UNIT ( ) SI_UNIT ( $, .RADIAN. ) );
#6155 = EDGE_CURVE ( 'NONE', #1048, #3225, #5609, .T. ) ;
#6156 = DIRECTION ( 'NONE',  ( 1.000000000000000000, 0.000000000000000000, 0.000000000000000000 ) ) ;
#6157 = ORIENTED_EDGE ( 'NONE', *, *, #312, .F. ) ;
#6158 = AXIS2_PLACEMENT_3D ( 'NONE', #2666, #6496, #2142 ) ;
#6159 = DIRECTION ( 'NONE',  ( 0.000000000000000000, 1.000000000000000000, 0.000000000000000000 ) ) ;
#6160 = CYLINDRICAL_SURFACE ( 'NONE', #4497, 0.05905515000000000070 ) ;
#6161 = PLANE ( 'NONE',  #1353 ) ;
#6162 = FILL_AREA_STYLE ('',( #761 ) ) ;
#6163 = CARTESIAN_POINT ( 'NONE',  ( -0.2877954310000000460, -0.04527561499999999822, 1.762238766916914599E-17 ) ) ;
#6164 = EDGE_LOOP ( 'NONE', ( #5578, #6633 ) ) ;
#6165 = PRESENTATION_LAYER_ASSIGNMENT (  '', '', ( #1564 ) ) ;
#6166 = AXIS2_PLACEMENT_3D ( 'NONE', #596, #3290, #1015 ) ;
#6167 = AXIS2_PLACEMENT_3D ( 'NONE', #2775, #4901, #1656 ) ;
#6168 = DIRECTION ( 'NONE',  ( 0.000000000000000000, 1.000000000000000000, 0.000000000000000000 ) ) ;
#6169 = AXIS2_PLACEMENT_3D ( 'NONE', #6858, #5864, #4876 ) ;
#6170 =( GEOMETRIC_REPRESENTATION_CONTEXT ( 3 ) GLOBAL_UNCERTAINTY_ASSIGNED_CONTEXT ( ( #6722 ) ) GLOBAL_UNIT_ASSIGNED_CONTEXT ( ( #4339, #5425, #6525 ) ) REPRESENTATION_CONTEXT ( 'NONE', 'WORKASPACE' ) );
#6171 = MANIFOLD_SOLID_BREP ( 'Scale1[3]', #5932 ) ;
#6172 = ORIENTED_EDGE ( 'NONE', *, *, #6729, .F. ) ;
#6173 = VECTOR ( 'NONE', #5682, 39.37007874015748854 ) ;
#6174 = EDGE_CURVE ( 'NONE', #949, #5032, #2226, .T. ) ;
#6175 =( LENGTH_UNIT ( ) NAMED_UNIT ( * ) SI_UNIT ( $, .METRE. ) );
#6176 = CIRCLE ( 'NONE', #3943, 0.03937009999999999121 ) ;
#6177 = ORIENTED_EDGE ( 'NONE', *, *, #4686, .T. ) ;
#6178 = ORIENTED_EDGE ( 'NONE', *, *, #1664, .T. ) ;
#6179 = DIRECTION ( 'NONE',  ( -0.000000000000000000, -1.000000000000000000, -0.000000000000000000 ) ) ;
#6180 = UNCERTAINTY_MEASURE_WITH_UNIT (LENGTH_MEASURE( 1.000000000000000082E-05 ), #583, 'distance_accuracy_value', 'NONE');
#6181 = EDGE_LOOP ( 'NONE', ( #6080, #4418, #3483, #6796 ) ) ;
#6182 = FACE_OUTER_BOUND ( 'NONE', #6030, .T. ) ;
#6183 = EDGE_CURVE ( 'NONE', #700, #3329, #444, .T. ) ;
#6184 = CARTESIAN_POINT ( 'NONE',  ( -0.2984947545293659132, 0.04527561500000000516, -0.01916406992474872784 ) ) ;
#6185 = ORIENTED_EDGE ( 'NONE', *, *, #4351, .T. ) ;
#6186 = PLANE ( 'NONE',  #215 ) ;
#6187 = CARTESIAN_POINT ( 'NONE',  ( -0.3053338854340414410, 0.04330710999999999589, -0.01551921874088303156 ) ) ;
#6188 = EDGE_CURVE ( 'NONE', #6745, #736, #1092, .T. ) ;
#6189 = FILL_AREA_STYLE_COLOUR ( '', #5552 ) ;
#6190 = DIRECTION ( 'NONE',  ( -0.000000000000000000, 1.000000000000000000, -0.000000000000000000 ) ) ;
#6191 = LINE ( 'NONE', #4130, #5006 ) ;
#6192 = CARTESIAN_POINT ( 'NONE',  ( 0.05000002700000000244, -0.1023622599999999966, 0.000000000000000000 ) ) ;
#6193 = SURFACE_SIDE_STYLE ('',( #2436 ) ) ;
#6194 = ORIENTED_EDGE ( 'NONE', *, *, #4351, .F. ) ;
#6195 = CARTESIAN_POINT ( 'NONE',  ( -0.2881973463715414296, 0.04527561499999999822, -0.03169707030338302783 ) ) ;
#6196 = CARTESIAN_POINT ( 'NONE',  ( -0.3013803778871502193, 0.04330710999999998895, 0.02354331303734851638 ) ) ;
#6197 = DIRECTION ( 'NONE',  ( -0.000000000000000000, 1.000000000000000000, -0.000000000000000000 ) ) ;
#6198 = DIRECTION ( 'NONE',  ( 1.000000000000000000, 0.000000000000000000, 0.000000000000000000 ) ) ;
#6199 = CARTESIAN_POINT ( 'NONE',  ( -0.2932908105661848897, 0.04330711000000000283, 0.02817331349606804619 ) ) ;
#6200 = VERTEX_POINT ( 'NONE', #4442 ) ;
#6201 = DIRECTION ( 'NONE',  ( -0.000000000000000000, -1.000000000000000000, -0.000000000000000000 ) ) ;
#6202 = AXIS2_PLACEMENT_3D ( 'NONE', #2926, #4631, #5086 ) ;
#6203 = DIRECTION ( 'NONE',  ( 0.000000000000000000, 0.000000000000000000, -1.000000000000000000 ) ) ;
#6204 = ORIENTED_EDGE ( 'NONE', *, *, #5550, .T. ) ;
#6205 = CIRCLE ( 'NONE', #1166, 0.03937009999999999121 ) ;
#6206 = VECTOR ( 'NONE', #5522, 39.37007874015748143 ) ;
#6207 = VECTOR ( 'NONE', #4966, 39.37007874015748143 ) ;
#6208 = ORIENTED_EDGE ( 'NONE', *, *, #6516, .T. ) ;
#6209 = FACE_OUTER_BOUND ( 'NONE', #1519, .T. ) ;
#6210 = DIRECTION ( 'NONE',  ( -0.000000000000000000, -1.000000000000000000, -0.000000000000000000 ) ) ;
#6211 = EDGE_LOOP ( 'NONE', ( #3493, #1052, #6092, #6553 ) ) ;
#6212 = CARTESIAN_POINT ( 'NONE',  ( 0.1500000810000000073, -0.1200788050000000107, 0.000000000000000000 ) ) ;
#6213 = AXIS2_PLACEMENT_3D ( 'NONE', #5283, #320, #4122 ) ;
#6214 = ORIENTED_EDGE ( 'NONE', *, *, #3527, .T. ) ;
#6215 = CARTESIAN_POINT ( 'NONE',  ( -0.2758657441363972507, 0.04330710999999999589, 0.01684574247147230600 ) ) ;
#6216 = SURFACE_STYLE_FILL_AREA ( #5219 ) ;
#6217 = ORIENTED_EDGE ( 'NONE', *, *, #6517, .T. ) ;
#6218 = ADVANCED_FACE ( 'NONE', ( #1727 ), #6562, .T. ) ;
#6219 = CARTESIAN_POINT ( 'NONE',  ( -0.3007108572510175937, 0.04330710999999998201, -0.02718727971311975938 ) ) ;
#6220 = ADVANCED_FACE ( 'NONE', ( #3915 ), #6049, .F. ) ;
#6221 = CARTESIAN_POINT ( 'NONE',  ( -0.3053188971214438330, 0.04330710999999999589, -0.01487454249242860932 ) ) ;
#6222 = CARTESIAN_POINT ( 'NONE',  ( -0.3052894788628106038, 0.04330710999999998895, -0.01360920641885193100 ) ) ;
#6223 = CIRCLE ( 'NONE', #3759, 0.01968505000000000602 ) ;
#6224 = CARTESIAN_POINT ( 'NONE',  ( -0.2736291285032008691, 0.04330710999999998201, 0.02424338214889001572 ) ) ;
#6225 = EDGE_CURVE ( 'NONE', #2061, #2510, #3928, .T. ) ;
#6226 = LINE ( 'NONE', #2952, #634 ) ;
#6227 = ADVANCED_FACE ( 'NONE', ( #5396 ), #575, .T. ) ;
#6228 =( LENGTH_UNIT ( ) NAMED_UNIT ( * ) SI_UNIT ( $, .METRE. ) );
#6229 = FACE_OUTER_BOUND ( 'NONE', #1714, .T. ) ;
#6230 = ORIENTED_EDGE ( 'NONE', *, *, #6017, .T. ) ;
#6231 = SURFACE_SIDE_STYLE ('',( #437 ) ) ;
#6232 = CIRCLE ( 'NONE', #1855, 0.003937010000000002070 ) ;
#6233 = SURFACE_SIDE_STYLE ('',( #3634 ) ) ;
#6234 = DIRECTION ( 'NONE',  ( -0.000000000000000000, 1.000000000000000000, -0.000000000000000000 ) ) ;
#6235 = LENGTH_MEASURE_WITH_UNIT ( LENGTH_MEASURE( 0.02539999999999999897 ), #4630 );
#6236 =( LENGTH_UNIT ( ) NAMED_UNIT ( * ) SI_UNIT ( $, .METRE. ) );
#6237 = EDGE_CURVE ( 'NONE', #5921, #5740, #1338, .T. ) ;
#6238 = CARTESIAN_POINT ( 'NONE',  ( -0.2832321500926100466, 0.04330710999999996813, -0.02410665370879615937 ) ) ;
#6239 = ORIENTED_EDGE ( 'NONE', *, *, #5851, .T. ) ;
#6240 = STYLED_ITEM ( 'NONE', ( #166 ), #3850 ) ;
#6241 = EDGE_CURVE ( 'NONE', #4711, #1818, #5282, .T. ) ;
#6242 = EDGE_CURVE ( 'NONE', #2020, #3689, #6588, .T. ) ;
#6243 = CARTESIAN_POINT ( 'NONE',  ( -0.2818370746980515817, 0.04527561499999999822, 0.02841686635271038069 ) ) ;
#6244 = STYLED_ITEM ( 'NONE', ( #5165 ), #3921 ) ;
#6245 = ORIENTED_EDGE ( 'NONE', *, *, #560, .F. ) ;
#6246 = ORIENTED_EDGE ( 'NONE', *, *, #6444, .F. ) ;
#6247 = DIRECTION ( 'NONE',  ( 0.000000000000000000, 0.000000000000000000, -1.000000000000000000 ) ) ;
#6248 =( NAMED_UNIT ( * ) PLANE_ANGLE_UNIT ( ) SI_UNIT ( $, .RADIAN. ) );
#6249 = CARTESIAN_POINT ( 'NONE',  ( -0.2736598365828405433, 0.04330710999999998895, -6.743644621963515819E-05 ) ) ;
#6250 = UNCERTAINTY_MEASURE_WITH_UNIT (LENGTH_MEASURE( 1.000000000000000082E-05 ), #5981, 'distance_accuracy_value', 'NONE');
#6251 = ORIENTED_EDGE ( 'NONE', *, *, #1371, .F. ) ;
#6252 = CARTESIAN_POINT ( 'NONE',  ( 0.2283465800000000212, -0.02952757499999999688, 0.06889767499999997769 ) ) ;
#6253 = MANIFOLD_SOLID_BREP ( 'Scale1[4]', #1989 ) ;
#6254 =( NAMED_UNIT ( * ) PLANE_ANGLE_UNIT ( ) SI_UNIT ( $, .RADIAN. ) );
#6255 = ORIENTED_EDGE ( 'NONE', *, *, #4686, .F. ) ;
#6256 = DIRECTION ( 'NONE',  ( 0.000000000000000000, -1.000000000000000000, 0.000000000000000000 ) ) ;
#6257 = EDGE_CURVE ( 'NONE', #3336, #2074, #5640, .T. ) ;
#6258 = DIRECTION ( 'NONE',  ( -0.000000000000000000, 1.000000000000000000, -0.000000000000000000 ) ) ;
#6259 = DIMENSIONAL_EXPONENTS ( 1.000000000000000000, 0.000000000000000000, 0.000000000000000000, 0.000000000000000000, 0.000000000000000000, 0.000000000000000000, 0.000000000000000000 ) ;
#6260 = DIRECTION ( 'NONE',  ( 0.1240347345892075792, 0.000000000000000000, 0.9922778767136677391 ) ) ;
#6261 = DIRECTION ( 'NONE',  ( -0.000000000000000000, 1.000000000000000000, -0.000000000000000000 ) ) ;
#6262 =( NAMED_UNIT ( * ) SI_UNIT ( $, .STERADIAN. ) SOLID_ANGLE_UNIT ( ) );
#6263 = SURFACE_STYLE_FILL_AREA ( #1444 ) ;
#6264 = CARTESIAN_POINT ( 'NONE',  ( -0.2926619100678924390, 0.04330710999999996813, -0.006810484004758938364 ) ) ;
#6265 = EDGE_CURVE ( 'NONE', #3446, #3085, #4151, .T. ) ;
#6266 = FACE_OUTER_BOUND ( 'NONE', #625, .T. ) ;
#6267 = ORIENTED_EDGE ( 'NONE', *, *, #6174, .F. ) ;
#6268 = LINE ( 'NONE', #4590, #4728 ) ;
#6269 = LINE ( 'NONE', #6777, #5776 ) ;
#6270 = LINE ( 'NONE', #4802, #6535 ) ;
#6271 = CARTESIAN_POINT ( 'NONE',  ( -0.2932908105661848897, 0.04527561499999999128, 0.02817331349606804619 ) ) ;
#6272 = ORIENTED_EDGE ( 'NONE', *, *, #1494, .F. ) ;
#6273 = STYLED_ITEM ( 'NONE', ( #2945 ), #6253 ) ;
#6274 = DIRECTION ( 'NONE',  ( 0.000000000000000000, -1.000000000000000000, 0.000000000000000000 ) ) ;
#6275 = PLANE ( 'NONE',  #5467 ) ;
#6276 = CIRCLE ( 'NONE', #3238, 0.05905515000000000070 ) ;
#6277 =( GEOMETRIC_REPRESENTATION_CONTEXT ( 3 ) GLOBAL_UNCERTAINTY_ASSIGNED_CONTEXT ( ( #359 ) ) GLOBAL_UNIT_ASSIGNED_CONTEXT ( ( #738, #1227, #3426 ) ) REPRESENTATION_CONTEXT ( 'NONE', 'WORKASPACE' ) );
#6278 = VERTEX_POINT ( 'NONE', #4058 ) ;
#6279 = CIRCLE ( 'NONE', #2344, 0.03937010000000001203 ) ;
#6280 = ADVANCED_FACE ( 'NONE', ( #2909 ), #814, .T. ) ;
#6281 = ORIENTED_EDGE ( 'NONE', *, *, #1549, .F. ) ;
#6282 = LINE ( 'NONE', #6859, #6768 ) ;
#6283 = DIRECTION ( 'NONE',  ( 0.000000000000000000, 0.000000000000000000, -1.000000000000000000 ) ) ;
#6284 = CIRCLE ( 'NONE', #6065, 0.02263780749999999911 ) ;
#6285 = CARTESIAN_POINT ( 'NONE',  ( -0.2685460599314002383, 0.04527561499999999822, 0.01089849047894041363 ) ) ;
#6286 = MECHANICAL_DESIGN_GEOMETRIC_PRESENTATION_REPRESENTATION (  '', ( #5958 ), #3828 ) ;
#6287 = VERTEX_POINT ( 'NONE', #850 ) ;
#6288 = CARTESIAN_POINT ( 'NONE',  ( -0.2808634504809255916, 0.04527561499999997741, 0.003363318233962866565 ) ) ;
#6289 = ORIENTED_EDGE ( 'NONE', *, *, #1961, .F. ) ;
#6290 = CARTESIAN_POINT ( 'NONE',  ( -0.2800256783804286886, 0.04527561499999999128, 0.003723070801681944552 ) ) ;
#6291 = CARTESIAN_POINT ( 'NONE',  ( 0.03818899699999998842, -0.07223479225994784703, -0.05590554199999997476 ) ) ;
#6292 = DIRECTION ( 'NONE',  ( 0.000000000000000000, -1.000000000000000000, 0.000000000000000000 ) ) ;
#6293 = DIRECTION ( 'NONE',  ( -0.000000000000000000, 1.000000000000000000, -0.000000000000000000 ) ) ;
#6294 = CYLINDRICAL_SURFACE ( 'NONE', #3139, 0.05708664499999999142 ) ;
#6295 = PLANE ( 'NONE',  #3240 ) ;
#6296 = CARTESIAN_POINT ( 'NONE',  ( -0.1500000810000000073, -0.1200788050000000107, 0.000000000000000000 ) ) ;
#6297 = ORIENTED_EDGE ( 'NONE', *, *, #2375, .T. ) ;
#6298 = CARTESIAN_POINT ( 'NONE',  ( -0.1381890510000000072, -0.07223479225994784703, 0.05595963274136995375 ) ) ;
#6299 = DIRECTION ( 'NONE',  ( -0.000000000000000000, 1.000000000000000000, -0.000000000000000000 ) ) ;
#6300 = LINE ( 'NONE', #3164, #3868 ) ;
#6301 = CARTESIAN_POINT ( 'NONE',  ( -0.2283465799999999102, -0.02952757499999999688, -0.06889767500000000544 ) ) ;
#6302 = CARTESIAN_POINT ( 'NONE',  ( -0.05000002700000000244, -0.1811024599999999929, 0.000000000000000000 ) ) ;
#6303 = CARTESIAN_POINT ( 'NONE',  ( -0.3013803778871502193, 0.04330710999999998895, 0.02354331303734851638 ) ) ;
#6304 = ORIENTED_EDGE ( 'NONE', *, *, #3730, .T. ) ;
#6305 = CARTESIAN_POINT ( 'NONE',  ( -0.2685978483147422047, 0.04527561499999999822, 0.01407920530201252698 ) ) ;
#6306 = EDGE_CURVE ( 'NONE', #1763, #5901, #1271, .T. ) ;
#6307 = SURFACE_STYLE_USAGE ( .BOTH. , #4184 ) ;
#6308 = ADVANCED_FACE ( 'NONE', ( #5529 ), #6186, .F. ) ;
#6309 = EDGE_LOOP ( 'NONE', ( #4036, #1627, #127, #4847 ) ) ;
#6310 = EDGE_CURVE ( 'NONE', #2921, #5172, #2980, .T. ) ;
#6311 = UNCERTAINTY_MEASURE_WITH_UNIT (LENGTH_MEASURE( 1.000000000000000082E-05 ), #2874, 'distance_accuracy_value', 'NONE');
#6312 = FILL_AREA_STYLE_COLOUR ( '', #788 ) ;
#6313 = CARTESIAN_POINT ( 'NONE',  ( -0.2861688003128193825, 0.04527561500000000516, -0.005038782046647646146 ) ) ;
#6314 = DIRECTION ( 'NONE',  ( 0.000000000000000000, -1.000000000000000000, 0.000000000000000000 ) ) ;
#6315 = CARTESIAN_POINT ( 'NONE',  ( -0.2776278166840414618, 0.04330710999999999589, -0.002409167178383031255 ) ) ;
#6316 = VECTOR ( 'NONE', #1032, 39.37007874015748143 ) ;
#6317 = ORIENTED_EDGE ( 'NONE', *, *, #6809, .F. ) ;
#6318 = CIRCLE ( 'NONE', #933, 0.05905515000000000070 ) ;
#6319 = DIRECTION ( 'NONE',  ( 0.000000000000000000, 0.000000000000000000, -1.000000000000000000 ) ) ;
#6320 = AXIS2_PLACEMENT_3D ( 'NONE', #3814, #5336, #3134 ) ;
#6321 = EDGE_LOOP ( 'NONE', ( #1300, #2702, #314, #1790 ) ) ;
#6322 = CARTESIAN_POINT ( 'NONE',  ( -0.2746690755036382270, 0.04527561499999999128, 0.01145095386418030353 ) ) ;
#6323 = CIRCLE ( 'NONE', #5995, 0.05511814000000000296 ) ;
#6324 = LINE ( 'NONE', #6291, #1693 ) ;
#6325 = CARTESIAN_POINT ( 'NONE',  ( -0.2917116505397093218, 0.04330710999999998201, -0.02444698501142631916 ) ) ;
#6326 = CARTESIAN_POINT ( 'NONE',  ( 0.2877954310000000460, 0.03740159499999999582, -0.05905514999999998682 ) ) ;
#6327 = CARTESIAN_POINT ( 'NONE',  ( -0.3041959415166746172, 0.04527561499999997741, -0.02200163123815658192 ) ) ;
#6328 = VECTOR ( 'NONE', #4323, 39.37007874015748143 ) ;
#6329 = CARTESIAN_POINT ( 'NONE',  ( 0.1500000810000000073, -0.1023622599999999966, -0.03937010000000001203 ) ) ;
#6330 = DIRECTION ( 'NONE',  ( -1.000000000000000000, 0.000000000000000000, -0.000000000000000000 ) ) ;
#6331 = VERTEX_POINT ( 'NONE', #217 ) ;
#6332 = DIRECTION ( 'NONE',  ( 1.000000000000000000, 0.000000000000000000, -0.000000000000000000 ) ) ;
#6333 = CARTESIAN_POINT ( 'NONE',  ( -0.2283465799999999102, -0.04527561499999999822, -0.06889767500000000544 ) ) ;
#6334 = DIRECTION ( 'NONE',  ( -1.000000000000000000, 0.000000000000000000, -0.000000000000000000 ) ) ;
#6335 = CARTESIAN_POINT ( 'NONE',  ( -0.05000002700000000244, -0.1023622599999999966, 0.000000000000000000 ) ) ;
#6336 = CARTESIAN_POINT ( 'NONE',  ( 0.000000000000000000, -0.02952757499999999688, -0.02754781910342994980 ) ) ;
#6337 = ORIENTED_EDGE ( 'NONE', *, *, #6225, .T. ) ;
#6338 = CIRCLE ( 'NONE', #1849, 0.05708664500000000530 ) ;
#6339 = AXIS2_PLACEMENT_3D ( 'NONE', #3346, #623, #4839 ) ;
#6340 = CARTESIAN_POINT ( 'NONE',  ( 0.000000000000000000, -0.1023622599999999966, -0.02754781910342994980 ) ) ;
#6341 = VECTOR ( 'NONE', #5619, 39.37007874015748143 ) ;
#6342 = ORIENTED_EDGE ( 'NONE', *, *, #56, .F. ) ;
#6343 = AXIS2_PLACEMENT_3D ( 'NONE', #4874, #5862, #2156 ) ;
#6344 = CARTESIAN_POINT ( 'NONE',  ( 0.05000002700000000938, -0.1023622599999999966, -0.03937010000000000509 ) ) ;
#6345 = AXIS2_PLACEMENT_3D ( 'NONE', #1145, #3377, #5446 ) ;
#6346 = ORIENTED_EDGE ( 'NONE', *, *, #6512, .T. ) ;
#6347 = EDGE_CURVE ( 'NONE', #5311, #1504, #4617, .T. ) ;
#6348 = CARTESIAN_POINT ( 'NONE',  ( -0.2736294835926085800, 0.04330710999999998895, -0.02534259838665509079 ) ) ;
#6349 = COLOUR_RGB ( '',0.1019607843137254888, 0.1019607843137254888, 0.1019607843137254888 ) ;
#6350 = PLANE ( 'NONE',  #1397 ) ;
#6351 = ADVANCED_FACE ( 'NONE', ( #5001 ), #184, .F. ) ;
#6352 = FACE_OUTER_BOUND ( 'NONE', #6910, .T. ) ;
#6353 = ORIENTED_EDGE ( 'NONE', *, *, #768, .T. ) ;
#6354 = CARTESIAN_POINT ( 'NONE',  ( -0.2746826042473038965, 0.04527561500000000516, 0.01296195885208190415 ) ) ;
#6355 = ORIENTED_EDGE ( 'NONE', *, *, #211, .T. ) ;
#6356 = CARTESIAN_POINT ( 'NONE',  ( -0.2952520243805699107, 0.04330710999999999589, -0.03060709104170500003 ) ) ;
#6357 = CARTESIAN_POINT ( 'NONE',  ( -0.2877954310000000460, 0.04527561499999999822, 1.762238766916914599E-17 ) ) ;
#6358 = CARTESIAN_POINT ( 'NONE',  ( -0.2938058132405368950, 0.04330710999999999589, -0.02378756751205072378 ) ) ;
#6359 = DIRECTION ( 'NONE',  ( -0.000000000000000000, 1.000000000000000000, -0.000000000000000000 ) ) ;
#6360 = FACE_BOUND ( 'NONE', #5013, .T. ) ;
#6361 = CARTESIAN_POINT ( 'NONE',  ( -0.2912238768000706135, 0.04330710999999999589, -0.006353602915748416194 ) ) ;
#6362 = DIRECTION ( 'NONE',  ( -0.000000000000000000, 1.000000000000000000, -0.000000000000000000 ) ) ;
#6363 = ORIENTED_EDGE ( 'NONE', *, *, #3794, .T. ) ;
#6364 = LINE ( 'NONE', #5331, #740 ) ;
#6365 =( CONVERSION_BASED_UNIT ( 'INCH', #2990 ) LENGTH_UNIT ( ) NAMED_UNIT ( #4025 ) );
#6366 = CARTESIAN_POINT ( 'NONE',  ( 0.2877954310000000460, 0.03740159499999999582, 0.05511814000000001684 ) ) ;
#6367 = CARTESIAN_POINT ( 'NONE',  ( -0.2845493380454994781, 0.04330710999999998201, -0.004613883429252091384 ) ) ;
#6368 = DIRECTION ( 'NONE',  ( -1.794540557820657824E-15, 0.000000000000000000, 1.000000000000000000 ) ) ;
#6369 = CARTESIAN_POINT ( 'NONE',  ( -0.2776278166840414618, 0.04527561499999999822, -0.002409167178383031255 ) ) ;
#6370 = VERTEX_POINT ( 'NONE', #4477 ) ;
#6371 =( CONVERSION_BASED_UNIT ( 'INCH', #5825 ) LENGTH_UNIT ( ) NAMED_UNIT ( #1809 ) );
#6372 = ORIENTED_EDGE ( 'NONE', *, *, #3651, .T. ) ;
#6373 = FACE_OUTER_BOUND ( 'NONE', #5170, .T. ) ;
#6374 = VERTEX_POINT ( 'NONE', #2353 ) ;
#6375 = VECTOR ( 'NONE', #5232, 39.37007874015748143 ) ;
#6376 = AXIS2_PLACEMENT_3D ( 'NONE', #5256, #4231, #4260 ) ;
#6377 = UNCERTAINTY_MEASURE_WITH_UNIT (LENGTH_MEASURE( 1.000000000000000082E-05 ), #5018, 'distance_accuracy_value', 'NONE');
#6378 = DIRECTION ( 'NONE',  ( 0.000000000000000000, 0.000000000000000000, -1.000000000000000000 ) ) ;
#6379 = CARTESIAN_POINT ( 'NONE',  ( -0.2872360638707434077, 0.04527561499999999822, 0.02196913165237651677 ) ) ;
#6380 = FACE_OUTER_BOUND ( 'NONE', #4567, .T. ) ;
#6381 = ORIENTED_EDGE ( 'NONE', *, *, #20, .F. ) ;
#6382 = CARTESIAN_POINT ( 'NONE',  ( -0.2754140326676920991, 0.04330710999999998895, 0.01595796379878327773 ) ) ;
#6383 = MECHANICAL_DESIGN_GEOMETRIC_PRESENTATION_REPRESENTATION (  '', ( #344 ), #4277 ) ;
#6384 = PLANE ( 'NONE',  #1450 ) ;
#6385 = AXIS2_PLACEMENT_3D ( 'NONE', #5072, #2873, #1342 ) ;
#6386 = VERTEX_POINT ( 'NONE', #4685 ) ;
#6387 = CARTESIAN_POINT ( 'NONE',  ( -0.2723973472798833506, 0.04527561499999999822, -0.02344719820174155991 ) ) ;
#6388 = VECTOR ( 'NONE', #6197, 39.37007874015748143 ) ;
#6389 = PLANE ( 'NONE',  #4498 ) ;
#6390 = DIMENSIONAL_EXPONENTS ( 1.000000000000000000, 0.000000000000000000, 0.000000000000000000, 0.000000000000000000, 0.000000000000000000, 0.000000000000000000, 0.000000000000000000 ) ;
#6391 = DIRECTION ( 'NONE',  ( 0.000000000000000000, 0.000000000000000000, -1.000000000000000000 ) ) ;
#6392 = AXIS2_PLACEMENT_3D ( 'NONE', #523, #4456, #6378 ) ;
#6393 = DIRECTION ( 'NONE',  ( 1.000000000000000000, 0.000000000000000000, 0.000000000000000000 ) ) ;
#6394 = ORIENTED_EDGE ( 'NONE', *, *, #2268, .F. ) ;
#6395 = STYLED_ITEM ( 'NONE', ( #1055 ), #4856 ) ;
#6396 = ADVANCED_FACE ( 'NONE', ( #4789 ), #3825, .T. ) ;
#6397 = B_SPLINE_CURVE_WITH_KNOTS ( 'NONE', 3,
 ( #3690, #4234, #426, #2554, #985, #4718, #5321, #6836, #4194, #6219, #883, #5701, #3119, #6356, #5185, #364, #2489, #4651, #6765 ),
 .UNSPECIFIED., .F., .F.,
 ( 4, 1, 1, 1, 1, 1, 1, 1, 1, 1, 1, 1, 1, 1, 1, 1, 4 ),
 ( 0.000000000000000000, 0.06553421244304731552, 0.1288270559297159945, 0.1899548512024729352, 0.2496480368191134613, 0.3082483091336509218, 0.3667963607881972177, 0.4255009350642028343, 0.4858920521208358045, 0.5466819835686081985, 0.6066869295489977221, 0.6675221296550222227, 0.7294256136805841173, 0.7931375186351564688, 0.8590270504025675491, 0.9276974320877985347, 1.000000000000000000 ),
 .UNSPECIFIED. ) ;
#6398 = CARTESIAN_POINT ( 'NONE',  ( 0.2877954310000000460, 0.03346458500000000502, 1.762238766916914599E-17 ) ) ;
#6399 = CARTESIAN_POINT ( 'NONE',  ( 0.05000002700000000244, -0.1220473100000000061, -0.02913387400000000058 ) ) ;
#6400 = ORIENTED_EDGE ( 'NONE', *, *, #5450, .T. ) ;
#6401 = SURFACE_STYLE_FILL_AREA ( #4798 ) ;
#6402 =( LENGTH_UNIT ( ) NAMED_UNIT ( * ) SI_UNIT ( $, .METRE. ) );
#6403 = DIRECTION ( 'NONE',  ( -0.9922778767136677391, 0.000000000000000000, 0.1240347345892084674 ) ) ;
#6404 = CARTESIAN_POINT ( 'NONE',  ( -0.03818899699999998842, -0.04527561499999999822, 0.05590554199999997476 ) ) ;
#6405 = CARTESIAN_POINT ( 'NONE',  ( -0.2972689268402914364, 0.04330710999999999589, -0.009383618740883028359 ) ) ;
#6406 = CARTESIAN_POINT ( 'NONE',  ( 0.2877954310000000460, 0.04133860712598425718, 1.762238766916914599E-17 ) ) ;
#6407 = ORIENTED_EDGE ( 'NONE', *, *, #3127, .F. ) ;
#6408 = CARTESIAN_POINT ( 'NONE',  ( -0.03818899699999998842, -0.02952757499999999688, 0.05590554199999997476 ) ) ;
#6409 = VERTEX_POINT ( 'NONE', #2623 ) ;
#6410 = CARTESIAN_POINT ( 'NONE',  ( -0.3046523795580801108, 0.04527561499999999822, 0.01895763536709793237 ) ) ;
#6411 = ORIENTED_EDGE ( 'NONE', *, *, #6025, .F. ) ;
#6412 = DIRECTION ( 'NONE',  ( 0.000000000000000000, -0.000000000000000000, -1.000000000000000000 ) ) ;
#6413 = CARTESIAN_POINT ( 'NONE',  ( -0.1381890510000000072, -0.02952757499999999688, 0.05595963274136995375 ) ) ;
#6414 = DIRECTION ( 'NONE',  ( -1.000000000000000000, 0.000000000000000000, -0.000000000000000000 ) ) ;
#6415 = VERTEX_POINT ( 'NONE', #5774 ) ;
#6416 = CARTESIAN_POINT ( 'NONE',  ( -0.2877954310000000460, -0.04527561499999999822, -0.09055122999999995481 ) ) ;
#6417 = CARTESIAN_POINT ( 'NONE',  ( 0.1618111109999999797, -0.02952757499999999688, 0.06889767499999997769 ) ) ;
#6418 = ORIENTED_EDGE ( 'NONE', *, *, #2494, .F. ) ;
#6419 = CARTESIAN_POINT ( 'NONE',  ( -0.1500000810000000073, -0.02952757499999999688, -0.05708664500000000530 ) ) ;
#6420 = PLANE ( 'NONE',  #1464 ) ;
#6421 = DIRECTION ( 'NONE',  ( -0.000000000000000000, 1.000000000000000000, -0.000000000000000000 ) ) ;
#6422 = CARTESIAN_POINT ( 'NONE',  ( -0.2881973463715414296, 0.04527561499999999822, -0.03169707030338302783 ) ) ;
#6423 = VERTEX_POINT ( 'NONE', #3092 ) ;
#6424 = EDGE_CURVE ( 'NONE', #1654, #5728, #6397, .T. ) ;
#6425 = CARTESIAN_POINT ( 'NONE',  ( 0.05000002700000000244, -0.1220473100000000061, 0.02913387400000000058 ) ) ;
#6426 = EDGE_CURVE ( 'NONE', #6129, #5386, #3649, .T. ) ;
#6427 = PRESENTATION_LAYER_ASSIGNMENT (  '', '', ( #2728 ) ) ;
#6428 = ORIENTED_EDGE ( 'NONE', *, *, #2265, .F. ) ;
#6429 = CARTESIAN_POINT ( 'NONE',  ( -0.05000002700000000244, -0.1200788050000000107, 0.000000000000000000 ) ) ;
#6430 = EDGE_CURVE ( 'NONE', #4462, #4040, #550, .T. ) ;
#6431 = CARTESIAN_POINT ( 'NONE',  ( -0.3041959415166746172, 0.04527561499999997047, -0.02200163123815658192 ) ) ;
#6432 = EDGE_CURVE ( 'NONE', #1141, #2887, #2516, .T. ) ;
#6433 = DIRECTION ( 'NONE',  ( 0.000000000000000000, 0.000000000000000000, -1.000000000000000000 ) ) ;
#6434 = CARTESIAN_POINT ( 'NONE',  ( -0.05000002699999999550, -0.02952757499999999688, -5.409074136996869648E-05 ) ) ;
#6435 = ORIENTED_EDGE ( 'NONE', *, *, #1420, .T. ) ;
#6436 = DIRECTION ( 'NONE',  ( -0.000000000000000000, 1.000000000000000000, -0.000000000000000000 ) ) ;
#6437 = CARTESIAN_POINT ( 'NONE',  ( -0.2751105869428239759, 0.04527561499999997741, -0.02699925336046018684 ) ) ;
#6438 = ORIENTED_EDGE ( 'NONE', *, *, #2051, .T. ) ;
#6439 = CARTESIAN_POINT ( 'NONE',  ( -0.2736598365828405433, 0.04527561499999999128, -6.743644621963515819E-05 ) ) ;
#6440 = CARTESIAN_POINT ( 'NONE',  ( -0.2877954310000000460, 0.03346458500000000502, 0.07086617999999997308 ) ) ;
#6441 = VECTOR ( 'NONE', #5390, 39.37007874015748143 ) ;
#6442 = EDGE_CURVE ( 'NONE', #4970, #3877, #4326, .T. ) ;
#6443 = VERTEX_POINT ( 'NONE', #108 ) ;
#6444 = EDGE_CURVE ( 'NONE', #1654, #5940, #3840, .T. ) ;
#6445 = DIRECTION ( 'NONE',  ( 0.000000000000000000, -1.000000000000000000, 0.000000000000000000 ) ) ;
#6446 = CARTESIAN_POINT ( 'NONE',  ( -0.2976393227676831232, 0.04330711000000000976, 0.01721804999091686855 ) ) ;
#6447 = LINE ( 'NONE', #1114, #524 ) ;
#6448 = PRESENTATION_LAYER_ASSIGNMENT (  '', '', ( #1630 ) ) ;
#6449 = DIRECTION ( 'NONE',  ( 0.000000000000000000, -1.000000000000000000, 0.000000000000000000 ) ) ;
#6450 = ORIENTED_EDGE ( 'NONE', *, *, #5039, .T. ) ;
#6451 = CARTESIAN_POINT ( 'NONE',  ( 0.1500000809999999796, -0.07223479225994784703, 0.0001081814827399373930 ) ) ;
#6452 =( GEOMETRIC_REPRESENTATION_CONTEXT ( 3 ) GLOBAL_UNCERTAINTY_ASSIGNED_CONTEXT ( ( #284 ) ) GLOBAL_UNIT_ASSIGNED_CONTEXT ( ( #4081, #1205, #116 ) ) REPRESENTATION_CONTEXT ( 'NONE', 'WORKASPACE' ) );
#6453 = DIRECTION ( 'NONE',  ( 0.000000000000000000, 0.000000000000000000, 1.000000000000000000 ) ) ;
#6454 = VERTEX_POINT ( 'NONE', #6419 ) ;
#6455 = CARTESIAN_POINT ( 'NONE',  ( -0.2947360999014436156, 0.04330710999999998201, -0.02333836318200400300 ) ) ;
#6456 = FACE_OUTER_BOUND ( 'NONE', #2515, .T. ) ;
#6457 = DIRECTION ( 'NONE',  ( 0.000000000000000000, 0.000000000000000000, 1.000000000000000000 ) ) ;
#6458 = VERTEX_POINT ( 'NONE', #598 ) ;
#6459 = PLANE ( 'NONE',  #5948 ) ;
#6460 = DIRECTION ( 'NONE',  ( -0.000000000000000000, 1.000000000000000000, -0.000000000000000000 ) ) ;
#6461 = EDGE_LOOP ( 'NONE', ( #3185, #4843, #5339, #2347 ) ) ;
#6462 = DIRECTION ( 'NONE',  ( -1.000000000000000000, 0.000000000000000000, 0.000000000000000000 ) ) ;
#6463 = DIRECTION ( 'NONE',  ( 0.000000000000000000, 0.000000000000000000, 1.000000000000000000 ) ) ;
#6464 = CARTESIAN_POINT ( 'NONE',  ( -0.2283465799999999102, -0.02952757499999999688, -0.06889767500000000544 ) ) ;
#6465 = DIRECTION ( 'NONE',  ( 0.000000000000000000, -0.000000000000000000, -1.000000000000000000 ) ) ;
#6466 =( CONVERSION_BASED_UNIT ( 'INCH', #1098 ) LENGTH_UNIT ( ) NAMED_UNIT ( #1458 ) );
#6467 = CARTESIAN_POINT ( 'NONE',  ( -0.2690389199139515131, 0.04527561499999999822, 0.007108263452207753096 ) ) ;
#6468 = VECTOR ( 'NONE', #751, 39.37007874015748143 ) ;
#6469 = EDGE_LOOP ( 'NONE', ( #59, #3183, #1815, #1012 ) ) ;
#6470 = EDGE_CURVE ( 'NONE', #3804, #6892, #5490, .T. ) ;
#6471 = CARTESIAN_POINT ( 'NONE',  ( -0.2700541854340414716, 0.04330710999999999589, -0.01405722030338302925 ) ) ;
#6472 = CARTESIAN_POINT ( 'NONE',  ( -0.2873250634777796964, 0.04527561499999995659, -0.03167271822245115720 ) ) ;
#6473 = VERTEX_POINT ( 'NONE', #2732 ) ;
#6474 = CARTESIAN_POINT ( 'NONE',  ( -0.06181105699999999564, -0.02952757499999999688, -0.06889767500000000544 ) ) ;
#6475 = CARTESIAN_POINT ( 'NONE',  ( 0.1500000810000000073, -0.04527561499999999822, -5.409074136996869648E-05 ) ) ;
#6476 = VERTEX_POINT ( 'NONE', #4406 ) ;
#6477 = EDGE_CURVE ( 'NONE', #1793, #3546, #1160, .T. ) ;
#6478 = CLOSED_SHELL ( 'NONE', ( #6628, #4915, #5943, #5299, #3611, #2509 ) ) ;
#6479 = CARTESIAN_POINT ( 'NONE',  ( 0.05000002700000000244, -0.1023622599999999966, 0.000000000000000000 ) ) ;
#6480 = LINE ( 'NONE', #4846, #4119 ) ;
#6481 = CYLINDRICAL_SURFACE ( 'NONE', #6575, 0.05708664499999997755 ) ;
#6482 = ADVANCED_FACE ( 'NONE', ( #2238 ), #6523, .F. ) ;
#6483 = ORIENTED_EDGE ( 'NONE', *, *, #1388, .T. ) ;
#6484 = LINE ( 'NONE', #3796, #6751 ) ;
#6485 = CARTESIAN_POINT ( 'NONE',  ( 0.05000002700000000244, -0.1771654499999999743, 0.000000000000000000 ) ) ;
#6486 = EDGE_LOOP ( 'NONE', ( #2308, #4892, #6418, #1003 ) ) ;
#6487 = CARTESIAN_POINT ( 'NONE',  ( -0.3053338854340414410, 0.04330710999999999589, -0.01551921874088303156 ) ) ;
#6488 = VECTOR ( 'NONE', #1483, 39.37007874015748143 ) ;
#6489 = DIRECTION ( 'NONE',  ( 0.000000000000000000, 0.000000000000000000, -1.000000000000000000 ) ) ;
#6490 = CARTESIAN_POINT ( 'NONE',  ( -0.2970120694328598487, 0.04527561499999999822, -0.02150181452653161449 ) ) ;
#6491 = VECTOR ( 'NONE', #4936, 39.37007874015748143 ) ;
#6492 = ORIENTED_EDGE ( 'NONE', *, *, #5114, .F. ) ;
#6493 = CONICAL_SURFACE ( 'NONE', #2677, 0.02952757500000000035, 1.439896632895325101 ) ;
#6494 = COLOUR_RGB ( '',1.000000000000000000, 0.8117647058823529438, 0.5019607843137254832 ) ;
#6495 = CARTESIAN_POINT ( 'NONE',  ( -0.05000002700000000244, -0.1771654499999999743, 0.000000000000000000 ) ) ;
#6496 = DIRECTION ( 'NONE',  ( -0.000000000000000000, 1.000000000000000000, -0.000000000000000000 ) ) ;
#6497 = EDGE_LOOP ( 'NONE', ( #236, #170, #935, #4898 ) ) ;
#6498 = DIRECTION ( 'NONE',  ( 0.000000000000000000, 0.000000000000000000, 1.000000000000000000 ) ) ;
#6499 = PRODUCT ( '686E0422250110E', '686E0422250110E', '', ( #902 ) ) ;
#6500 = CARTESIAN_POINT ( 'NONE',  ( -0.2773116158182962199, 0.04527561499999999822, 0.02685071639206850977 ) ) ;
#6501 = DIRECTION ( 'NONE',  ( 0.000000000000000000, 0.000000000000000000, -1.000000000000000000 ) ) ;
#6502 = CARTESIAN_POINT ( 'NONE',  ( -0.2804971642436654422, 0.04330710999999998201, -0.003455810296413547051 ) ) ;
#6503 = CARTESIAN_POINT ( 'NONE',  ( 0.2877954310000000460, -0.09251973500000004735, 1.762238766916914599E-17 ) ) ;
#6504 = DIRECTION ( 'NONE',  ( 0.000000000000000000, 0.000000000000000000, 1.000000000000000000 ) ) ;
#6505 = CARTESIAN_POINT ( 'NONE',  ( -0.2970863835088824456, 0.04527561499999999822, -0.009201589745866319697 ) ) ;
#6506 = DIRECTION ( 'NONE',  ( 0.000000000000000000, -1.000000000000000000, 0.000000000000000000 ) ) ;
#6507 = DIRECTION ( 'NONE',  ( 0.000000000000000000, 0.000000000000000000, 1.000000000000000000 ) ) ;
#6508 = VERTEX_POINT ( 'NONE', #4851 ) ;
#6509 = DIRECTION ( 'NONE',  ( -0.000000000000000000, 1.000000000000000000, -0.000000000000000000 ) ) ;
#6510 = CARTESIAN_POINT ( 'NONE',  ( -0.2761897854340414349, 0.04527561499999999128, -0.01329027030338302863 ) ) ;
#6511 = ORIENTED_EDGE ( 'NONE', *, *, #5806, .T. ) ;
#6512 = EDGE_CURVE ( 'NONE', #2232, #2605, #2800, .T. ) ;
#6513 = EDGE_CURVE ( 'NONE', #6076, #3757, #3724, .T. ) ;
#6514 = CARTESIAN_POINT ( 'NONE',  ( -0.3007321854340414546, 0.04330710999999999589, 0.008184329696616971309 ) ) ;
#6515 = DIRECTION ( 'NONE',  ( -0.000000000000000000, 1.000000000000000000, -0.000000000000000000 ) ) ;
#6516 = EDGE_CURVE ( 'NONE', #6868, #6200, #1947, .T. ) ;
#6517 = EDGE_CURVE ( 'NONE', #3525, #4973, #6223, .T. ) ;
#6518 = EDGE_CURVE ( 'NONE', #572, #775, #4669, .T. ) ;
#6519 = ORIENTED_EDGE ( 'NONE', *, *, #3536, .T. ) ;
#6520 = LINE ( 'NONE', #3869, #4092 ) ;
#6521 = CARTESIAN_POINT ( 'NONE',  ( -0.2283465799999999102, -0.02952757499999999688, 0.06889767499999997769 ) ) ;
#6522 = ORIENTED_EDGE ( 'NONE', *, *, #3567, .T. ) ;
#6523 = PLANE ( 'NONE',  #731 ) ;
#6524 = ORIENTED_EDGE ( 'NONE', *, *, #4357, .F. ) ;
#6525 =( NAMED_UNIT ( * ) SI_UNIT ( $, .STERADIAN. ) SOLID_ANGLE_UNIT ( ) );
#6526 = FACE_OUTER_BOUND ( 'NONE', #5245, .T. ) ;
#6527 = ORIENTED_EDGE ( 'NONE', *, *, #5164, .F. ) ;
#6528 = SURFACE_SIDE_STYLE ('',( #4826 ) ) ;
#6529 = EDGE_LOOP ( 'NONE', ( #285, #1526, #2773, #4988 ) ) ;
#6530 = CARTESIAN_POINT ( 'NONE',  ( -0.3007321854340414546, 0.04330710999999999589, 0.008184329696616971309 ) ) ;
#6531 = CARTESIAN_POINT ( 'NONE',  ( -0.2794192301444856086, 0.04330710999999999589, -0.003094991063845150582 ) ) ;
#6532 = DIRECTION ( 'NONE',  ( 0.000000000000000000, 0.000000000000000000, -1.000000000000000000 ) ) ;
#6533 = CARTESIAN_POINT ( 'NONE',  ( -0.2839372833564702825, 0.04330711000000000283, 0.02182536097030514030 ) ) ;
#6534 = AXIS2_PLACEMENT_3D ( 'NONE', #595, #4402, #4954 ) ;
#6535 = VECTOR ( 'NONE', #5820, 39.37007874015748143 ) ;
#6536 = CARTESIAN_POINT ( 'NONE',  ( -0.2926619100678924390, 0.04330710999999996813, -0.006810484004758938364 ) ) ;
#6537 = ORIENTED_EDGE ( 'NONE', *, *, #3338, .T. ) ;
#6538 = CARTESIAN_POINT ( 'NONE',  ( -0.2736598365828405433, 0.04330710999999998895, -6.743644621963515819E-05 ) ) ;
#6539 = CARTESIAN_POINT ( 'NONE',  ( -0.2854744997245423632, 0.04330710999999998201, -0.02463222818722319435 ) ) ;
#6540 = CIRCLE ( 'NONE', #2395, 0.02913387400000002139 ) ;
#6541 = VERTEX_POINT ( 'NONE', #5628 ) ;
#6542 = DIRECTION ( 'NONE',  ( 0.000000000000000000, 1.000000000000000000, 0.000000000000000000 ) ) ;
#6543 = DIRECTION ( 'NONE',  ( 0.000000000000000000, -0.000000000000000000, 1.000000000000000000 ) ) ;
#6544 = ORIENTED_EDGE ( 'NONE', *, *, #527, .F. ) ;
#6545 = TOROIDAL_SURFACE ( 'NONE', #4660, 0.05511814000000000296, 0.003937010000000000336 ) ;
#6546 = CARTESIAN_POINT ( 'NONE',  ( -0.1500000810000000073, -0.1200788050000000107, -0.02913387400000002139 ) ) ;
#6547 = CARTESIAN_POINT ( 'NONE',  ( 0.05000002700000000244, -0.1200788050000000107, 0.000000000000000000 ) ) ;
#6548 = DIRECTION ( 'NONE',  ( 0.000000000000000000, 0.000000000000000000, -1.000000000000000000 ) ) ;
#6549 = STYLED_ITEM ( 'NONE', ( #5082 ), #4273 ) ;
#6550 = ORIENTED_EDGE ( 'NONE', *, *, #6862, .F. ) ;
#6551 = AXIS2_PLACEMENT_3D ( 'NONE', #6791, #4639, #4149 ) ;
#6552 = ADVANCED_FACE ( 'NONE', ( #6583 ), #3406, .T. ) ;
#6553 = ORIENTED_EDGE ( 'NONE', *, *, #6188, .T. ) ;
#6554 = AXIS2_PLACEMENT_3D ( 'NONE', #6667, #1413, #6596 ) ;
#6555 = EDGE_CURVE ( 'NONE', #6572, #1914, #741, .T. ) ;
#6556 = ORIENTED_EDGE ( 'NONE', *, *, #956, .F. ) ;
#6557 = CARTESIAN_POINT ( 'NONE',  ( 0.1500000809999999796, -0.02952757499999999688, 0.0001081814827399373930 ) ) ;
#6558 = AXIS2_PLACEMENT_3D ( 'NONE', #4009, #1780, #3937 ) ;
#6559 = ORIENTED_EDGE ( 'NONE', *, *, #3503, .T. ) ;
#6560 = AXIS2_PLACEMENT_3D ( 'NONE', #5571, #752, #820 ) ;
#6561 = CARTESIAN_POINT ( 'NONE',  ( -0.2991883111940281115, 0.04527561499999999128, -0.01571533419908417717 ) ) ;
#6562 = CYLINDRICAL_SURFACE ( 'NONE', #2890, 0.003937007874015741038 ) ;
#6563 = EDGE_LOOP ( 'NONE', ( #5418, #687 ) ) ;
#6564 = CARTESIAN_POINT ( 'NONE',  ( -0.1500000810000000073, 0.04527561499999999822, 0.000000000000000000 ) ) ;
#6565 = COLOUR_RGB ( '',0.1019607843137254888, 0.1019607843137254888, 0.1019607843137254888 ) ;
#6566 = DIRECTION ( 'NONE',  ( 0.000000000000000000, 0.000000000000000000, -1.000000000000000000 ) ) ;
#6567 = CARTESIAN_POINT ( 'NONE',  ( -0.3053206596913567439, 0.04527561499999999128, -0.01609915045276414172 ) ) ;
#6568 = DIRECTION ( 'NONE',  ( -0.000000000000000000, 1.000000000000000000, -0.000000000000000000 ) ) ;
#6569 = PRESENTATION_STYLE_ASSIGNMENT (( #5403 ) ) ;
#6570 = DIRECTION ( 'NONE',  ( -0.000000000000000000, 1.000000000000000000, -0.000000000000000000 ) ) ;
#6571 = CYLINDRICAL_SURFACE ( 'NONE', #2234, 0.02913387400000000058 ) ;
#6572 = VERTEX_POINT ( 'NONE', #1754 ) ;
#6573 = CARTESIAN_POINT ( 'NONE',  ( -0.2951343863332919759, 0.04330710999999998201, 0.02758535607632614517 ) ) ;
#6574 = DIRECTION ( 'NONE',  ( -1.000000000000000000, 0.000000000000000000, 0.000000000000000000 ) ) ;
#6575 = AXIS2_PLACEMENT_3D ( 'NONE', #2725, #3833, #5226 ) ;
#6576 = ORIENTED_EDGE ( 'NONE', *, *, #5069, .F. ) ;
#6577 = CYLINDRICAL_SURFACE ( 'NONE', #3630, 0.05708664499999999142 ) ;
#6578 = ORIENTED_EDGE ( 'NONE', *, *, #1388, .F. ) ;
#6579 = CARTESIAN_POINT ( 'NONE',  ( -0.2700541854340414716, 0.04330710999999999589, -0.01405722030338302925 ) ) ;
#6580 = CLOSED_SHELL ( 'NONE', ( #6053, #6719, #2782, #5888, #6351, #5680, #5923, #2607, #6043, #520, #4487, #1069, #1036, #982, #728, #5417, #5821, #4981, #6220, #1115, #3607, #3970, #821, #3686, #3508, #5124, #4987, #2054, #6482, #5167, #6060, #5633, #535, #224, #5379, #5342, #3661, #6928, #3418, #4474, #39, #4725, #1845, #2480, #2901, #5758, #4389, #4356, #1117, #443, #2273, #838, #5803, #2362, #1028, #5507, #4856, #5505, #1632, #5937, #6807, #990, #1368, #93, #6926, #988, #3645, #4393, #6848, #815, #6590, #6227, #999, #6763, #3431, #747, #2091, #94, #4618, #2931, #1454, #6308, #4998, #4812, #3427, #5246, #1580, #4557, #4508, #6649, #1598, #1628, #1366, #309, #395, #1210, #248, #3124, #6280, #5720, #646, #5477, #3832, #1327, #6135, #1245, #5859, #6218, #5648 ) ) ;
#6581 = ORIENTED_EDGE ( 'NONE', *, *, #5305, .F. ) ;
#6582 = ORIENTED_EDGE ( 'NONE', *, *, #3876, .T. ) ;
#6583 = FACE_OUTER_BOUND ( 'NONE', #6321, .T. ) ;
#6584 = VERTEX_POINT ( 'NONE', #5062 ) ;
#6585 = CARTESIAN_POINT ( 'NONE',  ( -0.05000002700000000244, -0.02952757499999999688, 0.000000000000000000 ) ) ;
#6586 = ORIENTED_EDGE ( 'NONE', *, *, #4400, .T. ) ;
#6587 = DIRECTION ( 'NONE',  ( 0.000000000000000000, -1.000000000000000000, 0.000000000000000000 ) ) ;
#6588 = CIRCLE ( 'NONE', #1560, 0.05708664499999999142 ) ;
#6589 = LINE ( 'NONE', #2806, #6612 ) ;
#6590 = ADVANCED_FACE ( 'NONE', ( #6045, #1883 ), #805, .T. ) ;
#6591 = DIRECTION ( 'NONE',  ( 0.000000000000000000, 0.000000000000000000, 1.000000000000000000 ) ) ;
#6592 = CARTESIAN_POINT ( 'NONE',  ( -0.2894076893402914297, 0.04527561499999999822, 0.0007065671966169690841 ) ) ;
#6593 = DIMENSIONAL_EXPONENTS ( 1.000000000000000000, 0.000000000000000000, 0.000000000000000000, 0.000000000000000000, 0.000000000000000000, 0.000000000000000000, 0.000000000000000000 ) ;
#6594 = SURFACE_STYLE_FILL_AREA ( #617 ) ;
#6595 = ADVANCED_FACE ( 'NONE', ( #3909 ), #5951, .T. ) ;
#6596 = DIRECTION ( 'NONE',  ( 0.000000000000000000, 0.000000000000000000, 1.000000000000000000 ) ) ;
#6597 = VECTOR ( 'NONE', #3722, 39.37007874015748143 ) ;
#6598 = DIRECTION ( 'NONE',  ( 0.000000000000000000, 0.000000000000000000, -1.000000000000000000 ) ) ;
#6599 = CIRCLE ( 'NONE', #13, 0.05511814000000000296 ) ;
#6600 = CARTESIAN_POINT ( 'NONE',  ( -0.2903385702375578803, 0.04330710999999998895, 0.02160479453292677224 ) ) ;
#6601 = VECTOR ( 'NONE', #66, 39.37007874015748143 ) ;
#6602 = EDGE_LOOP ( 'NONE', ( #1581, #5105, #4363, #1882 ) ) ;
#6603 = AXIS2_PLACEMENT_3D ( 'NONE', #5332, #14, #6566 ) ;
#6604 = DIRECTION ( 'NONE',  ( 0.000000000000000000, 0.000000000000000000, 1.000000000000000000 ) ) ;
#6605 = CARTESIAN_POINT ( 'NONE',  ( 0.2877954310000000460, -0.04527561499999999822, 1.762238766916914599E-17 ) ) ;
#6606 = VECTOR ( 'NONE', #5045, 39.37007874015748143 ) ;
#6607 = ORIENTED_EDGE ( 'NONE', *, *, #6853, .T. ) ;
#6608 = DIRECTION ( 'NONE',  ( 0.000000000000000000, 1.000000000000000000, 0.000000000000000000 ) ) ;
#6609 = EDGE_LOOP ( 'NONE', ( #3382, #5432, #2191, #5233 ) ) ;
#6610 = COLOUR_RGB ( '',1.000000000000000000, 0.8117647058823529438, 0.5019607843137254832 ) ;
#6611 = DIRECTION ( 'NONE',  ( 0.000000000000000000, -1.000000000000000000, 0.000000000000000000 ) ) ;
#6612 = VECTOR ( 'NONE', #6115, 39.37007874015748143 ) ;
#6613 = LINE ( 'NONE', #664, #2968 ) ;
#6614 = EDGE_LOOP ( 'NONE', ( #4489, #1646, #2283, #5710 ) ) ;
#6615 = ORIENTED_EDGE ( 'NONE', *, *, #3614, .F. ) ;
#6616 = PRESENTATION_STYLE_ASSIGNMENT (( #4570 ) ) ;
#6617 = ORIENTED_EDGE ( 'NONE', *, *, #1667, .F. ) ;
#6618 = CYLINDRICAL_SURFACE ( 'NONE', #3875, 0.05905515000000000070 ) ;
#6619 = ORIENTED_EDGE ( 'NONE', *, *, #5039, .F. ) ;
#6620 = VERTEX_POINT ( 'NONE', #5591 ) ;
#6621 = CARTESIAN_POINT ( 'NONE',  ( -0.2947360999014436156, 0.04527561499999997741, -0.02333836318200400300 ) ) ;
#6622 = DIRECTION ( 'NONE',  ( -0.000000000000000000, -1.000000000000000000, -0.000000000000000000 ) ) ;
#6623 = DIRECTION ( 'NONE',  ( -0.000000000000000000, 1.000000000000000000, -0.000000000000000000 ) ) ;
#6624 = CARTESIAN_POINT ( 'NONE',  ( -0.2900846550111985112, 0.04330710999999996813, -0.03165956947806318478 ) ) ;
#6625 = CARTESIAN_POINT ( 'NONE',  ( -0.2972689268402914364, 0.04527561499999999822, -0.009383618740883028359 ) ) ;
#6626 = DIRECTION ( 'NONE',  ( 0.000000000000000000, 0.000000000000000000, -1.000000000000000000 ) ) ;
#6627 = DIRECTION ( 'NONE',  ( 0.000000000000000000, 1.000000000000000000, 0.000000000000000000 ) ) ;
#6628 = ADVANCED_FACE ( 'NONE', ( #176 ), #2420, .T. ) ;
#6629 = EDGE_CURVE ( 'NONE', #723, #1108, #4548, .T. ) ;
#6630 = DIRECTION ( 'NONE',  ( 1.000000000000000000, -0.000000000000000000, 1.224646799147353207E-16 ) ) ;
#6631 = EDGE_CURVE ( 'NONE', #3752, #1643, #453, .T. ) ;
#6632 = CARTESIAN_POINT ( 'NONE',  ( 0.3074234615712765906, 0.04330710999999999589, 0.02812502969661697175 ) ) ;
#6633 = ORIENTED_EDGE ( 'NONE', *, *, #3383, .F. ) ;
#6634 = DIRECTION ( 'NONE',  ( 0.000000000000000000, 0.000000000000000000, 1.000000000000000000 ) ) ;
#6635 = CYLINDRICAL_SURFACE ( 'NONE', #5338, 0.05905515000000000070 ) ;
#6636 = LINE ( 'NONE', #4593, #4169 ) ;
#6637 = ORIENTED_EDGE ( 'NONE', *, *, #1494, .T. ) ;
#6638 = CARTESIAN_POINT ( 'NONE',  ( -0.2818723945075569115, 0.04330710999999999589, 0.002983838964311399770 ) ) ;
#6639 = AXIS2_PLACEMENT_3D ( 'NONE', #5780, #4270, #6841 ) ;
#6640 = VECTOR ( 'NONE', #1589, 39.37007874015748143 ) ;
#6641 = DIMENSIONAL_EXPONENTS ( 1.000000000000000000, 0.000000000000000000, 0.000000000000000000, 0.000000000000000000, 0.000000000000000000, 0.000000000000000000, 0.000000000000000000 ) ;
#6642 = VERTEX_POINT ( 'NONE', #4742 ) ;
#6643 = CIRCLE ( 'NONE', #609, 0.05708664499999999142 ) ;
#6644 = CARTESIAN_POINT ( 'NONE',  ( -0.2283465799999999102, -0.02952757499999999688, -0.06889767500000000544 ) ) ;
#6645 = CARTESIAN_POINT ( 'NONE',  ( -0.2991779551850775043, 0.04527561499999999128, -0.01476610887293659628 ) ) ;
#6646 = EDGE_CURVE ( 'NONE', #4807, #3278, #4334, .T. ) ;
#6647 = ORIENTED_EDGE ( 'NONE', *, *, #6442, .T. ) ;
#6648 = VECTOR ( 'NONE', #1579, 39.37007874015748143 ) ;
#6649 = ADVANCED_FACE ( 'NONE', ( #6209 ), #6350, .F. ) ;
#6650 = DIRECTION ( 'NONE',  ( 0.000000000000000000, -1.000000000000000000, 0.000000000000000000 ) ) ;
#6651 = ORIENTED_EDGE ( 'NONE', *, *, #2903, .T. ) ;
#6652 = FILL_AREA_STYLE ('',( #3462 ) ) ;
#6653 = B_SPLINE_SURFACE_WITH_KNOTS ( 'NONE', 3, 1, ( 
 ( #1878, #3042 ),
 ( #1427, #4599 ),
 ( #5134, #313 ),
 ( #4635, #974 ),
 ( #5277, #1912 ),
 ( #1393, #4038 ),
 ( #1463, #4076 ),
 ( #417, #447 ),
 ( #2544, #934 ),
 ( #3570, #5244 ),
 ( #5759, #6787 ) ),
 .UNSPECIFIED., .F., .F., .F.,
 ( 4, 1, 1, 1, 1, 1, 1, 1, 4 ),
 ( 2, 2 ),
 ( 0.000000000000000000, 0.1693237986142583362, 0.3253554330119025617, 0.4689155231524423373, 0.6003115468851106806, 0.7188463901177625237, 0.8249851745593393959, 0.9187577878191778291, 1.000000000000000000 ),
 ( 0.000000000000000000, 1.000000000000000000 ),
 .UNSPECIFIED. ) ;
#6654 = VERTEX_POINT ( 'NONE', #4677 ) ;
#6655 = DIRECTION ( 'NONE',  ( 0.000000000000000000, 0.000000000000000000, 1.000000000000000000 ) ) ;
#6656 = EDGE_CURVE ( 'NONE', #4336, #6620, #3884, .T. ) ;
#6657 = UNCERTAINTY_MEASURE_WITH_UNIT (LENGTH_MEASURE( 1.000000000000000082E-05 ), #1821, 'distance_accuracy_value', 'NONE');
#6658 = ORIENTED_EDGE ( 'NONE', *, *, #6853, .F. ) ;
#6659 = AXIS2_PLACEMENT_3D ( 'NONE', #2090, #5968, #5414 ) ;
#6660 = ORIENTED_EDGE ( 'NONE', *, *, #1278, .F. ) ;
#6661 = VECTOR ( 'NONE', #6673, 39.37007874015748143 ) ;
#6662 =( NAMED_UNIT ( * ) PLANE_ANGLE_UNIT ( ) SI_UNIT ( $, .RADIAN. ) );
#6663 = CARTESIAN_POINT ( 'NONE',  ( -0.2994461568950158026, 0.04330710999999999589, -0.003357854368925008992 ) ) ;
#6664 = CYLINDRICAL_SURFACE ( 'NONE', #1830, 0.07086617999999995920 ) ;
#6665 = CARTESIAN_POINT ( 'NONE',  ( 0.03818899699999998842, -0.04527561499999999822, -0.06889767500000000544 ) ) ;
#6666 = AXIS2_PLACEMENT_3D ( 'NONE', #5037, #221, #3479 ) ;
#6667 = CARTESIAN_POINT ( 'NONE',  ( 0.2877954310000000460, 0.04527561499999999822, 1.762238766916914599E-17 ) ) ;
#6668 =( CONVERSION_BASED_UNIT ( 'INCH', #2391 ) LENGTH_UNIT ( ) NAMED_UNIT ( #6783 ) );
#6669 = CARTESIAN_POINT ( 'NONE',  ( -0.2976393227676831232, 0.04330711000000000976, 0.01721804999091686855 ) ) ;
#6670 =( GEOMETRIC_REPRESENTATION_CONTEXT ( 3 ) GLOBAL_UNCERTAINTY_ASSIGNED_CONTEXT ( ( #4084 ) ) GLOBAL_UNIT_ASSIGNED_CONTEXT ( ( #4930, #6248, #2972 ) ) REPRESENTATION_CONTEXT ( 'NONE', 'WORKASPACE' ) );
#6671 =( NAMED_UNIT ( * ) PLANE_ANGLE_UNIT ( ) SI_UNIT ( $, .RADIAN. ) );
#6672 = ORIENTED_EDGE ( 'NONE', *, *, #5385, .T. ) ;
#6673 = DIRECTION ( 'NONE',  ( 1.000000000000000000, 0.000000000000000000, 0.000000000000000000 ) ) ;
#6674 = DIRECTION ( 'NONE',  ( 0.000000000000000000, -1.000000000000000000, 0.000000000000000000 ) ) ;
#6675 = LINE ( 'NONE', #341, #5324 ) ;
#6676 = CARTESIAN_POINT ( 'NONE',  ( -0.3054127741390711970, 0.04527561499999997741, 0.01718333846491707992 ) ) ;
#6677 = EDGE_CURVE ( 'NONE', #3525, #3329, #6282, .T. ) ;
#6678 = EDGE_LOOP ( 'NONE', ( #1972, #6438, #5376, #5521 ) ) ;
#6679 = DIRECTION ( 'NONE',  ( -0.000000000000000000, 1.000000000000000000, -0.000000000000000000 ) ) ;
#6680 = CARTESIAN_POINT ( 'NONE',  ( -0.06181105699999998176, -0.02952757499999999688, 0.05590554199999997476 ) ) ;
#6681 = EDGE_CURVE ( 'NONE', #4251, #279, #6698, .T. ) ;
#6682 = ORIENTED_EDGE ( 'NONE', *, *, #1979, .T. ) ;
#6683 = ORIENTED_EDGE ( 'NONE', *, *, #5844, .T. ) ;
#6684 = FILL_AREA_STYLE_COLOUR ( '', #3197 ) ;
#6685 = ORIENTED_EDGE ( 'NONE', *, *, #3120, .T. ) ;
#6686 = DIRECTION ( 'NONE',  ( 0.000000000000000000, -1.000000000000000000, 0.000000000000000000 ) ) ;
#6687 = EDGE_LOOP ( 'NONE', ( #2374, #6016, #3728, #6034 ) ) ;
#6688 = CARTESIAN_POINT ( 'NONE',  ( -0.2839372833564702825, 0.04330711000000000283, 0.02182536097030514030 ) ) ;
#6689 = SURFACE_STYLE_USAGE ( .BOTH. , #5667 ) ;
#6690 = VERTEX_POINT ( 'NONE', #2058 ) ;
#6691 = CARTESIAN_POINT ( 'NONE',  ( -0.2685202854340414946, 0.04330710999999999589, 0.01169552266536697319 ) ) ;
#6692 = DIRECTION ( 'NONE',  ( 0.000000000000000000, 0.000000000000000000, 1.000000000000000000 ) ) ;
#6693 = CARTESIAN_POINT ( 'NONE',  ( -0.2753662103248589732, 0.04330711000000000976, 0.02567148723703508925 ) ) ;
#6694 = DIRECTION ( 'NONE',  ( 8.659560562354943952E-17, 0.7071067811865465735, -0.7071067811865484609 ) ) ;
#6695 =( NAMED_UNIT ( * ) SI_UNIT ( $, .STERADIAN. ) SOLID_ANGLE_UNIT ( ) );
#6696 = DIRECTION ( 'NONE',  ( 0.000000000000000000, 0.000000000000000000, -1.000000000000000000 ) ) ;
#6697 = ORIENTED_EDGE ( 'NONE', *, *, #4985, .F. ) ;
#6698 = B_SPLINE_CURVE_WITH_KNOTS ( 'NONE', 3,
 ( #1469, #419, #6313, #5139, #390, #5729, #2583, #3616, #5764, #3006, #5173 ),
 .UNSPECIFIED., .F., .F.,
 ( 4, 1, 1, 1, 1, 1, 1, 1, 4 ),
 ( 0.000000000000000000, 0.1693237986142583362, 0.3253554330119025617, 0.4689155231524423373, 0.6003115468851106806, 0.7188463901177625237, 0.8249851745593393959, 0.9187577878191778291, 1.000000000000000000 ),
 .UNSPECIFIED. ) ;
#6699 = DIRECTION ( 'NONE',  ( 0.000000000000000000, 0.000000000000000000, 1.000000000000000000 ) ) ;
#6700 = LINE ( 'NONE', #3484, #833 ) ;
#6701 = DIRECTION ( 'NONE',  ( -0.000000000000000000, 0.000000000000000000, 1.000000000000000000 ) ) ;
#6702 = FACE_OUTER_BOUND ( 'NONE', #5456, .T. ) ;
#6703 = LINE ( 'NONE', #3069, #3392 ) ;
#6704 = ORIENTED_EDGE ( 'NONE', *, *, #6470, .T. ) ;
#6705 = VECTOR ( 'NONE', #6570, 39.37007874015748143 ) ;
#6706 = VECTOR ( 'NONE', #5805, 39.37007874015748143 ) ;
#6707 = COLOUR_RGB ( '',0.1019607843137254888, 0.1019607843137254888, 0.1019607843137254888 ) ;
#6708 = CARTESIAN_POINT ( 'NONE',  ( 0.05000002700000000244, -0.02952757499999999688, 0.000000000000000000 ) ) ;
#6709 = PRESENTATION_LAYER_ASSIGNMENT (  '', '', ( #3022 ) ) ;
#6710 = CONICAL_SURFACE ( 'NONE', #797, 0.02952757500000000035, 1.439896632895325101 ) ;
#6711 = ORIENTED_EDGE ( 'NONE', *, *, #6851, .T. ) ;
#6712 = EDGE_CURVE ( 'NONE', #2814, #5161, #4224, .T. ) ;
#6713 = EDGE_CURVE ( 'NONE', #6832, #3571, #5346, .T. ) ;
#6714 = AXIS2_PLACEMENT_3D ( 'NONE', #3513, #6090, #5115 ) ;
#6715 = ORIENTED_EDGE ( 'NONE', *, *, #1420, .F. ) ;
#6716 = DIRECTION ( 'NONE',  ( -0.000000000000000000, 1.000000000000000000, -0.000000000000000000 ) ) ;
#6717 = EDGE_CURVE ( 'NONE', #4944, #940, #1915, .T. ) ;
#6718 = CARTESIAN_POINT ( 'NONE',  ( 0.3012878615712766273, 0.04330710999999999589, -0.03093012030338303242 ) ) ;
#6719 = ADVANCED_FACE ( 'NONE', ( #2024 ), #1499, .F. ) ;
#6720 = EDGE_LOOP ( 'NONE', ( #698, #2377 ) ) ;
#6721 = CARTESIAN_POINT ( 'NONE',  ( 0.05000002700000000938, -0.1220473100000000061, -0.03937010000000000509 ) ) ;
#6722 = UNCERTAINTY_MEASURE_WITH_UNIT (LENGTH_MEASURE( 1.000000000000000082E-05 ), #4339, 'distance_accuracy_value', 'NONE');
#6723 = VERTEX_POINT ( 'NONE', #3575 ) ;
#6724 = VERTEX_POINT ( 'NONE', #977 ) ;
#6725 = B_SPLINE_CURVE_WITH_KNOTS ( 'NONE', 3,
 ( #3851, #2216, #4380, #6533, #1733, #3891, #6028, #2916, #5673, #1414, #857, #1927, #3023, #4690, #1898, #4586, #1443, #5151, #258 ),
 .UNSPECIFIED., .F., .F.,
 ( 4, 1, 1, 1, 1, 1, 1, 1, 1, 1, 1, 1, 1, 1, 1, 1, 4 ),
 ( 0.000000000000000000, 0.07812529689189359750, 0.1518301493922361300, 0.2221520613979003911, 0.2890233266244045529, 0.3525976224640646750, 0.4148420026739728650, 0.4749348900295488063, 0.5348433958080135442, 0.5934135167521019660, 0.6507869454438937051, 0.7072859995271774114, 0.7634577572775826937, 0.8197238077213158114, 0.8778515259498435030, 0.9374785251711036382, 1.000000000000000000 ),
 .UNSPECIFIED. ) ;
#6726 = CARTESIAN_POINT ( 'NONE',  ( -0.2877954310000000460, -0.04527561499999999822, -0.07086617999999994533 ) ) ;
#6727 = ORIENTED_EDGE ( 'NONE', *, *, #859, .T. ) ;
#6728 = DIRECTION ( 'NONE',  ( 0.000000000000000000, 0.000000000000000000, -1.000000000000000000 ) ) ;
#6729 = EDGE_CURVE ( 'NONE', #2783, #1398, #317, .T. ) ;
#6730 = CYLINDRICAL_SURFACE ( 'NONE', #3938, 0.01968505000000000602 ) ;
#6731 = CARTESIAN_POINT ( 'NONE',  ( -0.2919036361078693464, 0.04527561499999999822, -0.03143485770643507371 ) ) ;
#6732 = CARTESIAN_POINT ( 'NONE',  ( 0.1500000810000000073, -0.1220473100000000061, 0.01968505000000000602 ) ) ;
#6733 = DIRECTION ( 'NONE',  ( 0.000000000000000000, 0.000000000000000000, 1.000000000000000000 ) ) ;
#6734 = CARTESIAN_POINT ( 'NONE',  ( 0.1500000810000000073, -0.02952757499999999688, -0.05708664500000000530 ) ) ;
#6735 = EDGE_CURVE ( 'NONE', #3350, #5526, #2067, .T. ) ;
#6736 = CARTESIAN_POINT ( 'NONE',  ( -0.2950173702018015764, 0.04330711000000000976, -0.007784096638600814487 ) ) ;
#6737 = FILL_AREA_STYLE ('',( #1281 ) ) ;
#6738 = ORIENTED_EDGE ( 'NONE', *, *, #4858, .F. ) ;
#6739 = DIRECTION ( 'NONE',  ( -0.000000000000000000, 1.000000000000000000, -0.000000000000000000 ) ) ;
#6740 = DIRECTION ( 'NONE',  ( -0.000000000000000000, 1.000000000000000000, -0.000000000000000000 ) ) ;
#6741 = CARTESIAN_POINT ( 'NONE',  ( -0.2006744615699999623, -0.06594491749999999153, 0.02628673032544818003 ) ) ;
#6742 =( NAMED_UNIT ( * ) PLANE_ANGLE_UNIT ( ) SI_UNIT ( $, .RADIAN. ) );
#6743 = CARTESIAN_POINT ( 'NONE',  ( -0.2861317939763694529, 0.04527561499999999822, 0.02198008674612776311 ) ) ;
#6744 = FACE_OUTER_BOUND ( 'NONE', #1561, .T. ) ;
#6745 = VERTEX_POINT ( 'NONE', #1431 ) ;
#6746 = FACE_OUTER_BOUND ( 'NONE', #5119, .T. ) ;
#6747 = AXIS2_PLACEMENT_3D ( 'NONE', #1701, #188, #3922 ) ;
#6748 = FILL_AREA_STYLE_COLOUR ( '', #5008 ) ;
#6749 = ORIENTED_EDGE ( 'NONE', *, *, #4305, .F. ) ;
#6750 = CIRCLE ( 'NONE', #386, 0.03937010000000001203 ) ;
#6751 = VECTOR ( 'NONE', #4432, 39.37007874015748143 ) ;
#6752 = VECTOR ( 'NONE', #2129, 39.37007874015748143 ) ;
#6753 = VECTOR ( 'NONE', #4800, 39.37007874015748143 ) ;
#6754 = DIRECTION ( 'NONE',  ( 0.000000000000000000, -1.000000000000000000, 0.000000000000000000 ) ) ;
#6755 = ORIENTED_EDGE ( 'NONE', *, *, #2265, .T. ) ;
#6756 = DIRECTION ( 'NONE',  ( -0.000000000000000000, 1.000000000000000000, -0.000000000000000000 ) ) ;
#6757 = CARTESIAN_POINT ( 'NONE',  ( -0.2761897854340414349, 0.04527561499999999822, -0.01329027030338302863 ) ) ;
#6758 = COLOUR_RGB ( '',0.1019607843137254888, 0.1019607843137254888, 0.1019607843137254888 ) ;
#6759 = ORIENTED_EDGE ( 'NONE', *, *, #1031, .T. ) ;
#6760 = EDGE_CURVE ( 'NONE', #3348, #1504, #6338, .T. ) ;
#6761 = CARTESIAN_POINT ( 'NONE',  ( -0.2752862885010043947, 0.04527561499999997741, 0.008306392113689593446 ) ) ;
#6762 = VECTOR ( 'NONE', #4974, 39.37007874015748143 ) ;
#6763 = ADVANCED_FACE ( 'NONE', ( #6923 ), #29, .F. ) ;
#6764 = VERTEX_POINT ( 'NONE', #6413 ) ;
#6765 = CARTESIAN_POINT ( 'NONE',  ( -0.2881973463715414296, 0.04330710999999999589, -0.03169707030338302783 ) ) ;
#6766 = CARTESIAN_POINT ( 'NONE',  ( -0.05000002699999999550, -0.07223479225994784703, 5.409074136996869648E-05 ) ) ;
#6767 =( NAMED_UNIT ( * ) PLANE_ANGLE_UNIT ( ) SI_UNIT ( $, .RADIAN. ) );
#6768 = VECTOR ( 'NONE', #1535, 39.37007874015748143 ) ;
#6769 = CARTESIAN_POINT ( 'NONE',  ( 0.3008564521962766025, 0.04330710999999999589, 0.02812502969661697175 ) ) ;
#6770 = CARTESIAN_POINT ( 'NONE',  ( -0.1618111110000000352, -0.04527561499999999822, -0.06889767500000000544 ) ) ;
#6771 = FACE_OUTER_BOUND ( 'NONE', #4276, .T. ) ;
#6772 = CARTESIAN_POINT ( 'NONE',  ( -0.2972689268402914364, 0.04330710999999999589, -0.009383618740883028359 ) ) ;
#6773 = SURFACE_SIDE_STYLE ('',( #372 ) ) ;
#6774 = ORIENTED_EDGE ( 'NONE', *, *, #6477, .T. ) ;
#6775 = DIRECTION ( 'NONE',  ( 0.000000000000000000, 0.000000000000000000, -1.000000000000000000 ) ) ;
#6776 = VECTOR ( 'NONE', #1062, 39.37007874015748143 ) ;
#6777 = CARTESIAN_POINT ( 'NONE',  ( -0.1381890510000000072, -0.04527561499999999822, 0.05595963274136995375 ) ) ;
#6778 = DIRECTION ( 'NONE',  ( 0.000000000000000000, 0.000000000000000000, -1.000000000000000000 ) ) ;
#6779 = CARTESIAN_POINT ( 'NONE',  ( -0.2839372833564702825, 0.04527561500000000516, 0.02182536097030514030 ) ) ;
#6780 = ADVANCED_FACE ( 'NONE', ( #5934 ), #4884, .T. ) ;
#6781 = CARTESIAN_POINT ( 'NONE',  ( -0.03818899699999998842, -0.07223479225994784703, -0.05590554199999997476 ) ) ;
#6782 = AXIS2_PLACEMENT_3D ( 'NONE', #5055, #4464, #6136 ) ;
#6783 = DIMENSIONAL_EXPONENTS ( 1.000000000000000000, 0.000000000000000000, 0.000000000000000000, 0.000000000000000000, 0.000000000000000000, 0.000000000000000000, 0.000000000000000000 ) ;
#6784 = ORIENTED_EDGE ( 'NONE', *, *, #178, .T. ) ;
#6785 = MECHANICAL_DESIGN_GEOMETRIC_PRESENTATION_REPRESENTATION (  '', ( #2306 ), #6670 ) ;
#6786 = DIRECTION ( 'NONE',  ( 0.000000000000000000, 0.000000000000000000, -1.000000000000000000 ) ) ;
#6787 = CARTESIAN_POINT ( 'NONE',  ( -0.2776278166840414618, 0.04527561499999999822, -0.002409167178383031255 ) ) ;
#6788 = ORIENTED_EDGE ( 'NONE', *, *, #5962, .T. ) ;
#6789 = DIRECTION ( 'NONE',  ( 0.000000000000000000, 0.000000000000000000, 1.000000000000000000 ) ) ;
#6790 = EDGE_LOOP ( 'NONE', ( #3659, #6400, #6788, #450 ) ) ;
#6791 = CARTESIAN_POINT ( 'NONE',  ( 0.05000002699999999550, -0.04527561499999999822, 5.409074136996869648E-05 ) ) ;
#6792 = DIRECTION ( 'NONE',  ( -0.000000000000000000, 1.000000000000000000, -0.000000000000000000 ) ) ;
#6793 = CARTESIAN_POINT ( 'NONE',  ( -0.2685962008386617028, 0.04330710999999999589, 0.009347968799010203389 ) ) ;
#6794 = CIRCLE ( 'NONE', #3789, 0.03937010000000001203 ) ;
#6795 = UNCERTAINTY_MEASURE_WITH_UNIT (LENGTH_MEASURE( 1.000000000000000082E-05 ), #2041, 'distance_accuracy_value', 'NONE');
#6796 = ORIENTED_EDGE ( 'NONE', *, *, #9, .T. ) ;
#6797 = DIRECTION ( 'NONE',  ( -0.000000000000000000, 1.000000000000000000, -0.000000000000000000 ) ) ;
#6798 = PRESENTATION_STYLE_ASSIGNMENT (( #3688 ) ) ;
#6799 = ORIENTED_EDGE ( 'NONE', *, *, #6310, .T. ) ;
#6800 = CARTESIAN_POINT ( 'NONE',  ( -0.2757938692560801819, 0.04527561499999999128, 0.007271085165341731674 ) ) ;
#6801 = FILL_AREA_STYLE_COLOUR ( '', #5510 ) ;
#6802 = CARTESIAN_POINT ( 'NONE',  ( -0.2964456437994549276, 0.04330710999999998201, -0.001683482018620254027 ) ) ;
#6803 = DIRECTION ( 'NONE',  ( 0.000000000000000000, 0.000000000000000000, -1.000000000000000000 ) ) ;
#6804 = SURFACE_SIDE_STYLE ('',( #3442 ) ) ;
#6805 = LENGTH_MEASURE_WITH_UNIT ( LENGTH_MEASURE( 0.02539999999999999897 ), #433 );
#6806 = CLOSED_SHELL ( 'NONE', ( #694, #2393, #5804, #3955, #4572, #4770 ) ) ;
#6807 = ADVANCED_FACE ( 'NONE', ( #3180 ), #1640, .T. ) ;
#6808 = CARTESIAN_POINT ( 'NONE',  ( 0.2283465800000000212, -0.02952757499999999688, -0.06889767499999996381 ) ) ;
#6809 = EDGE_CURVE ( 'NONE', #2783, #4430, #846, .T. ) ;
#6810 = CARTESIAN_POINT ( 'NONE',  ( -0.2872360638707434077, 0.04527561499999999822, 0.02196913165237651677 ) ) ;
#6811 = ORIENTED_EDGE ( 'NONE', *, *, #4772, .F. ) ;
#6812 = CARTESIAN_POINT ( 'NONE',  ( 0.1500000810000000073, -0.1771654499999999743, 0.01968505000000000602 ) ) ;
#6813 = EDGE_CURVE ( 'NONE', #510, #2447, #3213, .T. ) ;
#6814 = CARTESIAN_POINT ( 'NONE',  ( -0.1500000810000000073, -0.1220473100000000061, 0.000000000000000000 ) ) ;
#6815 = ADVANCED_FACE ( 'NONE', ( #1150 ), #5899, .T. ) ;
#6816 = CYLINDRICAL_SURFACE ( 'NONE', #4202, 0.03937010000000000509 ) ;
#6817 = CARTESIAN_POINT ( 'NONE',  ( -0.2987778948085572095, 0.04330710999999999589, -0.01197544858108255846 ) ) ;
#6818 = CARTESIAN_POINT ( 'NONE',  ( -0.2843136312980406033, 0.04527561500000001210, -0.02442230082101217586 ) ) ;
#6819 = ORIENTED_EDGE ( 'NONE', *, *, #1921, .T. ) ;
#6820 = AXIS2_PLACEMENT_3D ( 'NONE', #3063, #961, #1551 ) ;
#6821 = FACE_OUTER_BOUND ( 'NONE', #5081, .T. ) ;
#6822 = CARTESIAN_POINT ( 'NONE',  ( 0.1500000810000000073, -0.1220473100000000061, 0.000000000000000000 ) ) ;
#6823 = AXIS2_PLACEMENT_3D ( 'NONE', #2812, #4513, #6598 ) ;
#6824 = MECHANICAL_DESIGN_GEOMETRIC_PRESENTATION_REPRESENTATION (  '', ( #2008 ), #449 ) ;
#6825 = ORIENTED_EDGE ( 'NONE', *, *, #654, .T. ) ;
#6826 = VECTOR ( 'NONE', #2562, 39.37007874015748143 ) ;
#6827 = SURFACE_STYLE_FILL_AREA ( #4602 ) ;
#6828 = DIRECTION ( 'NONE',  ( -0.000000000000000000, -1.000000000000000000, -0.000000000000000000 ) ) ;
#6829 = DIRECTION ( 'NONE',  ( 0.000000000000000000, 0.000000000000000000, 1.000000000000000000 ) ) ;
#6830 = AXIS2_PLACEMENT_3D ( 'NONE', #4965, #816, #4478 ) ;
#6831 = CARTESIAN_POINT ( 'NONE',  ( -0.05000002700000000244, -0.1771654499999999743, 0.02618111650000000054 ) ) ;
#6832 = VERTEX_POINT ( 'NONE', #1080 ) ;
#6833 = CARTESIAN_POINT ( 'NONE',  ( -0.2750827754685481463, 0.04527561500000000516, 0.01500837693904688228 ) ) ;
#6834 = COLOUR_RGB ( '',0.9686274509803921573, 0.8784313725490195957, 0.5999999999999999778 ) ;
#6835 = ORIENTED_EDGE ( 'NONE', *, *, #1719, .F. ) ;
#6836 = CARTESIAN_POINT ( 'NONE',  ( -0.3027403013186097391, 0.04330710999999999589, -0.02476117142142575736 ) ) ;
#6837 = CARTESIAN_POINT ( 'NONE',  ( 0.1500000809999999796, -0.04527561499999999822, 0.05719482648273993552 ) ) ;
#6838 = FACE_OUTER_BOUND ( 'NONE', #3216, .T. ) ;
#6839 = CIRCLE ( 'NONE', #800, 0.003937007874015741038 ) ;
#6840 = DIRECTION ( 'NONE',  ( 0.000000000000000000, 0.000000000000000000, -1.000000000000000000 ) ) ;
#6841 = DIRECTION ( 'NONE',  ( 0.000000000000000000, -0.000000000000000000, -1.000000000000000000 ) ) ;
#6842 = LINE ( 'NONE', #434, #6826 ) ;
#6843 = CARTESIAN_POINT ( 'NONE',  ( -0.3004734174735941288, 0.04527561499999999128, 0.01044682515558846732 ) ) ;
#6844 = ORIENTED_EDGE ( 'NONE', *, *, #3383, .T. ) ;
#6845 = CARTESIAN_POINT ( 'NONE',  ( -0.1500000810000000073, -0.1811024599999999929, 0.000000000000000000 ) ) ;
#6846 = DIRECTION ( 'NONE',  ( 0.000000000000000000, 0.000000000000000000, -1.000000000000000000 ) ) ;
#6847 = CARTESIAN_POINT ( 'NONE',  ( -0.3049572400681547224, 0.04527561499999999822, -0.01177159285942058764 ) ) ;
#6848 = ADVANCED_FACE ( 'NONE', ( #3791, #591 ), #4878, .T. ) ;
#6849 = DIRECTION ( 'NONE',  ( 0.000000000000000000, 1.000000000000000000, -0.000000000000000000 ) ) ;
#6850 = CARTESIAN_POINT ( 'NONE',  ( -0.3068355443488749446, 0.04527561499999997741, 0.009699153651421902819 ) ) ;
#6851 = EDGE_CURVE ( 'NONE', #3161, #2967, #2964, .T. ) ;
#6852 = ORIENTED_EDGE ( 'NONE', *, *, #3170, .F. ) ;
#6853 = EDGE_CURVE ( 'NONE', #3916, #975, #3892, .T. ) ;
#6854 = CARTESIAN_POINT ( 'NONE',  ( -0.2871188229340413955, 0.04527561499999999822, 0.02889197969661697063 ) ) ;
#6855 = VERTEX_POINT ( 'NONE', #1875 ) ;
#6856 = ORIENTED_EDGE ( 'NONE', *, *, #6477, .F. ) ;
#6857 = UNCERTAINTY_MEASURE_WITH_UNIT (LENGTH_MEASURE( 1.000000000000000082E-05 ), #4753, 'distance_accuracy_value', 'NONE');
#6858 = CARTESIAN_POINT ( 'NONE',  ( -0.05000002699999999550, -0.07223479225994784703, 5.409074136996869648E-05 ) ) ;
#6859 = CARTESIAN_POINT ( 'NONE',  ( 0.1500000810000000073, -0.1811024599999999929, -0.01968505000000000602 ) ) ;
#6860 = ADVANCED_FACE ( 'NONE', ( #5022 ), #695, .T. ) ;
#6861 = CARTESIAN_POINT ( 'NONE',  ( -0.2782956660228652623, 0.04527561499999999822, -0.02037011066956540342 ) ) ;
#6862 = EDGE_CURVE ( 'NONE', #2921, #3256, #5581, .T. ) ;
#6863 = AXIS2_PLACEMENT_3D ( 'NONE', #4466, #699, #2828 ) ;
#6864 = ORIENTED_EDGE ( 'NONE', *, *, #1631, .T. ) ;
#6865 = PRESENTATION_LAYER_ASSIGNMENT (  '', '', ( #603 ) ) ;
#6866 = DIRECTION ( 'NONE',  ( -0.000000000000000000, 1.000000000000000000, -0.000000000000000000 ) ) ;
#6867 = FACE_OUTER_BOUND ( 'NONE', #319, .T. ) ;
#6868 = VERTEX_POINT ( 'NONE', #6546 ) ;
#6869 = CARTESIAN_POINT ( 'NONE',  ( -0.2843992673026132789, 0.04527561499999999128, 0.002149892814663456088 ) ) ;
#6870 = AXIS2_PLACEMENT_3D ( 'NONE', #4026, #1343, #3987 ) ;
#6871 = CARTESIAN_POINT ( 'NONE',  ( 0.1500000810000000073, -0.1220473100000000061, 0.000000000000000000 ) ) ;
#6872 = DIMENSIONAL_EXPONENTS ( 1.000000000000000000, 0.000000000000000000, 0.000000000000000000, 0.000000000000000000, 0.000000000000000000, 0.000000000000000000, 0.000000000000000000 ) ;
#6873 =( NAMED_UNIT ( * ) SI_UNIT ( $, .STERADIAN. ) SOLID_ANGLE_UNIT ( ) );
#6874 = CARTESIAN_POINT ( 'NONE',  ( -0.2952520243805699107, 0.04527561499999999822, -0.03060709104170500003 ) ) ;
#6875 = DIRECTION ( 'NONE',  ( 0.000000000000000000, -1.000000000000000000, 0.000000000000000000 ) ) ;
#6876 = AXIS2_PLACEMENT_3D ( 'NONE', #2100, #1691, #2136 ) ;
#6877 = CARTESIAN_POINT ( 'NONE',  ( -0.2959263123492578140, 0.04330710999999999589, -0.008308123487875018753 ) ) ;
#6878 = CARTESIAN_POINT ( 'NONE',  ( -0.2937149988838455017, 0.04527561499999999822, 0.02036354144648471268 ) ) ;
#6879 = ORIENTED_EDGE ( 'NONE', *, *, #2604, .F. ) ;
#6880 = CARTESIAN_POINT ( 'NONE',  ( -0.1500000810000000073, -0.1220473100000000061, 0.000000000000000000 ) ) ;
#6881 = CARTESIAN_POINT ( 'NONE',  ( -0.2877954310000000460, 0.04527561499999999822, -0.05511813999999998215 ) ) ;
#6882 = LINE ( 'NONE', #3673, #3640 ) ;
#6883 = CARTESIAN_POINT ( 'NONE',  ( -0.2861688003128193825, 0.04330711000000000283, -0.005038782046647646146 ) ) ;
#6884 = CARTESIAN_POINT ( 'NONE',  ( -0.03818899699999998842, -0.07223479225994784703, -0.06889767499999997769 ) ) ;
#6885 = ORIENTED_EDGE ( 'NONE', *, *, #2997, .T. ) ;
#6886 = VECTOR ( 'NONE', #4320, 39.37007874015748143 ) ;
#6887 = EDGE_LOOP ( 'NONE', ( #212, #5461, #2610, #5649 ) ) ;
#6888 = TOROIDAL_SURFACE ( 'NONE', #3194, 0.02224410650000000975, 0.003937010000000000336 ) ;
#6889 = CYLINDRICAL_SURFACE ( 'NONE', #6343, 0.05708664500000004000 ) ;
#6890 = B_SPLINE_CURVE_WITH_KNOTS ( 'NONE', 3,
 ( #5262, #2036, #1020, #4199, #4269, #6327, #1511, #2101, #3666, #1999, #5811, #3727, #3125, #6874, #2137, #571, #4165, #4306, #6422 ),
 .UNSPECIFIED., .F., .F.,
 ( 4, 1, 1, 1, 1, 1, 1, 1, 1, 1, 1, 1, 1, 1, 1, 1, 4 ),
 ( 0.000000000000000000, 0.06553421244304731552, 0.1288270559297159945, 0.1899548512024729352, 0.2496480368191134613, 0.3082483091336509218, 0.3667963607881972177, 0.4255009350642028343, 0.4858920521208358045, 0.5466819835686081985, 0.6066869295489977221, 0.6675221296550222227, 0.7294256136805841173, 0.7931375186351564688, 0.8590270504025675491, 0.9276974320877985347, 1.000000000000000000 ),
 .UNSPECIFIED. ) ;
#6891 = CIRCLE ( 'NONE', #1747, 0.02913387400000000058 ) ;
#6892 = VERTEX_POINT ( 'NONE', #201 ) ;
#6893 = DIRECTION ( 'NONE',  ( -1.000000000000000000, 0.000000000000000000, 0.000000000000000000 ) ) ;
#6894 = VECTOR ( 'NONE', #6792, 39.37007874015748143 ) ;
#6895 = CARTESIAN_POINT ( 'NONE',  ( -0.2937149988838455017, 0.04330710999999999589, 0.02036354144648471268 ) ) ;
#6896 = CARTESIAN_POINT ( 'NONE',  ( 0.06181105699999998176, -0.02952757499999999688, 0.06889767499999997769 ) ) ;
#6897 = EDGE_CURVE ( 'NONE', #5468, #2605, #3420, .T. ) ;
#6898 = ORIENTED_EDGE ( 'NONE', *, *, #5355, .F. ) ;
#6899 = CARTESIAN_POINT ( 'NONE',  ( 0.3074234615712765906, 0.04527561499999999822, -0.03093012030338303242 ) ) ;
#6900 = DIRECTION ( 'NONE',  ( 0.000000000000000000, 0.000000000000000000, 1.000000000000000000 ) ) ;
#6901 = EDGE_LOOP ( 'NONE', ( #206, #6304 ) ) ;
#6902 = CARTESIAN_POINT ( 'NONE',  ( -0.2746558854340414579, 0.04330710999999999589, 0.01187527657161697135 ) ) ;
#6903 = AXIS2_PLACEMENT_3D ( 'NONE', #3307, #1275, #4447 ) ;
#6904 = CARTESIAN_POINT ( 'NONE',  ( 0.06181105699999999564, -0.04527561499999999822, 0.05590554199999997476 ) ) ;
#6905 = CARTESIAN_POINT ( 'NONE',  ( -0.3018114003607467732, 0.04330710999999999589, -0.005525733930809127378 ) ) ;
#6906 = CARTESIAN_POINT ( 'NONE',  ( -0.1500000810000000073, -0.1220473100000000061, 0.000000000000000000 ) ) ;
#6907 =( NAMED_UNIT ( * ) PLANE_ANGLE_UNIT ( ) SI_UNIT ( $, .RADIAN. ) );
#6908 = CARTESIAN_POINT ( 'NONE',  ( -0.05000002699999999550, -0.1220473100000000061, -0.03937009999999999121 ) ) ;
#6909 = CARTESIAN_POINT ( 'NONE',  ( -0.2986219419750341109, 0.04527561499999999128, 0.01589020907903221369 ) ) ;
#6910 = EDGE_LOOP ( 'NONE', ( #6879, #2711, #4739, #3856 ) ) ;
#6911 = CARTESIAN_POINT ( 'NONE',  ( -0.1618111109999999797, -0.04527561499999999822, 0.05595963274136995375 ) ) ;
#6912 = LINE ( 'NONE', #3065, #494 ) ;
#6913 = CARTESIAN_POINT ( 'NONE',  ( -0.2894076893402914297, 0.04527561499999999822, 0.0007065671966169690841 ) ) ;
#6914 = DIRECTION ( 'NONE',  ( -0.000000000000000000, 1.000000000000000000, -0.000000000000000000 ) ) ;
#6915 = CARTESIAN_POINT ( 'NONE',  ( -0.2877954310000000460, -0.09251973500000004735, -0.05905514999999998682 ) ) ;
#6916 = ORIENTED_EDGE ( 'NONE', *, *, #4522, .F. ) ;
#6917 = CARTESIAN_POINT ( 'NONE',  ( 0.05000002700000000244, -0.1771654499999999743, -0.02224410649999999587 ) ) ;
#6918 = ORIENTED_EDGE ( 'NONE', *, *, #2746, .T. ) ;
#6919 =( LENGTH_UNIT ( ) NAMED_UNIT ( * ) SI_UNIT ( $, .METRE. ) );
#6920 = ORIENTED_EDGE ( 'NONE', *, *, #5421, .T. ) ;
#6921 = COLOUR_RGB ( '',0.1019607843137254888, 0.1019607843137254888, 0.1019607843137254888 ) ;
#6922 = LINE ( 'NONE', #3179, #6601 ) ;
#6923 = FACE_OUTER_BOUND ( 'NONE', #4840, .T. ) ;
#6924 = CARTESIAN_POINT ( 'NONE',  ( -0.2877954310000000460, -0.1003937550000000151, 1.762238766916914599E-17 ) ) ;
#6925 = CIRCLE ( 'NONE', #5050, 0.05708664500000004000 ) ;
#6926 = ADVANCED_FACE ( 'NONE', ( #1847 ), #1221, .T. ) ;
#6927 = ORIENTED_EDGE ( 'NONE', *, *, #2354, .T. ) ;
#6928 = ADVANCED_FACE ( 'NONE', ( #2304 ), #6102, .T. ) ;
#6929 = CARTESIAN_POINT ( 'NONE',  ( -0.2283465799999999102, -0.02952757499999999688, 0.06889767499999997769 ) ) ;
#6930 = EDGE_CURVE ( 'NONE', #597, #1944, #851, .T. ) ;
#6931 = MECHANICAL_DESIGN_GEOMETRIC_PRESENTATION_REPRESENTATION (  '', ( #5054 ), #348 ) ;
#6932 = CARTESIAN_POINT ( 'NONE',  ( 0.03818899699999998842, -0.07223479225994784703, 0.06889767499999997769 ) ) ;
#6933 = VECTOR ( 'NONE', #2490, 39.37007874015748143 ) ;
ENDSEC;
END-ISO-10303-21;
